pipe_id,inner_diameter_mm,outer_diameter_mm,wall_thickness_mm,length_mm,cross_section_area_mm2,volume_liters,size_class,length_class,recommended_max_pressure_bar,material,surface_roughness_um,temperature_rating_c,notes
PIPE-00001,4,6.0,1.0,50,12.57,0.0006,Small,Short,12.0,Stainless Steel 316L,0.8,150,Small Short pipe for PU injection
PIPE-00002,4,6.0,1.0,60,12.57,0.0008,Small,Short,12.0,Stainless Steel 316L,0.8,150,Small Short pipe for PU injection
PIPE-00003,4,6.0,1.0,70,12.57,0.0009,Small,Short,12.0,Stainless Steel 316L,0.8,150,Small Short pipe for PU injection
PIPE-00004,4,6.0,1.0,80,12.57,0.001,Small,Short,12.0,Stainless Steel 316L,0.8,150,Small Short pipe for PU injection
PIPE-00005,4,6.0,1.0,90,12.57,0.0011,Small,Short,12.0,Stainless Steel 316L,0.8,150,Small Short pipe for PU injection
PIPE-00006,4,6.0,1.0,100,12.57,0.0013,Small,Short,12.0,Stainless Steel 316L,0.8,150,Small Short pipe for PU injection
PIPE-00007,4,6.0,1.0,110,12.57,0.0014,Small,Short,12.0,Stainless Steel 316L,0.8,150,Small Short pipe for PU injection
PIPE-00008,4,6.0,1.0,120,12.57,0.0015,Small,Short,12.0,Stainless Steel 316L,0.8,150,Small Short pipe for PU injection
PIPE-00009,4,6.0,1.0,130,12.57,0.0016,Small,Short,12.0,Stainless Steel 316L,0.8,150,Small Short pipe for PU injection
PIPE-00010,4,6.0,1.0,140,12.57,0.0018,Small,Short,12.0,Stainless Steel 316L,0.8,150,Small Short pipe for PU injection
PIPE-00011,4,6.0,1.0,150,12.57,0.0019,Small,Short,12.0,Stainless Steel 316L,0.8,150,Small Short pipe for PU injection
PIPE-00012,4,6.0,1.0,160,12.57,0.002,Small,Short,12.0,Stainless Steel 316L,0.8,150,Small Short pipe for PU injection
PIPE-00013,4,6.0,1.0,170,12.57,0.0021,Small,Short,12.0,Stainless Steel 316L,0.8,150,Small Short pipe for PU injection
PIPE-00014,4,6.0,1.0,180,12.57,0.0023,Small,Short,12.0,Stainless Steel 316L,0.8,150,Small Short pipe for PU injection
PIPE-00015,4,6.0,1.0,190,12.57,0.0024,Small,Short,12.0,Stainless Steel 316L,0.8,150,Small Short pipe for PU injection
PIPE-00016,4,6.0,1.0,200,12.57,0.0025,Small,Medium,12.0,Stainless Steel 316L,0.8,150,Small Medium pipe for PU injection
PIPE-00017,4,6.0,1.0,210,12.57,0.0026,Small,Medium,12.0,Stainless Steel 316L,0.8,150,Small Medium pipe for PU injection
PIPE-00018,4,6.0,1.0,220,12.57,0.0028,Small,Medium,12.0,Stainless Steel 316L,0.8,150,Small Medium pipe for PU injection
PIPE-00019,4,6.0,1.0,230,12.57,0.0029,Small,Medium,12.0,Stainless Steel 316L,0.8,150,Small Medium pipe for PU injection
PIPE-00020,4,6.0,1.0,240,12.57,0.003,Small,Medium,12.0,Stainless Steel 316L,0.8,150,Small Medium pipe for PU injection
PIPE-00021,4,6.0,1.0,250,12.57,0.0031,Small,Medium,12.0,Stainless Steel 316L,0.8,150,Small Medium pipe for PU injection
PIPE-00022,4,6.0,1.0,260,12.57,0.0033,Small,Medium,12.0,Stainless Steel 316L,0.8,150,Small Medium pipe for PU injection
PIPE-00023,4,6.0,1.0,270,12.57,0.0034,Small,Medium,12.0,Stainless Steel 316L,0.8,150,Small Medium pipe for PU injection
PIPE-00024,4,6.0,1.0,280,12.57,0.0035,Small,Medium,12.0,Stainless Steel 316L,0.8,150,Small Medium pipe for PU injection
PIPE-00025,4,6.0,1.0,290,12.57,0.0036,Small,Medium,12.0,Stainless Steel 316L,0.8,150,Small Medium pipe for PU injection
PIPE-00026,4,6.0,1.0,300,12.57,0.0038,Small,Medium,12.0,Stainless Steel 316L,0.8,150,Small Medium pipe for PU injection
PIPE-00027,4,6.0,1.0,310,12.57,0.0039,Small,Medium,12.0,Stainless Steel 316L,0.8,150,Small Medium pipe for PU injection
PIPE-00028,4,6.0,1.0,320,12.57,0.004,Small,Medium,12.0,Stainless Steel 316L,0.8,150,Small Medium pipe for PU injection
PIPE-00029,4,6.0,1.0,330,12.57,0.0041,Small,Medium,12.0,Stainless Steel 316L,0.8,150,Small Medium pipe for PU injection
PIPE-00030,4,6.0,1.0,340,12.57,0.0043,Small,Medium,12.0,Stainless Steel 316L,0.8,150,Small Medium pipe for PU injection
PIPE-00031,4,6.0,1.0,350,12.57,0.0044,Small,Medium,12.0,Stainless Steel 316L,0.8,150,Small Medium pipe for PU injection
PIPE-00032,4,6.0,1.0,360,12.57,0.0045,Small,Medium,12.0,Stainless Steel 316L,0.8,150,Small Medium pipe for PU injection
PIPE-00033,4,6.0,1.0,370,12.57,0.0046,Small,Medium,12.0,Stainless Steel 316L,0.8,150,Small Medium pipe for PU injection
PIPE-00034,4,6.0,1.0,380,12.57,0.0048,Small,Medium,12.0,Stainless Steel 316L,0.8,150,Small Medium pipe for PU injection
PIPE-00035,4,6.0,1.0,390,12.57,0.0049,Small,Medium,12.0,Stainless Steel 316L,0.8,150,Small Medium pipe for PU injection
PIPE-00036,4,6.0,1.0,400,12.57,0.005,Small,Medium,12.0,Stainless Steel 316L,0.8,150,Small Medium pipe for PU injection
PIPE-00037,4,6.0,1.0,410,12.57,0.0052,Small,Medium,12.0,Stainless Steel 316L,0.8,150,Small Medium pipe for PU injection
PIPE-00038,4,6.0,1.0,420,12.57,0.0053,Small,Medium,12.0,Stainless Steel 316L,0.8,150,Small Medium pipe for PU injection
PIPE-00039,4,6.0,1.0,430,12.57,0.0054,Small,Medium,12.0,Stainless Steel 316L,0.8,150,Small Medium pipe for PU injection
PIPE-00040,4,6.0,1.0,440,12.57,0.0055,Small,Medium,12.0,Stainless Steel 316L,0.8,150,Small Medium pipe for PU injection
PIPE-00041,4,6.0,1.0,450,12.57,0.0057,Small,Medium,12.0,Stainless Steel 316L,0.8,150,Small Medium pipe for PU injection
PIPE-00042,4,6.0,1.0,460,12.57,0.0058,Small,Medium,12.0,Stainless Steel 316L,0.8,150,Small Medium pipe for PU injection
PIPE-00043,4,6.0,1.0,470,12.57,0.0059,Small,Medium,12.0,Stainless Steel 316L,0.8,150,Small Medium pipe for PU injection
PIPE-00044,4,6.0,1.0,480,12.57,0.006,Small,Medium,12.0,Stainless Steel 316L,0.8,150,Small Medium pipe for PU injection
PIPE-00045,4,6.0,1.0,490,12.57,0.0062,Small,Medium,12.0,Stainless Steel 316L,0.8,150,Small Medium pipe for PU injection
PIPE-00046,4,6.0,1.0,500,12.57,0.0063,Small,Long,12.0,Stainless Steel 316L,0.8,150,Small Long pipe for PU injection
PIPE-00047,4,6.0,1.0,500,12.57,0.0063,Small,Long,12.0,Stainless Steel 316L,0.8,150,Small Long pipe for PU injection
PIPE-00048,4,6.0,1.0,525,12.57,0.0066,Small,Long,12.0,Stainless Steel 316L,0.8,150,Small Long pipe for PU injection
PIPE-00049,4,6.0,1.0,550,12.57,0.0069,Small,Long,12.0,Stainless Steel 316L,0.8,150,Small Long pipe for PU injection
PIPE-00050,4,6.0,1.0,575,12.57,0.0072,Small,Long,12.0,Stainless Steel 316L,0.8,150,Small Long pipe for PU injection
PIPE-00051,4,6.0,1.0,600,12.57,0.0075,Small,Long,12.0,Stainless Steel 316L,0.8,150,Small Long pipe for PU injection
PIPE-00052,4,6.0,1.0,625,12.57,0.0079,Small,Long,12.0,Stainless Steel 316L,0.8,150,Small Long pipe for PU injection
PIPE-00053,4,6.0,1.0,650,12.57,0.0082,Small,Long,12.0,Stainless Steel 316L,0.8,150,Small Long pipe for PU injection
PIPE-00054,4,6.0,1.0,675,12.57,0.0085,Small,Long,12.0,Stainless Steel 316L,0.8,150,Small Long pipe for PU injection
PIPE-00055,4,6.0,1.0,700,12.57,0.0088,Small,Long,12.0,Stainless Steel 316L,0.8,150,Small Long pipe for PU injection
PIPE-00056,4,6.0,1.0,725,12.57,0.0091,Small,Long,12.0,Stainless Steel 316L,0.8,150,Small Long pipe for PU injection
PIPE-00057,4,6.0,1.0,750,12.57,0.0094,Small,Long,12.0,Stainless Steel 316L,0.8,150,Small Long pipe for PU injection
PIPE-00058,4,6.0,1.0,775,12.57,0.0097,Small,Long,12.0,Stainless Steel 316L,0.8,150,Small Long pipe for PU injection
PIPE-00059,4,6.0,1.0,800,12.57,0.0101,Small,Long,12.0,Stainless Steel 316L,0.8,150,Small Long pipe for PU injection
PIPE-00060,4,6.0,1.0,825,12.57,0.0104,Small,Long,12.0,Stainless Steel 316L,0.8,150,Small Long pipe for PU injection
PIPE-00061,4,6.0,1.0,850,12.57,0.0107,Small,Long,12.0,Stainless Steel 316L,0.8,150,Small Long pipe for PU injection
PIPE-00062,4,6.0,1.0,875,12.57,0.011,Small,Long,12.0,Stainless Steel 316L,0.8,150,Small Long pipe for PU injection
PIPE-00063,4,6.0,1.0,900,12.57,0.0113,Small,Long,12.0,Stainless Steel 316L,0.8,150,Small Long pipe for PU injection
PIPE-00064,4,6.0,1.0,925,12.57,0.0116,Small,Long,12.0,Stainless Steel 316L,0.8,150,Small Long pipe for PU injection
PIPE-00065,4,6.0,1.0,950,12.57,0.0119,Small,Long,12.0,Stainless Steel 316L,0.8,150,Small Long pipe for PU injection
PIPE-00066,4,6.0,1.0,975,12.57,0.0123,Small,Long,12.0,Stainless Steel 316L,0.8,150,Small Long pipe for PU injection
PIPE-00067,4,6.0,1.0,1000,12.57,0.0126,Small,Extra Long,12.0,Stainless Steel 316L,0.8,150,Small Extra Long pipe for PU injection
PIPE-00068,4,6.0,1.0,1000,12.57,0.0126,Small,Extra Long,12.0,Stainless Steel 316L,0.8,150,Small Extra Long pipe for PU injection
PIPE-00069,4,6.0,1.0,1050,12.57,0.0132,Small,Extra Long,12.0,Stainless Steel 316L,0.8,150,Small Extra Long pipe for PU injection
PIPE-00070,4,6.0,1.0,1100,12.57,0.0138,Small,Extra Long,12.0,Stainless Steel 316L,0.8,150,Small Extra Long pipe for PU injection
PIPE-00071,4,6.0,1.0,1150,12.57,0.0145,Small,Extra Long,12.0,Stainless Steel 316L,0.8,150,Small Extra Long pipe for PU injection
PIPE-00072,4,6.0,1.0,1200,12.57,0.0151,Small,Extra Long,12.0,Stainless Steel 316L,0.8,150,Small Extra Long pipe for PU injection
PIPE-00073,4,6.0,1.0,1250,12.57,0.0157,Small,Extra Long,12.0,Stainless Steel 316L,0.8,150,Small Extra Long pipe for PU injection
PIPE-00074,4,6.0,1.0,1300,12.57,0.0163,Small,Extra Long,12.0,Stainless Steel 316L,0.8,150,Small Extra Long pipe for PU injection
PIPE-00075,4,6.0,1.0,1350,12.57,0.017,Small,Extra Long,12.0,Stainless Steel 316L,0.8,150,Small Extra Long pipe for PU injection
PIPE-00076,4,6.0,1.0,1400,12.57,0.0176,Small,Extra Long,12.0,Stainless Steel 316L,0.8,150,Small Extra Long pipe for PU injection
PIPE-00077,4,6.0,1.0,1450,12.57,0.0182,Small,Extra Long,12.0,Stainless Steel 316L,0.8,150,Small Extra Long pipe for PU injection
PIPE-00078,4,6.0,1.0,1500,12.57,0.0188,Small,Extra Long,12.0,Stainless Steel 316L,0.8,150,Small Extra Long pipe for PU injection
PIPE-00079,4,6.0,1.0,1550,12.57,0.0195,Small,Extra Long,12.0,Stainless Steel 316L,0.8,150,Small Extra Long pipe for PU injection
PIPE-00080,4,6.0,1.0,1600,12.57,0.0201,Small,Extra Long,12.0,Stainless Steel 316L,0.8,150,Small Extra Long pipe for PU injection
PIPE-00081,4,6.0,1.0,1650,12.57,0.0207,Small,Extra Long,12.0,Stainless Steel 316L,0.8,150,Small Extra Long pipe for PU injection
PIPE-00082,4,6.0,1.0,1700,12.57,0.0214,Small,Extra Long,12.0,Stainless Steel 316L,0.8,150,Small Extra Long pipe for PU injection
PIPE-00083,4,6.0,1.0,1750,12.57,0.022,Small,Extra Long,12.0,Stainless Steel 316L,0.8,150,Small Extra Long pipe for PU injection
PIPE-00084,4,6.0,1.0,1800,12.57,0.0226,Small,Extra Long,12.0,Stainless Steel 316L,0.8,150,Small Extra Long pipe for PU injection
PIPE-00085,4,6.0,1.0,1850,12.57,0.0232,Small,Extra Long,12.0,Stainless Steel 316L,0.8,150,Small Extra Long pipe for PU injection
PIPE-00086,4,6.0,1.0,1900,12.57,0.0239,Small,Extra Long,12.0,Stainless Steel 316L,0.8,150,Small Extra Long pipe for PU injection
PIPE-00087,4,6.0,1.0,1950,12.57,0.0245,Small,Extra Long,12.0,Stainless Steel 316L,0.8,150,Small Extra Long pipe for PU injection
PIPE-00088,4,6.0,1.0,2000,12.57,0.0251,Small,Extra Long,12.0,Stainless Steel 316L,0.8,150,Small Extra Long pipe for PU injection
PIPE-00089,5,7.0,1.0,50,19.63,0.001,Small,Short,12.0,Stainless Steel 316L,0.8,150,Small Short pipe for PU injection
PIPE-00090,5,7.0,1.0,60,19.63,0.0012,Small,Short,12.0,Stainless Steel 316L,0.8,150,Small Short pipe for PU injection
PIPE-00091,5,7.0,1.0,70,19.63,0.0014,Small,Short,12.0,Stainless Steel 316L,0.8,150,Small Short pipe for PU injection
PIPE-00092,5,7.0,1.0,80,19.63,0.0016,Small,Short,12.0,Stainless Steel 316L,0.8,150,Small Short pipe for PU injection
PIPE-00093,5,7.0,1.0,90,19.63,0.0018,Small,Short,12.0,Stainless Steel 316L,0.8,150,Small Short pipe for PU injection
PIPE-00094,5,7.0,1.0,100,19.63,0.002,Small,Short,12.0,Stainless Steel 316L,0.8,150,Small Short pipe for PU injection
PIPE-00095,5,7.0,1.0,110,19.63,0.0022,Small,Short,12.0,Stainless Steel 316L,0.8,150,Small Short pipe for PU injection
PIPE-00096,5,7.0,1.0,120,19.63,0.0024,Small,Short,12.0,Stainless Steel 316L,0.8,150,Small Short pipe for PU injection
PIPE-00097,5,7.0,1.0,130,19.63,0.0026,Small,Short,12.0,Stainless Steel 316L,0.8,150,Small Short pipe for PU injection
PIPE-00098,5,7.0,1.0,140,19.63,0.0027,Small,Short,12.0,Stainless Steel 316L,0.8,150,Small Short pipe for PU injection
PIPE-00099,5,7.0,1.0,150,19.63,0.0029,Small,Short,12.0,Stainless Steel 316L,0.8,150,Small Short pipe for PU injection
PIPE-00100,5,7.0,1.0,160,19.63,0.0031,Small,Short,12.0,Stainless Steel 316L,0.8,150,Small Short pipe for PU injection
PIPE-00101,5,7.0,1.0,170,19.63,0.0033,Small,Short,12.0,Stainless Steel 316L,0.8,150,Small Short pipe for PU injection
PIPE-00102,5,7.0,1.0,180,19.63,0.0035,Small,Short,12.0,Stainless Steel 316L,0.8,150,Small Short pipe for PU injection
PIPE-00103,5,7.0,1.0,190,19.63,0.0037,Small,Short,12.0,Stainless Steel 316L,0.8,150,Small Short pipe for PU injection
PIPE-00104,5,7.0,1.0,200,19.63,0.0039,Small,Medium,12.0,Stainless Steel 316L,0.8,150,Small Medium pipe for PU injection
PIPE-00105,5,7.0,1.0,210,19.63,0.0041,Small,Medium,12.0,Stainless Steel 316L,0.8,150,Small Medium pipe for PU injection
PIPE-00106,5,7.0,1.0,220,19.63,0.0043,Small,Medium,12.0,Stainless Steel 316L,0.8,150,Small Medium pipe for PU injection
PIPE-00107,5,7.0,1.0,230,19.63,0.0045,Small,Medium,12.0,Stainless Steel 316L,0.8,150,Small Medium pipe for PU injection
PIPE-00108,5,7.0,1.0,240,19.63,0.0047,Small,Medium,12.0,Stainless Steel 316L,0.8,150,Small Medium pipe for PU injection
PIPE-00109,5,7.0,1.0,250,19.63,0.0049,Small,Medium,12.0,Stainless Steel 316L,0.8,150,Small Medium pipe for PU injection
PIPE-00110,5,7.0,1.0,260,19.63,0.0051,Small,Medium,12.0,Stainless Steel 316L,0.8,150,Small Medium pipe for PU injection
PIPE-00111,5,7.0,1.0,270,19.63,0.0053,Small,Medium,12.0,Stainless Steel 316L,0.8,150,Small Medium pipe for PU injection
PIPE-00112,5,7.0,1.0,280,19.63,0.0055,Small,Medium,12.0,Stainless Steel 316L,0.8,150,Small Medium pipe for PU injection
PIPE-00113,5,7.0,1.0,290,19.63,0.0057,Small,Medium,12.0,Stainless Steel 316L,0.8,150,Small Medium pipe for PU injection
PIPE-00114,5,7.0,1.0,300,19.63,0.0059,Small,Medium,12.0,Stainless Steel 316L,0.8,150,Small Medium pipe for PU injection
PIPE-00115,5,7.0,1.0,310,19.63,0.0061,Small,Medium,12.0,Stainless Steel 316L,0.8,150,Small Medium pipe for PU injection
PIPE-00116,5,7.0,1.0,320,19.63,0.0063,Small,Medium,12.0,Stainless Steel 316L,0.8,150,Small Medium pipe for PU injection
PIPE-00117,5,7.0,1.0,330,19.63,0.0065,Small,Medium,12.0,Stainless Steel 316L,0.8,150,Small Medium pipe for PU injection
PIPE-00118,5,7.0,1.0,340,19.63,0.0067,Small,Medium,12.0,Stainless Steel 316L,0.8,150,Small Medium pipe for PU injection
PIPE-00119,5,7.0,1.0,350,19.63,0.0069,Small,Medium,12.0,Stainless Steel 316L,0.8,150,Small Medium pipe for PU injection
PIPE-00120,5,7.0,1.0,360,19.63,0.0071,Small,Medium,12.0,Stainless Steel 316L,0.8,150,Small Medium pipe for PU injection
PIPE-00121,5,7.0,1.0,370,19.63,0.0073,Small,Medium,12.0,Stainless Steel 316L,0.8,150,Small Medium pipe for PU injection
PIPE-00122,5,7.0,1.0,380,19.63,0.0075,Small,Medium,12.0,Stainless Steel 316L,0.8,150,Small Medium pipe for PU injection
PIPE-00123,5,7.0,1.0,390,19.63,0.0077,Small,Medium,12.0,Stainless Steel 316L,0.8,150,Small Medium pipe for PU injection
PIPE-00124,5,7.0,1.0,400,19.63,0.0079,Small,Medium,12.0,Stainless Steel 316L,0.8,150,Small Medium pipe for PU injection
PIPE-00125,5,7.0,1.0,410,19.63,0.0081,Small,Medium,12.0,Stainless Steel 316L,0.8,150,Small Medium pipe for PU injection
PIPE-00126,5,7.0,1.0,420,19.63,0.0082,Small,Medium,12.0,Stainless Steel 316L,0.8,150,Small Medium pipe for PU injection
PIPE-00127,5,7.0,1.0,430,19.63,0.0084,Small,Medium,12.0,Stainless Steel 316L,0.8,150,Small Medium pipe for PU injection
PIPE-00128,5,7.0,1.0,440,19.63,0.0086,Small,Medium,12.0,Stainless Steel 316L,0.8,150,Small Medium pipe for PU injection
PIPE-00129,5,7.0,1.0,450,19.63,0.0088,Small,Medium,12.0,Stainless Steel 316L,0.8,150,Small Medium pipe for PU injection
PIPE-00130,5,7.0,1.0,460,19.63,0.009,Small,Medium,12.0,Stainless Steel 316L,0.8,150,Small Medium pipe for PU injection
PIPE-00131,5,7.0,1.0,470,19.63,0.0092,Small,Medium,12.0,Stainless Steel 316L,0.8,150,Small Medium pipe for PU injection
PIPE-00132,5,7.0,1.0,480,19.63,0.0094,Small,Medium,12.0,Stainless Steel 316L,0.8,150,Small Medium pipe for PU injection
PIPE-00133,5,7.0,1.0,490,19.63,0.0096,Small,Medium,12.0,Stainless Steel 316L,0.8,150,Small Medium pipe for PU injection
PIPE-00134,5,7.0,1.0,500,19.63,0.0098,Small,Long,12.0,Stainless Steel 316L,0.8,150,Small Long pipe for PU injection
PIPE-00135,5,7.0,1.0,500,19.63,0.0098,Small,Long,12.0,Stainless Steel 316L,0.8,150,Small Long pipe for PU injection
PIPE-00136,5,7.0,1.0,525,19.63,0.0103,Small,Long,12.0,Stainless Steel 316L,0.8,150,Small Long pipe for PU injection
PIPE-00137,5,7.0,1.0,550,19.63,0.0108,Small,Long,12.0,Stainless Steel 316L,0.8,150,Small Long pipe for PU injection
PIPE-00138,5,7.0,1.0,575,19.63,0.0113,Small,Long,12.0,Stainless Steel 316L,0.8,150,Small Long pipe for PU injection
PIPE-00139,5,7.0,1.0,600,19.63,0.0118,Small,Long,12.0,Stainless Steel 316L,0.8,150,Small Long pipe for PU injection
PIPE-00140,5,7.0,1.0,625,19.63,0.0123,Small,Long,12.0,Stainless Steel 316L,0.8,150,Small Long pipe for PU injection
PIPE-00141,5,7.0,1.0,650,19.63,0.0128,Small,Long,12.0,Stainless Steel 316L,0.8,150,Small Long pipe for PU injection
PIPE-00142,5,7.0,1.0,675,19.63,0.0133,Small,Long,12.0,Stainless Steel 316L,0.8,150,Small Long pipe for PU injection
PIPE-00143,5,7.0,1.0,700,19.63,0.0137,Small,Long,12.0,Stainless Steel 316L,0.8,150,Small Long pipe for PU injection
PIPE-00144,5,7.0,1.0,725,19.63,0.0142,Small,Long,12.0,Stainless Steel 316L,0.8,150,Small Long pipe for PU injection
PIPE-00145,5,7.0,1.0,750,19.63,0.0147,Small,Long,12.0,Stainless Steel 316L,0.8,150,Small Long pipe for PU injection
PIPE-00146,5,7.0,1.0,775,19.63,0.0152,Small,Long,12.0,Stainless Steel 316L,0.8,150,Small Long pipe for PU injection
PIPE-00147,5,7.0,1.0,800,19.63,0.0157,Small,Long,12.0,Stainless Steel 316L,0.8,150,Small Long pipe for PU injection
PIPE-00148,5,7.0,1.0,825,19.63,0.0162,Small,Long,12.0,Stainless Steel 316L,0.8,150,Small Long pipe for PU injection
PIPE-00149,5,7.0,1.0,850,19.63,0.0167,Small,Long,12.0,Stainless Steel 316L,0.8,150,Small Long pipe for PU injection
PIPE-00150,5,7.0,1.0,875,19.63,0.0172,Small,Long,12.0,Stainless Steel 316L,0.8,150,Small Long pipe for PU injection
PIPE-00151,5,7.0,1.0,900,19.63,0.0177,Small,Long,12.0,Stainless Steel 316L,0.8,150,Small Long pipe for PU injection
PIPE-00152,5,7.0,1.0,925,19.63,0.0182,Small,Long,12.0,Stainless Steel 316L,0.8,150,Small Long pipe for PU injection
PIPE-00153,5,7.0,1.0,950,19.63,0.0187,Small,Long,12.0,Stainless Steel 316L,0.8,150,Small Long pipe for PU injection
PIPE-00154,5,7.0,1.0,975,19.63,0.0191,Small,Long,12.0,Stainless Steel 316L,0.8,150,Small Long pipe for PU injection
PIPE-00155,5,7.0,1.0,1000,19.63,0.0196,Small,Extra Long,12.0,Stainless Steel 316L,0.8,150,Small Extra Long pipe for PU injection
PIPE-00156,5,7.0,1.0,1000,19.63,0.0196,Small,Extra Long,12.0,Stainless Steel 316L,0.8,150,Small Extra Long pipe for PU injection
PIPE-00157,5,7.0,1.0,1050,19.63,0.0206,Small,Extra Long,12.0,Stainless Steel 316L,0.8,150,Small Extra Long pipe for PU injection
PIPE-00158,5,7.0,1.0,1100,19.63,0.0216,Small,Extra Long,12.0,Stainless Steel 316L,0.8,150,Small Extra Long pipe for PU injection
PIPE-00159,5,7.0,1.0,1150,19.63,0.0226,Small,Extra Long,12.0,Stainless Steel 316L,0.8,150,Small Extra Long pipe for PU injection
PIPE-00160,5,7.0,1.0,1200,19.63,0.0236,Small,Extra Long,12.0,Stainless Steel 316L,0.8,150,Small Extra Long pipe for PU injection
PIPE-00161,5,7.0,1.0,1250,19.63,0.0245,Small,Extra Long,12.0,Stainless Steel 316L,0.8,150,Small Extra Long pipe for PU injection
PIPE-00162,5,7.0,1.0,1300,19.63,0.0255,Small,Extra Long,12.0,Stainless Steel 316L,0.8,150,Small Extra Long pipe for PU injection
PIPE-00163,5,7.0,1.0,1350,19.63,0.0265,Small,Extra Long,12.0,Stainless Steel 316L,0.8,150,Small Extra Long pipe for PU injection
PIPE-00164,5,7.0,1.0,1400,19.63,0.0275,Small,Extra Long,12.0,Stainless Steel 316L,0.8,150,Small Extra Long pipe for PU injection
PIPE-00165,5,7.0,1.0,1450,19.63,0.0285,Small,Extra Long,12.0,Stainless Steel 316L,0.8,150,Small Extra Long pipe for PU injection
PIPE-00166,5,7.0,1.0,1500,19.63,0.0295,Small,Extra Long,12.0,Stainless Steel 316L,0.8,150,Small Extra Long pipe for PU injection
PIPE-00167,5,7.0,1.0,1550,19.63,0.0304,Small,Extra Long,12.0,Stainless Steel 316L,0.8,150,Small Extra Long pipe for PU injection
PIPE-00168,5,7.0,1.0,1600,19.63,0.0314,Small,Extra Long,12.0,Stainless Steel 316L,0.8,150,Small Extra Long pipe for PU injection
PIPE-00169,5,7.0,1.0,1650,19.63,0.0324,Small,Extra Long,12.0,Stainless Steel 316L,0.8,150,Small Extra Long pipe for PU injection
PIPE-00170,5,7.0,1.0,1700,19.63,0.0334,Small,Extra Long,12.0,Stainless Steel 316L,0.8,150,Small Extra Long pipe for PU injection
PIPE-00171,5,7.0,1.0,1750,19.63,0.0344,Small,Extra Long,12.0,Stainless Steel 316L,0.8,150,Small Extra Long pipe for PU injection
PIPE-00172,5,7.0,1.0,1800,19.63,0.0353,Small,Extra Long,12.0,Stainless Steel 316L,0.8,150,Small Extra Long pipe for PU injection
PIPE-00173,5,7.0,1.0,1850,19.63,0.0363,Small,Extra Long,12.0,Stainless Steel 316L,0.8,150,Small Extra Long pipe for PU injection
PIPE-00174,5,7.0,1.0,1900,19.63,0.0373,Small,Extra Long,12.0,Stainless Steel 316L,0.8,150,Small Extra Long pipe for PU injection
PIPE-00175,5,7.0,1.0,1950,19.63,0.0383,Small,Extra Long,12.0,Stainless Steel 316L,0.8,150,Small Extra Long pipe for PU injection
PIPE-00176,5,7.0,1.0,2000,19.63,0.0393,Small,Extra Long,12.0,Stainless Steel 316L,0.8,150,Small Extra Long pipe for PU injection
PIPE-00177,6,8.0,1.0,50,28.27,0.0014,Small,Short,12.0,Stainless Steel 316L,0.8,150,Small Short pipe for PU injection
PIPE-00178,6,8.0,1.0,60,28.27,0.0017,Small,Short,12.0,Stainless Steel 316L,0.8,150,Small Short pipe for PU injection
PIPE-00179,6,8.0,1.0,70,28.27,0.002,Small,Short,12.0,Stainless Steel 316L,0.8,150,Small Short pipe for PU injection
PIPE-00180,6,8.0,1.0,80,28.27,0.0023,Small,Short,12.0,Stainless Steel 316L,0.8,150,Small Short pipe for PU injection
PIPE-00181,6,8.0,1.0,90,28.27,0.0025,Small,Short,12.0,Stainless Steel 316L,0.8,150,Small Short pipe for PU injection
PIPE-00182,6,8.0,1.0,100,28.27,0.0028,Small,Short,12.0,Stainless Steel 316L,0.8,150,Small Short pipe for PU injection
PIPE-00183,6,8.0,1.0,110,28.27,0.0031,Small,Short,12.0,Stainless Steel 316L,0.8,150,Small Short pipe for PU injection
PIPE-00184,6,8.0,1.0,120,28.27,0.0034,Small,Short,12.0,Stainless Steel 316L,0.8,150,Small Short pipe for PU injection
PIPE-00185,6,8.0,1.0,130,28.27,0.0037,Small,Short,12.0,Stainless Steel 316L,0.8,150,Small Short pipe for PU injection
PIPE-00186,6,8.0,1.0,140,28.27,0.004,Small,Short,12.0,Stainless Steel 316L,0.8,150,Small Short pipe for PU injection
PIPE-00187,6,8.0,1.0,150,28.27,0.0042,Small,Short,12.0,Stainless Steel 316L,0.8,150,Small Short pipe for PU injection
PIPE-00188,6,8.0,1.0,160,28.27,0.0045,Small,Short,12.0,Stainless Steel 316L,0.8,150,Small Short pipe for PU injection
PIPE-00189,6,8.0,1.0,170,28.27,0.0048,Small,Short,12.0,Stainless Steel 316L,0.8,150,Small Short pipe for PU injection
PIPE-00190,6,8.0,1.0,180,28.27,0.0051,Small,Short,12.0,Stainless Steel 316L,0.8,150,Small Short pipe for PU injection
PIPE-00191,6,8.0,1.0,190,28.27,0.0054,Small,Short,12.0,Stainless Steel 316L,0.8,150,Small Short pipe for PU injection
PIPE-00192,6,8.0,1.0,200,28.27,0.0057,Small,Medium,12.0,Stainless Steel 316L,0.8,150,Small Medium pipe for PU injection
PIPE-00193,6,8.0,1.0,210,28.27,0.0059,Small,Medium,12.0,Stainless Steel 316L,0.8,150,Small Medium pipe for PU injection
PIPE-00194,6,8.0,1.0,220,28.27,0.0062,Small,Medium,12.0,Stainless Steel 316L,0.8,150,Small Medium pipe for PU injection
PIPE-00195,6,8.0,1.0,230,28.27,0.0065,Small,Medium,12.0,Stainless Steel 316L,0.8,150,Small Medium pipe for PU injection
PIPE-00196,6,8.0,1.0,240,28.27,0.0068,Small,Medium,12.0,Stainless Steel 316L,0.8,150,Small Medium pipe for PU injection
PIPE-00197,6,8.0,1.0,250,28.27,0.0071,Small,Medium,12.0,Stainless Steel 316L,0.8,150,Small Medium pipe for PU injection
PIPE-00198,6,8.0,1.0,260,28.27,0.0074,Small,Medium,12.0,Stainless Steel 316L,0.8,150,Small Medium pipe for PU injection
PIPE-00199,6,8.0,1.0,270,28.27,0.0076,Small,Medium,12.0,Stainless Steel 316L,0.8,150,Small Medium pipe for PU injection
PIPE-00200,6,8.0,1.0,280,28.27,0.0079,Small,Medium,12.0,Stainless Steel 316L,0.8,150,Small Medium pipe for PU injection
PIPE-00201,6,8.0,1.0,290,28.27,0.0082,Small,Medium,12.0,Stainless Steel 316L,0.8,150,Small Medium pipe for PU injection
PIPE-00202,6,8.0,1.0,300,28.27,0.0085,Small,Medium,12.0,Stainless Steel 316L,0.8,150,Small Medium pipe for PU injection
PIPE-00203,6,8.0,1.0,310,28.27,0.0088,Small,Medium,12.0,Stainless Steel 316L,0.8,150,Small Medium pipe for PU injection
PIPE-00204,6,8.0,1.0,320,28.27,0.009,Small,Medium,12.0,Stainless Steel 316L,0.8,150,Small Medium pipe for PU injection
PIPE-00205,6,8.0,1.0,330,28.27,0.0093,Small,Medium,12.0,Stainless Steel 316L,0.8,150,Small Medium pipe for PU injection
PIPE-00206,6,8.0,1.0,340,28.27,0.0096,Small,Medium,12.0,Stainless Steel 316L,0.8,150,Small Medium pipe for PU injection
PIPE-00207,6,8.0,1.0,350,28.27,0.0099,Small,Medium,12.0,Stainless Steel 316L,0.8,150,Small Medium pipe for PU injection
PIPE-00208,6,8.0,1.0,360,28.27,0.0102,Small,Medium,12.0,Stainless Steel 316L,0.8,150,Small Medium pipe for PU injection
PIPE-00209,6,8.0,1.0,370,28.27,0.0105,Small,Medium,12.0,Stainless Steel 316L,0.8,150,Small Medium pipe for PU injection
PIPE-00210,6,8.0,1.0,380,28.27,0.0107,Small,Medium,12.0,Stainless Steel 316L,0.8,150,Small Medium pipe for PU injection
PIPE-00211,6,8.0,1.0,390,28.27,0.011,Small,Medium,12.0,Stainless Steel 316L,0.8,150,Small Medium pipe for PU injection
PIPE-00212,6,8.0,1.0,400,28.27,0.0113,Small,Medium,12.0,Stainless Steel 316L,0.8,150,Small Medium pipe for PU injection
PIPE-00213,6,8.0,1.0,410,28.27,0.0116,Small,Medium,12.0,Stainless Steel 316L,0.8,150,Small Medium pipe for PU injection
PIPE-00214,6,8.0,1.0,420,28.27,0.0119,Small,Medium,12.0,Stainless Steel 316L,0.8,150,Small Medium pipe for PU injection
PIPE-00215,6,8.0,1.0,430,28.27,0.0122,Small,Medium,12.0,Stainless Steel 316L,0.8,150,Small Medium pipe for PU injection
PIPE-00216,6,8.0,1.0,440,28.27,0.0124,Small,Medium,12.0,Stainless Steel 316L,0.8,150,Small Medium pipe for PU injection
PIPE-00217,6,8.0,1.0,450,28.27,0.0127,Small,Medium,12.0,Stainless Steel 316L,0.8,150,Small Medium pipe for PU injection
PIPE-00218,6,8.0,1.0,460,28.27,0.013,Small,Medium,12.0,Stainless Steel 316L,0.8,150,Small Medium pipe for PU injection
PIPE-00219,6,8.0,1.0,470,28.27,0.0133,Small,Medium,12.0,Stainless Steel 316L,0.8,150,Small Medium pipe for PU injection
PIPE-00220,6,8.0,1.0,480,28.27,0.0136,Small,Medium,12.0,Stainless Steel 316L,0.8,150,Small Medium pipe for PU injection
PIPE-00221,6,8.0,1.0,490,28.27,0.0139,Small,Medium,12.0,Stainless Steel 316L,0.8,150,Small Medium pipe for PU injection
PIPE-00222,6,8.0,1.0,500,28.27,0.0141,Small,Long,12.0,Stainless Steel 316L,0.8,150,Small Long pipe for PU injection
PIPE-00223,6,8.0,1.0,500,28.27,0.0141,Small,Long,12.0,Stainless Steel 316L,0.8,150,Small Long pipe for PU injection
PIPE-00224,6,8.0,1.0,525,28.27,0.0148,Small,Long,12.0,Stainless Steel 316L,0.8,150,Small Long pipe for PU injection
PIPE-00225,6,8.0,1.0,550,28.27,0.0156,Small,Long,12.0,Stainless Steel 316L,0.8,150,Small Long pipe for PU injection
PIPE-00226,6,8.0,1.0,575,28.27,0.0163,Small,Long,12.0,Stainless Steel 316L,0.8,150,Small Long pipe for PU injection
PIPE-00227,6,8.0,1.0,600,28.27,0.017,Small,Long,12.0,Stainless Steel 316L,0.8,150,Small Long pipe for PU injection
PIPE-00228,6,8.0,1.0,625,28.27,0.0177,Small,Long,12.0,Stainless Steel 316L,0.8,150,Small Long pipe for PU injection
PIPE-00229,6,8.0,1.0,650,28.27,0.0184,Small,Long,12.0,Stainless Steel 316L,0.8,150,Small Long pipe for PU injection
PIPE-00230,6,8.0,1.0,675,28.27,0.0191,Small,Long,12.0,Stainless Steel 316L,0.8,150,Small Long pipe for PU injection
PIPE-00231,6,8.0,1.0,700,28.27,0.0198,Small,Long,12.0,Stainless Steel 316L,0.8,150,Small Long pipe for PU injection
PIPE-00232,6,8.0,1.0,725,28.27,0.0205,Small,Long,12.0,Stainless Steel 316L,0.8,150,Small Long pipe for PU injection
PIPE-00233,6,8.0,1.0,750,28.27,0.0212,Small,Long,12.0,Stainless Steel 316L,0.8,150,Small Long pipe for PU injection
PIPE-00234,6,8.0,1.0,775,28.27,0.0219,Small,Long,12.0,Stainless Steel 316L,0.8,150,Small Long pipe for PU injection
PIPE-00235,6,8.0,1.0,800,28.27,0.0226,Small,Long,12.0,Stainless Steel 316L,0.8,150,Small Long pipe for PU injection
PIPE-00236,6,8.0,1.0,825,28.27,0.0233,Small,Long,12.0,Stainless Steel 316L,0.8,150,Small Long pipe for PU injection
PIPE-00237,6,8.0,1.0,850,28.27,0.024,Small,Long,12.0,Stainless Steel 316L,0.8,150,Small Long pipe for PU injection
PIPE-00238,6,8.0,1.0,875,28.27,0.0247,Small,Long,12.0,Stainless Steel 316L,0.8,150,Small Long pipe for PU injection
PIPE-00239,6,8.0,1.0,900,28.27,0.0254,Small,Long,12.0,Stainless Steel 316L,0.8,150,Small Long pipe for PU injection
PIPE-00240,6,8.0,1.0,925,28.27,0.0262,Small,Long,12.0,Stainless Steel 316L,0.8,150,Small Long pipe for PU injection
PIPE-00241,6,8.0,1.0,950,28.27,0.0269,Small,Long,12.0,Stainless Steel 316L,0.8,150,Small Long pipe for PU injection
PIPE-00242,6,8.0,1.0,975,28.27,0.0276,Small,Long,12.0,Stainless Steel 316L,0.8,150,Small Long pipe for PU injection
PIPE-00243,6,8.0,1.0,1000,28.27,0.0283,Small,Extra Long,12.0,Stainless Steel 316L,0.8,150,Small Extra Long pipe for PU injection
PIPE-00244,6,8.0,1.0,1000,28.27,0.0283,Small,Extra Long,12.0,Stainless Steel 316L,0.8,150,Small Extra Long pipe for PU injection
PIPE-00245,6,8.0,1.0,1050,28.27,0.0297,Small,Extra Long,12.0,Stainless Steel 316L,0.8,150,Small Extra Long pipe for PU injection
PIPE-00246,6,8.0,1.0,1100,28.27,0.0311,Small,Extra Long,12.0,Stainless Steel 316L,0.8,150,Small Extra Long pipe for PU injection
PIPE-00247,6,8.0,1.0,1150,28.27,0.0325,Small,Extra Long,12.0,Stainless Steel 316L,0.8,150,Small Extra Long pipe for PU injection
PIPE-00248,6,8.0,1.0,1200,28.27,0.0339,Small,Extra Long,12.0,Stainless Steel 316L,0.8,150,Small Extra Long pipe for PU injection
PIPE-00249,6,8.0,1.0,1250,28.27,0.0353,Small,Extra Long,12.0,Stainless Steel 316L,0.8,150,Small Extra Long pipe for PU injection
PIPE-00250,6,8.0,1.0,1300,28.27,0.0368,Small,Extra Long,12.0,Stainless Steel 316L,0.8,150,Small Extra Long pipe for PU injection
PIPE-00251,6,8.0,1.0,1350,28.27,0.0382,Small,Extra Long,12.0,Stainless Steel 316L,0.8,150,Small Extra Long pipe for PU injection
PIPE-00252,6,8.0,1.0,1400,28.27,0.0396,Small,Extra Long,12.0,Stainless Steel 316L,0.8,150,Small Extra Long pipe for PU injection
PIPE-00253,6,8.0,1.0,1450,28.27,0.041,Small,Extra Long,12.0,Stainless Steel 316L,0.8,150,Small Extra Long pipe for PU injection
PIPE-00254,6,8.0,1.0,1500,28.27,0.0424,Small,Extra Long,12.0,Stainless Steel 316L,0.8,150,Small Extra Long pipe for PU injection
PIPE-00255,6,8.0,1.0,1550,28.27,0.0438,Small,Extra Long,12.0,Stainless Steel 316L,0.8,150,Small Extra Long pipe for PU injection
PIPE-00256,6,8.0,1.0,1600,28.27,0.0452,Small,Extra Long,12.0,Stainless Steel 316L,0.8,150,Small Extra Long pipe for PU injection
PIPE-00257,6,8.0,1.0,1650,28.27,0.0467,Small,Extra Long,12.0,Stainless Steel 316L,0.8,150,Small Extra Long pipe for PU injection
PIPE-00258,6,8.0,1.0,1700,28.27,0.0481,Small,Extra Long,12.0,Stainless Steel 316L,0.8,150,Small Extra Long pipe for PU injection
PIPE-00259,6,8.0,1.0,1750,28.27,0.0495,Small,Extra Long,12.0,Stainless Steel 316L,0.8,150,Small Extra Long pipe for PU injection
PIPE-00260,6,8.0,1.0,1800,28.27,0.0509,Small,Extra Long,12.0,Stainless Steel 316L,0.8,150,Small Extra Long pipe for PU injection
PIPE-00261,6,8.0,1.0,1850,28.27,0.0523,Small,Extra Long,12.0,Stainless Steel 316L,0.8,150,Small Extra Long pipe for PU injection
PIPE-00262,6,8.0,1.0,1900,28.27,0.0537,Small,Extra Long,12.0,Stainless Steel 316L,0.8,150,Small Extra Long pipe for PU injection
PIPE-00263,6,8.0,1.0,1950,28.27,0.0551,Small,Extra Long,12.0,Stainless Steel 316L,0.8,150,Small Extra Long pipe for PU injection
PIPE-00264,6,8.0,1.0,2000,28.27,0.0565,Small,Extra Long,12.0,Stainless Steel 316L,0.8,150,Small Extra Long pipe for PU injection
PIPE-00265,7,9.0,1.0,50,38.48,0.0019,Small,Short,12.0,Stainless Steel 316L,0.8,150,Small Short pipe for PU injection
PIPE-00266,7,9.0,1.0,60,38.48,0.0023,Small,Short,12.0,Stainless Steel 316L,0.8,150,Small Short pipe for PU injection
PIPE-00267,7,9.0,1.0,70,38.48,0.0027,Small,Short,12.0,Stainless Steel 316L,0.8,150,Small Short pipe for PU injection
PIPE-00268,7,9.0,1.0,80,38.48,0.0031,Small,Short,12.0,Stainless Steel 316L,0.8,150,Small Short pipe for PU injection
PIPE-00269,7,9.0,1.0,90,38.48,0.0035,Small,Short,12.0,Stainless Steel 316L,0.8,150,Small Short pipe for PU injection
PIPE-00270,7,9.0,1.0,100,38.48,0.0038,Small,Short,12.0,Stainless Steel 316L,0.8,150,Small Short pipe for PU injection
PIPE-00271,7,9.0,1.0,110,38.48,0.0042,Small,Short,12.0,Stainless Steel 316L,0.8,150,Small Short pipe for PU injection
PIPE-00272,7,9.0,1.0,120,38.48,0.0046,Small,Short,12.0,Stainless Steel 316L,0.8,150,Small Short pipe for PU injection
PIPE-00273,7,9.0,1.0,130,38.48,0.005,Small,Short,12.0,Stainless Steel 316L,0.8,150,Small Short pipe for PU injection
PIPE-00274,7,9.0,1.0,140,38.48,0.0054,Small,Short,12.0,Stainless Steel 316L,0.8,150,Small Short pipe for PU injection
PIPE-00275,7,9.0,1.0,150,38.48,0.0058,Small,Short,12.0,Stainless Steel 316L,0.8,150,Small Short pipe for PU injection
PIPE-00276,7,9.0,1.0,160,38.48,0.0062,Small,Short,12.0,Stainless Steel 316L,0.8,150,Small Short pipe for PU injection
PIPE-00277,7,9.0,1.0,170,38.48,0.0065,Small,Short,12.0,Stainless Steel 316L,0.8,150,Small Short pipe for PU injection
PIPE-00278,7,9.0,1.0,180,38.48,0.0069,Small,Short,12.0,Stainless Steel 316L,0.8,150,Small Short pipe for PU injection
PIPE-00279,7,9.0,1.0,190,38.48,0.0073,Small,Short,12.0,Stainless Steel 316L,0.8,150,Small Short pipe for PU injection
PIPE-00280,7,9.0,1.0,200,38.48,0.0077,Small,Medium,12.0,Stainless Steel 316L,0.8,150,Small Medium pipe for PU injection
PIPE-00281,7,9.0,1.0,210,38.48,0.0081,Small,Medium,12.0,Stainless Steel 316L,0.8,150,Small Medium pipe for PU injection
PIPE-00282,7,9.0,1.0,220,38.48,0.0085,Small,Medium,12.0,Stainless Steel 316L,0.8,150,Small Medium pipe for PU injection
PIPE-00283,7,9.0,1.0,230,38.48,0.0089,Small,Medium,12.0,Stainless Steel 316L,0.8,150,Small Medium pipe for PU injection
PIPE-00284,7,9.0,1.0,240,38.48,0.0092,Small,Medium,12.0,Stainless Steel 316L,0.8,150,Small Medium pipe for PU injection
PIPE-00285,7,9.0,1.0,250,38.48,0.0096,Small,Medium,12.0,Stainless Steel 316L,0.8,150,Small Medium pipe for PU injection
PIPE-00286,7,9.0,1.0,260,38.48,0.01,Small,Medium,12.0,Stainless Steel 316L,0.8,150,Small Medium pipe for PU injection
PIPE-00287,7,9.0,1.0,270,38.48,0.0104,Small,Medium,12.0,Stainless Steel 316L,0.8,150,Small Medium pipe for PU injection
PIPE-00288,7,9.0,1.0,280,38.48,0.0108,Small,Medium,12.0,Stainless Steel 316L,0.8,150,Small Medium pipe for PU injection
PIPE-00289,7,9.0,1.0,290,38.48,0.0112,Small,Medium,12.0,Stainless Steel 316L,0.8,150,Small Medium pipe for PU injection
PIPE-00290,7,9.0,1.0,300,38.48,0.0115,Small,Medium,12.0,Stainless Steel 316L,0.8,150,Small Medium pipe for PU injection
PIPE-00291,7,9.0,1.0,310,38.48,0.0119,Small,Medium,12.0,Stainless Steel 316L,0.8,150,Small Medium pipe for PU injection
PIPE-00292,7,9.0,1.0,320,38.48,0.0123,Small,Medium,12.0,Stainless Steel 316L,0.8,150,Small Medium pipe for PU injection
PIPE-00293,7,9.0,1.0,330,38.48,0.0127,Small,Medium,12.0,Stainless Steel 316L,0.8,150,Small Medium pipe for PU injection
PIPE-00294,7,9.0,1.0,340,38.48,0.0131,Small,Medium,12.0,Stainless Steel 316L,0.8,150,Small Medium pipe for PU injection
PIPE-00295,7,9.0,1.0,350,38.48,0.0135,Small,Medium,12.0,Stainless Steel 316L,0.8,150,Small Medium pipe for PU injection
PIPE-00296,7,9.0,1.0,360,38.48,0.0139,Small,Medium,12.0,Stainless Steel 316L,0.8,150,Small Medium pipe for PU injection
PIPE-00297,7,9.0,1.0,370,38.48,0.0142,Small,Medium,12.0,Stainless Steel 316L,0.8,150,Small Medium pipe for PU injection
PIPE-00298,7,9.0,1.0,380,38.48,0.0146,Small,Medium,12.0,Stainless Steel 316L,0.8,150,Small Medium pipe for PU injection
PIPE-00299,7,9.0,1.0,390,38.48,0.015,Small,Medium,12.0,Stainless Steel 316L,0.8,150,Small Medium pipe for PU injection
PIPE-00300,7,9.0,1.0,400,38.48,0.0154,Small,Medium,12.0,Stainless Steel 316L,0.8,150,Small Medium pipe for PU injection
PIPE-00301,7,9.0,1.0,410,38.48,0.0158,Small,Medium,12.0,Stainless Steel 316L,0.8,150,Small Medium pipe for PU injection
PIPE-00302,7,9.0,1.0,420,38.48,0.0162,Small,Medium,12.0,Stainless Steel 316L,0.8,150,Small Medium pipe for PU injection
PIPE-00303,7,9.0,1.0,430,38.48,0.0165,Small,Medium,12.0,Stainless Steel 316L,0.8,150,Small Medium pipe for PU injection
PIPE-00304,7,9.0,1.0,440,38.48,0.0169,Small,Medium,12.0,Stainless Steel 316L,0.8,150,Small Medium pipe for PU injection
PIPE-00305,7,9.0,1.0,450,38.48,0.0173,Small,Medium,12.0,Stainless Steel 316L,0.8,150,Small Medium pipe for PU injection
PIPE-00306,7,9.0,1.0,460,38.48,0.0177,Small,Medium,12.0,Stainless Steel 316L,0.8,150,Small Medium pipe for PU injection
PIPE-00307,7,9.0,1.0,470,38.48,0.0181,Small,Medium,12.0,Stainless Steel 316L,0.8,150,Small Medium pipe for PU injection
PIPE-00308,7,9.0,1.0,480,38.48,0.0185,Small,Medium,12.0,Stainless Steel 316L,0.8,150,Small Medium pipe for PU injection
PIPE-00309,7,9.0,1.0,490,38.48,0.0189,Small,Medium,12.0,Stainless Steel 316L,0.8,150,Small Medium pipe for PU injection
PIPE-00310,7,9.0,1.0,500,38.48,0.0192,Small,Long,12.0,Stainless Steel 316L,0.8,150,Small Long pipe for PU injection
PIPE-00311,7,9.0,1.0,500,38.48,0.0192,Small,Long,12.0,Stainless Steel 316L,0.8,150,Small Long pipe for PU injection
PIPE-00312,7,9.0,1.0,525,38.48,0.0202,Small,Long,12.0,Stainless Steel 316L,0.8,150,Small Long pipe for PU injection
PIPE-00313,7,9.0,1.0,550,38.48,0.0212,Small,Long,12.0,Stainless Steel 316L,0.8,150,Small Long pipe for PU injection
PIPE-00314,7,9.0,1.0,575,38.48,0.0221,Small,Long,12.0,Stainless Steel 316L,0.8,150,Small Long pipe for PU injection
PIPE-00315,7,9.0,1.0,600,38.48,0.0231,Small,Long,12.0,Stainless Steel 316L,0.8,150,Small Long pipe for PU injection
PIPE-00316,7,9.0,1.0,625,38.48,0.0241,Small,Long,12.0,Stainless Steel 316L,0.8,150,Small Long pipe for PU injection
PIPE-00317,7,9.0,1.0,650,38.48,0.025,Small,Long,12.0,Stainless Steel 316L,0.8,150,Small Long pipe for PU injection
PIPE-00318,7,9.0,1.0,675,38.48,0.026,Small,Long,12.0,Stainless Steel 316L,0.8,150,Small Long pipe for PU injection
PIPE-00319,7,9.0,1.0,700,38.48,0.0269,Small,Long,12.0,Stainless Steel 316L,0.8,150,Small Long pipe for PU injection
PIPE-00320,7,9.0,1.0,725,38.48,0.0279,Small,Long,12.0,Stainless Steel 316L,0.8,150,Small Long pipe for PU injection
PIPE-00321,7,9.0,1.0,750,38.48,0.0289,Small,Long,12.0,Stainless Steel 316L,0.8,150,Small Long pipe for PU injection
PIPE-00322,7,9.0,1.0,775,38.48,0.0298,Small,Long,12.0,Stainless Steel 316L,0.8,150,Small Long pipe for PU injection
PIPE-00323,7,9.0,1.0,800,38.48,0.0308,Small,Long,12.0,Stainless Steel 316L,0.8,150,Small Long pipe for PU injection
PIPE-00324,7,9.0,1.0,825,38.48,0.0317,Small,Long,12.0,Stainless Steel 316L,0.8,150,Small Long pipe for PU injection
PIPE-00325,7,9.0,1.0,850,38.48,0.0327,Small,Long,12.0,Stainless Steel 316L,0.8,150,Small Long pipe for PU injection
PIPE-00326,7,9.0,1.0,875,38.48,0.0337,Small,Long,12.0,Stainless Steel 316L,0.8,150,Small Long pipe for PU injection
PIPE-00327,7,9.0,1.0,900,38.48,0.0346,Small,Long,12.0,Stainless Steel 316L,0.8,150,Small Long pipe for PU injection
PIPE-00328,7,9.0,1.0,925,38.48,0.0356,Small,Long,12.0,Stainless Steel 316L,0.8,150,Small Long pipe for PU injection
PIPE-00329,7,9.0,1.0,950,38.48,0.0366,Small,Long,12.0,Stainless Steel 316L,0.8,150,Small Long pipe for PU injection
PIPE-00330,7,9.0,1.0,975,38.48,0.0375,Small,Long,12.0,Stainless Steel 316L,0.8,150,Small Long pipe for PU injection
PIPE-00331,7,9.0,1.0,1000,38.48,0.0385,Small,Extra Long,12.0,Stainless Steel 316L,0.8,150,Small Extra Long pipe for PU injection
PIPE-00332,7,9.0,1.0,1000,38.48,0.0385,Small,Extra Long,12.0,Stainless Steel 316L,0.8,150,Small Extra Long pipe for PU injection
PIPE-00333,7,9.0,1.0,1050,38.48,0.0404,Small,Extra Long,12.0,Stainless Steel 316L,0.8,150,Small Extra Long pipe for PU injection
PIPE-00334,7,9.0,1.0,1100,38.48,0.0423,Small,Extra Long,12.0,Stainless Steel 316L,0.8,150,Small Extra Long pipe for PU injection
PIPE-00335,7,9.0,1.0,1150,38.48,0.0443,Small,Extra Long,12.0,Stainless Steel 316L,0.8,150,Small Extra Long pipe for PU injection
PIPE-00336,7,9.0,1.0,1200,38.48,0.0462,Small,Extra Long,12.0,Stainless Steel 316L,0.8,150,Small Extra Long pipe for PU injection
PIPE-00337,7,9.0,1.0,1250,38.48,0.0481,Small,Extra Long,12.0,Stainless Steel 316L,0.8,150,Small Extra Long pipe for PU injection
PIPE-00338,7,9.0,1.0,1300,38.48,0.05,Small,Extra Long,12.0,Stainless Steel 316L,0.8,150,Small Extra Long pipe for PU injection
PIPE-00339,7,9.0,1.0,1350,38.48,0.052,Small,Extra Long,12.0,Stainless Steel 316L,0.8,150,Small Extra Long pipe for PU injection
PIPE-00340,7,9.0,1.0,1400,38.48,0.0539,Small,Extra Long,12.0,Stainless Steel 316L,0.8,150,Small Extra Long pipe for PU injection
PIPE-00341,7,9.0,1.0,1450,38.48,0.0558,Small,Extra Long,12.0,Stainless Steel 316L,0.8,150,Small Extra Long pipe for PU injection
PIPE-00342,7,9.0,1.0,1500,38.48,0.0577,Small,Extra Long,12.0,Stainless Steel 316L,0.8,150,Small Extra Long pipe for PU injection
PIPE-00343,7,9.0,1.0,1550,38.48,0.0597,Small,Extra Long,12.0,Stainless Steel 316L,0.8,150,Small Extra Long pipe for PU injection
PIPE-00344,7,9.0,1.0,1600,38.48,0.0616,Small,Extra Long,12.0,Stainless Steel 316L,0.8,150,Small Extra Long pipe for PU injection
PIPE-00345,7,9.0,1.0,1650,38.48,0.0635,Small,Extra Long,12.0,Stainless Steel 316L,0.8,150,Small Extra Long pipe for PU injection
PIPE-00346,7,9.0,1.0,1700,38.48,0.0654,Small,Extra Long,12.0,Stainless Steel 316L,0.8,150,Small Extra Long pipe for PU injection
PIPE-00347,7,9.0,1.0,1750,38.48,0.0673,Small,Extra Long,12.0,Stainless Steel 316L,0.8,150,Small Extra Long pipe for PU injection
PIPE-00348,7,9.0,1.0,1800,38.48,0.0693,Small,Extra Long,12.0,Stainless Steel 316L,0.8,150,Small Extra Long pipe for PU injection
PIPE-00349,7,9.0,1.0,1850,38.48,0.0712,Small,Extra Long,12.0,Stainless Steel 316L,0.8,150,Small Extra Long pipe for PU injection
PIPE-00350,7,9.0,1.0,1900,38.48,0.0731,Small,Extra Long,12.0,Stainless Steel 316L,0.8,150,Small Extra Long pipe for PU injection
PIPE-00351,7,9.0,1.0,1950,38.48,0.075,Small,Extra Long,12.0,Stainless Steel 316L,0.8,150,Small Extra Long pipe for PU injection
PIPE-00352,7,9.0,1.0,2000,38.48,0.077,Small,Extra Long,12.0,Stainless Steel 316L,0.8,150,Small Extra Long pipe for PU injection
PIPE-00353,8,10.0,1.0,50,50.27,0.0025,Small,Short,12.0,Stainless Steel 316L,0.8,150,Small Short pipe for PU injection
PIPE-00354,8,10.0,1.0,60,50.27,0.003,Small,Short,12.0,Stainless Steel 316L,0.8,150,Small Short pipe for PU injection
PIPE-00355,8,10.0,1.0,70,50.27,0.0035,Small,Short,12.0,Stainless Steel 316L,0.8,150,Small Short pipe for PU injection
PIPE-00356,8,10.0,1.0,80,50.27,0.004,Small,Short,12.0,Stainless Steel 316L,0.8,150,Small Short pipe for PU injection
PIPE-00357,8,10.0,1.0,90,50.27,0.0045,Small,Short,12.0,Stainless Steel 316L,0.8,150,Small Short pipe for PU injection
PIPE-00358,8,10.0,1.0,100,50.27,0.005,Small,Short,12.0,Stainless Steel 316L,0.8,150,Small Short pipe for PU injection
PIPE-00359,8,10.0,1.0,110,50.27,0.0055,Small,Short,12.0,Stainless Steel 316L,0.8,150,Small Short pipe for PU injection
PIPE-00360,8,10.0,1.0,120,50.27,0.006,Small,Short,12.0,Stainless Steel 316L,0.8,150,Small Short pipe for PU injection
PIPE-00361,8,10.0,1.0,130,50.27,0.0065,Small,Short,12.0,Stainless Steel 316L,0.8,150,Small Short pipe for PU injection
PIPE-00362,8,10.0,1.0,140,50.27,0.007,Small,Short,12.0,Stainless Steel 316L,0.8,150,Small Short pipe for PU injection
PIPE-00363,8,10.0,1.0,150,50.27,0.0075,Small,Short,12.0,Stainless Steel 316L,0.8,150,Small Short pipe for PU injection
PIPE-00364,8,10.0,1.0,160,50.27,0.008,Small,Short,12.0,Stainless Steel 316L,0.8,150,Small Short pipe for PU injection
PIPE-00365,8,10.0,1.0,170,50.27,0.0085,Small,Short,12.0,Stainless Steel 316L,0.8,150,Small Short pipe for PU injection
PIPE-00366,8,10.0,1.0,180,50.27,0.009,Small,Short,12.0,Stainless Steel 316L,0.8,150,Small Short pipe for PU injection
PIPE-00367,8,10.0,1.0,190,50.27,0.0096,Small,Short,12.0,Stainless Steel 316L,0.8,150,Small Short pipe for PU injection
PIPE-00368,8,10.0,1.0,200,50.27,0.0101,Small,Medium,12.0,Stainless Steel 316L,0.8,150,Small Medium pipe for PU injection
PIPE-00369,8,10.0,1.0,210,50.27,0.0106,Small,Medium,12.0,Stainless Steel 316L,0.8,150,Small Medium pipe for PU injection
PIPE-00370,8,10.0,1.0,220,50.27,0.0111,Small,Medium,12.0,Stainless Steel 316L,0.8,150,Small Medium pipe for PU injection
PIPE-00371,8,10.0,1.0,230,50.27,0.0116,Small,Medium,12.0,Stainless Steel 316L,0.8,150,Small Medium pipe for PU injection
PIPE-00372,8,10.0,1.0,240,50.27,0.0121,Small,Medium,12.0,Stainless Steel 316L,0.8,150,Small Medium pipe for PU injection
PIPE-00373,8,10.0,1.0,250,50.27,0.0126,Small,Medium,12.0,Stainless Steel 316L,0.8,150,Small Medium pipe for PU injection
PIPE-00374,8,10.0,1.0,260,50.27,0.0131,Small,Medium,12.0,Stainless Steel 316L,0.8,150,Small Medium pipe for PU injection
PIPE-00375,8,10.0,1.0,270,50.27,0.0136,Small,Medium,12.0,Stainless Steel 316L,0.8,150,Small Medium pipe for PU injection
PIPE-00376,8,10.0,1.0,280,50.27,0.0141,Small,Medium,12.0,Stainless Steel 316L,0.8,150,Small Medium pipe for PU injection
PIPE-00377,8,10.0,1.0,290,50.27,0.0146,Small,Medium,12.0,Stainless Steel 316L,0.8,150,Small Medium pipe for PU injection
PIPE-00378,8,10.0,1.0,300,50.27,0.0151,Small,Medium,12.0,Stainless Steel 316L,0.8,150,Small Medium pipe for PU injection
PIPE-00379,8,10.0,1.0,310,50.27,0.0156,Small,Medium,12.0,Stainless Steel 316L,0.8,150,Small Medium pipe for PU injection
PIPE-00380,8,10.0,1.0,320,50.27,0.0161,Small,Medium,12.0,Stainless Steel 316L,0.8,150,Small Medium pipe for PU injection
PIPE-00381,8,10.0,1.0,330,50.27,0.0166,Small,Medium,12.0,Stainless Steel 316L,0.8,150,Small Medium pipe for PU injection
PIPE-00382,8,10.0,1.0,340,50.27,0.0171,Small,Medium,12.0,Stainless Steel 316L,0.8,150,Small Medium pipe for PU injection
PIPE-00383,8,10.0,1.0,350,50.27,0.0176,Small,Medium,12.0,Stainless Steel 316L,0.8,150,Small Medium pipe for PU injection
PIPE-00384,8,10.0,1.0,360,50.27,0.0181,Small,Medium,12.0,Stainless Steel 316L,0.8,150,Small Medium pipe for PU injection
PIPE-00385,8,10.0,1.0,370,50.27,0.0186,Small,Medium,12.0,Stainless Steel 316L,0.8,150,Small Medium pipe for PU injection
PIPE-00386,8,10.0,1.0,380,50.27,0.0191,Small,Medium,12.0,Stainless Steel 316L,0.8,150,Small Medium pipe for PU injection
PIPE-00387,8,10.0,1.0,390,50.27,0.0196,Small,Medium,12.0,Stainless Steel 316L,0.8,150,Small Medium pipe for PU injection
PIPE-00388,8,10.0,1.0,400,50.27,0.0201,Small,Medium,12.0,Stainless Steel 316L,0.8,150,Small Medium pipe for PU injection
PIPE-00389,8,10.0,1.0,410,50.27,0.0206,Small,Medium,12.0,Stainless Steel 316L,0.8,150,Small Medium pipe for PU injection
PIPE-00390,8,10.0,1.0,420,50.27,0.0211,Small,Medium,12.0,Stainless Steel 316L,0.8,150,Small Medium pipe for PU injection
PIPE-00391,8,10.0,1.0,430,50.27,0.0216,Small,Medium,12.0,Stainless Steel 316L,0.8,150,Small Medium pipe for PU injection
PIPE-00392,8,10.0,1.0,440,50.27,0.0221,Small,Medium,12.0,Stainless Steel 316L,0.8,150,Small Medium pipe for PU injection
PIPE-00393,8,10.0,1.0,450,50.27,0.0226,Small,Medium,12.0,Stainless Steel 316L,0.8,150,Small Medium pipe for PU injection
PIPE-00394,8,10.0,1.0,460,50.27,0.0231,Small,Medium,12.0,Stainless Steel 316L,0.8,150,Small Medium pipe for PU injection
PIPE-00395,8,10.0,1.0,470,50.27,0.0236,Small,Medium,12.0,Stainless Steel 316L,0.8,150,Small Medium pipe for PU injection
PIPE-00396,8,10.0,1.0,480,50.27,0.0241,Small,Medium,12.0,Stainless Steel 316L,0.8,150,Small Medium pipe for PU injection
PIPE-00397,8,10.0,1.0,490,50.27,0.0246,Small,Medium,12.0,Stainless Steel 316L,0.8,150,Small Medium pipe for PU injection
PIPE-00398,8,10.0,1.0,500,50.27,0.0251,Small,Long,12.0,Stainless Steel 316L,0.8,150,Small Long pipe for PU injection
PIPE-00399,8,10.0,1.0,500,50.27,0.0251,Small,Long,12.0,Stainless Steel 316L,0.8,150,Small Long pipe for PU injection
PIPE-00400,8,10.0,1.0,525,50.27,0.0264,Small,Long,12.0,Stainless Steel 316L,0.8,150,Small Long pipe for PU injection
PIPE-00401,8,10.0,1.0,550,50.27,0.0276,Small,Long,12.0,Stainless Steel 316L,0.8,150,Small Long pipe for PU injection
PIPE-00402,8,10.0,1.0,575,50.27,0.0289,Small,Long,12.0,Stainless Steel 316L,0.8,150,Small Long pipe for PU injection
PIPE-00403,8,10.0,1.0,600,50.27,0.0302,Small,Long,12.0,Stainless Steel 316L,0.8,150,Small Long pipe for PU injection
PIPE-00404,8,10.0,1.0,625,50.27,0.0314,Small,Long,12.0,Stainless Steel 316L,0.8,150,Small Long pipe for PU injection
PIPE-00405,8,10.0,1.0,650,50.27,0.0327,Small,Long,12.0,Stainless Steel 316L,0.8,150,Small Long pipe for PU injection
PIPE-00406,8,10.0,1.0,675,50.27,0.0339,Small,Long,12.0,Stainless Steel 316L,0.8,150,Small Long pipe for PU injection
PIPE-00407,8,10.0,1.0,700,50.27,0.0352,Small,Long,12.0,Stainless Steel 316L,0.8,150,Small Long pipe for PU injection
PIPE-00408,8,10.0,1.0,725,50.27,0.0364,Small,Long,12.0,Stainless Steel 316L,0.8,150,Small Long pipe for PU injection
PIPE-00409,8,10.0,1.0,750,50.27,0.0377,Small,Long,12.0,Stainless Steel 316L,0.8,150,Small Long pipe for PU injection
PIPE-00410,8,10.0,1.0,775,50.27,0.039,Small,Long,12.0,Stainless Steel 316L,0.8,150,Small Long pipe for PU injection
PIPE-00411,8,10.0,1.0,800,50.27,0.0402,Small,Long,12.0,Stainless Steel 316L,0.8,150,Small Long pipe for PU injection
PIPE-00412,8,10.0,1.0,825,50.27,0.0415,Small,Long,12.0,Stainless Steel 316L,0.8,150,Small Long pipe for PU injection
PIPE-00413,8,10.0,1.0,850,50.27,0.0427,Small,Long,12.0,Stainless Steel 316L,0.8,150,Small Long pipe for PU injection
PIPE-00414,8,10.0,1.0,875,50.27,0.044,Small,Long,12.0,Stainless Steel 316L,0.8,150,Small Long pipe for PU injection
PIPE-00415,8,10.0,1.0,900,50.27,0.0452,Small,Long,12.0,Stainless Steel 316L,0.8,150,Small Long pipe for PU injection
PIPE-00416,8,10.0,1.0,925,50.27,0.0465,Small,Long,12.0,Stainless Steel 316L,0.8,150,Small Long pipe for PU injection
PIPE-00417,8,10.0,1.0,950,50.27,0.0478,Small,Long,12.0,Stainless Steel 316L,0.8,150,Small Long pipe for PU injection
PIPE-00418,8,10.0,1.0,975,50.27,0.049,Small,Long,12.0,Stainless Steel 316L,0.8,150,Small Long pipe for PU injection
PIPE-00419,8,10.0,1.0,1000,50.27,0.0503,Small,Extra Long,12.0,Stainless Steel 316L,0.8,150,Small Extra Long pipe for PU injection
PIPE-00420,8,10.0,1.0,1000,50.27,0.0503,Small,Extra Long,12.0,Stainless Steel 316L,0.8,150,Small Extra Long pipe for PU injection
PIPE-00421,8,10.0,1.0,1050,50.27,0.0528,Small,Extra Long,12.0,Stainless Steel 316L,0.8,150,Small Extra Long pipe for PU injection
PIPE-00422,8,10.0,1.0,1100,50.27,0.0553,Small,Extra Long,12.0,Stainless Steel 316L,0.8,150,Small Extra Long pipe for PU injection
PIPE-00423,8,10.0,1.0,1150,50.27,0.0578,Small,Extra Long,12.0,Stainless Steel 316L,0.8,150,Small Extra Long pipe for PU injection
PIPE-00424,8,10.0,1.0,1200,50.27,0.0603,Small,Extra Long,12.0,Stainless Steel 316L,0.8,150,Small Extra Long pipe for PU injection
PIPE-00425,8,10.0,1.0,1250,50.27,0.0628,Small,Extra Long,12.0,Stainless Steel 316L,0.8,150,Small Extra Long pipe for PU injection
PIPE-00426,8,10.0,1.0,1300,50.27,0.0653,Small,Extra Long,12.0,Stainless Steel 316L,0.8,150,Small Extra Long pipe for PU injection
PIPE-00427,8,10.0,1.0,1350,50.27,0.0679,Small,Extra Long,12.0,Stainless Steel 316L,0.8,150,Small Extra Long pipe for PU injection
PIPE-00428,8,10.0,1.0,1400,50.27,0.0704,Small,Extra Long,12.0,Stainless Steel 316L,0.8,150,Small Extra Long pipe for PU injection
PIPE-00429,8,10.0,1.0,1450,50.27,0.0729,Small,Extra Long,12.0,Stainless Steel 316L,0.8,150,Small Extra Long pipe for PU injection
PIPE-00430,8,10.0,1.0,1500,50.27,0.0754,Small,Extra Long,12.0,Stainless Steel 316L,0.8,150,Small Extra Long pipe for PU injection
PIPE-00431,8,10.0,1.0,1550,50.27,0.0779,Small,Extra Long,12.0,Stainless Steel 316L,0.8,150,Small Extra Long pipe for PU injection
PIPE-00432,8,10.0,1.0,1600,50.27,0.0804,Small,Extra Long,12.0,Stainless Steel 316L,0.8,150,Small Extra Long pipe for PU injection
PIPE-00433,8,10.0,1.0,1650,50.27,0.0829,Small,Extra Long,12.0,Stainless Steel 316L,0.8,150,Small Extra Long pipe for PU injection
PIPE-00434,8,10.0,1.0,1700,50.27,0.0855,Small,Extra Long,12.0,Stainless Steel 316L,0.8,150,Small Extra Long pipe for PU injection
PIPE-00435,8,10.0,1.0,1750,50.27,0.088,Small,Extra Long,12.0,Stainless Steel 316L,0.8,150,Small Extra Long pipe for PU injection
PIPE-00436,8,10.0,1.0,1800,50.27,0.0905,Small,Extra Long,12.0,Stainless Steel 316L,0.8,150,Small Extra Long pipe for PU injection
PIPE-00437,8,10.0,1.0,1850,50.27,0.093,Small,Extra Long,12.0,Stainless Steel 316L,0.8,150,Small Extra Long pipe for PU injection
PIPE-00438,8,10.0,1.0,1900,50.27,0.0955,Small,Extra Long,12.0,Stainless Steel 316L,0.8,150,Small Extra Long pipe for PU injection
PIPE-00439,8,10.0,1.0,1950,50.27,0.098,Small,Extra Long,12.0,Stainless Steel 316L,0.8,150,Small Extra Long pipe for PU injection
PIPE-00440,8,10.0,1.0,2000,50.27,0.1005,Small,Extra Long,12.0,Stainless Steel 316L,0.8,150,Small Extra Long pipe for PU injection
PIPE-00441,9,11.0,1.0,50,63.62,0.0032,Small,Short,12.0,Stainless Steel 316L,0.8,150,Small Short pipe for PU injection
PIPE-00442,9,11.0,1.0,60,63.62,0.0038,Small,Short,12.0,Stainless Steel 316L,0.8,150,Small Short pipe for PU injection
PIPE-00443,9,11.0,1.0,70,63.62,0.0045,Small,Short,12.0,Stainless Steel 316L,0.8,150,Small Short pipe for PU injection
PIPE-00444,9,11.0,1.0,80,63.62,0.0051,Small,Short,12.0,Stainless Steel 316L,0.8,150,Small Short pipe for PU injection
PIPE-00445,9,11.0,1.0,90,63.62,0.0057,Small,Short,12.0,Stainless Steel 316L,0.8,150,Small Short pipe for PU injection
PIPE-00446,9,11.0,1.0,100,63.62,0.0064,Small,Short,12.0,Stainless Steel 316L,0.8,150,Small Short pipe for PU injection
PIPE-00447,9,11.0,1.0,110,63.62,0.007,Small,Short,12.0,Stainless Steel 316L,0.8,150,Small Short pipe for PU injection
PIPE-00448,9,11.0,1.0,120,63.62,0.0076,Small,Short,12.0,Stainless Steel 316L,0.8,150,Small Short pipe for PU injection
PIPE-00449,9,11.0,1.0,130,63.62,0.0083,Small,Short,12.0,Stainless Steel 316L,0.8,150,Small Short pipe for PU injection
PIPE-00450,9,11.0,1.0,140,63.62,0.0089,Small,Short,12.0,Stainless Steel 316L,0.8,150,Small Short pipe for PU injection
PIPE-00451,9,11.0,1.0,150,63.62,0.0095,Small,Short,12.0,Stainless Steel 316L,0.8,150,Small Short pipe for PU injection
PIPE-00452,9,11.0,1.0,160,63.62,0.0102,Small,Short,12.0,Stainless Steel 316L,0.8,150,Small Short pipe for PU injection
PIPE-00453,9,11.0,1.0,170,63.62,0.0108,Small,Short,12.0,Stainless Steel 316L,0.8,150,Small Short pipe for PU injection
PIPE-00454,9,11.0,1.0,180,63.62,0.0115,Small,Short,12.0,Stainless Steel 316L,0.8,150,Small Short pipe for PU injection
PIPE-00455,9,11.0,1.0,190,63.62,0.0121,Small,Short,12.0,Stainless Steel 316L,0.8,150,Small Short pipe for PU injection
PIPE-00456,9,11.0,1.0,200,63.62,0.0127,Small,Medium,12.0,Stainless Steel 316L,0.8,150,Small Medium pipe for PU injection
PIPE-00457,9,11.0,1.0,210,63.62,0.0134,Small,Medium,12.0,Stainless Steel 316L,0.8,150,Small Medium pipe for PU injection
PIPE-00458,9,11.0,1.0,220,63.62,0.014,Small,Medium,12.0,Stainless Steel 316L,0.8,150,Small Medium pipe for PU injection
PIPE-00459,9,11.0,1.0,230,63.62,0.0146,Small,Medium,12.0,Stainless Steel 316L,0.8,150,Small Medium pipe for PU injection
PIPE-00460,9,11.0,1.0,240,63.62,0.0153,Small,Medium,12.0,Stainless Steel 316L,0.8,150,Small Medium pipe for PU injection
PIPE-00461,9,11.0,1.0,250,63.62,0.0159,Small,Medium,12.0,Stainless Steel 316L,0.8,150,Small Medium pipe for PU injection
PIPE-00462,9,11.0,1.0,260,63.62,0.0165,Small,Medium,12.0,Stainless Steel 316L,0.8,150,Small Medium pipe for PU injection
PIPE-00463,9,11.0,1.0,270,63.62,0.0172,Small,Medium,12.0,Stainless Steel 316L,0.8,150,Small Medium pipe for PU injection
PIPE-00464,9,11.0,1.0,280,63.62,0.0178,Small,Medium,12.0,Stainless Steel 316L,0.8,150,Small Medium pipe for PU injection
PIPE-00465,9,11.0,1.0,290,63.62,0.0184,Small,Medium,12.0,Stainless Steel 316L,0.8,150,Small Medium pipe for PU injection
PIPE-00466,9,11.0,1.0,300,63.62,0.0191,Small,Medium,12.0,Stainless Steel 316L,0.8,150,Small Medium pipe for PU injection
PIPE-00467,9,11.0,1.0,310,63.62,0.0197,Small,Medium,12.0,Stainless Steel 316L,0.8,150,Small Medium pipe for PU injection
PIPE-00468,9,11.0,1.0,320,63.62,0.0204,Small,Medium,12.0,Stainless Steel 316L,0.8,150,Small Medium pipe for PU injection
PIPE-00469,9,11.0,1.0,330,63.62,0.021,Small,Medium,12.0,Stainless Steel 316L,0.8,150,Small Medium pipe for PU injection
PIPE-00470,9,11.0,1.0,340,63.62,0.0216,Small,Medium,12.0,Stainless Steel 316L,0.8,150,Small Medium pipe for PU injection
PIPE-00471,9,11.0,1.0,350,63.62,0.0223,Small,Medium,12.0,Stainless Steel 316L,0.8,150,Small Medium pipe for PU injection
PIPE-00472,9,11.0,1.0,360,63.62,0.0229,Small,Medium,12.0,Stainless Steel 316L,0.8,150,Small Medium pipe for PU injection
PIPE-00473,9,11.0,1.0,370,63.62,0.0235,Small,Medium,12.0,Stainless Steel 316L,0.8,150,Small Medium pipe for PU injection
PIPE-00474,9,11.0,1.0,380,63.62,0.0242,Small,Medium,12.0,Stainless Steel 316L,0.8,150,Small Medium pipe for PU injection
PIPE-00475,9,11.0,1.0,390,63.62,0.0248,Small,Medium,12.0,Stainless Steel 316L,0.8,150,Small Medium pipe for PU injection
PIPE-00476,9,11.0,1.0,400,63.62,0.0254,Small,Medium,12.0,Stainless Steel 316L,0.8,150,Small Medium pipe for PU injection
PIPE-00477,9,11.0,1.0,410,63.62,0.0261,Small,Medium,12.0,Stainless Steel 316L,0.8,150,Small Medium pipe for PU injection
PIPE-00478,9,11.0,1.0,420,63.62,0.0267,Small,Medium,12.0,Stainless Steel 316L,0.8,150,Small Medium pipe for PU injection
PIPE-00479,9,11.0,1.0,430,63.62,0.0274,Small,Medium,12.0,Stainless Steel 316L,0.8,150,Small Medium pipe for PU injection
PIPE-00480,9,11.0,1.0,440,63.62,0.028,Small,Medium,12.0,Stainless Steel 316L,0.8,150,Small Medium pipe for PU injection
PIPE-00481,9,11.0,1.0,450,63.62,0.0286,Small,Medium,12.0,Stainless Steel 316L,0.8,150,Small Medium pipe for PU injection
PIPE-00482,9,11.0,1.0,460,63.62,0.0293,Small,Medium,12.0,Stainless Steel 316L,0.8,150,Small Medium pipe for PU injection
PIPE-00483,9,11.0,1.0,470,63.62,0.0299,Small,Medium,12.0,Stainless Steel 316L,0.8,150,Small Medium pipe for PU injection
PIPE-00484,9,11.0,1.0,480,63.62,0.0305,Small,Medium,12.0,Stainless Steel 316L,0.8,150,Small Medium pipe for PU injection
PIPE-00485,9,11.0,1.0,490,63.62,0.0312,Small,Medium,12.0,Stainless Steel 316L,0.8,150,Small Medium pipe for PU injection
PIPE-00486,9,11.0,1.0,500,63.62,0.0318,Small,Long,12.0,Stainless Steel 316L,0.8,150,Small Long pipe for PU injection
PIPE-00487,9,11.0,1.0,500,63.62,0.0318,Small,Long,12.0,Stainless Steel 316L,0.8,150,Small Long pipe for PU injection
PIPE-00488,9,11.0,1.0,525,63.62,0.0334,Small,Long,12.0,Stainless Steel 316L,0.8,150,Small Long pipe for PU injection
PIPE-00489,9,11.0,1.0,550,63.62,0.035,Small,Long,12.0,Stainless Steel 316L,0.8,150,Small Long pipe for PU injection
PIPE-00490,9,11.0,1.0,575,63.62,0.0366,Small,Long,12.0,Stainless Steel 316L,0.8,150,Small Long pipe for PU injection
PIPE-00491,9,11.0,1.0,600,63.62,0.0382,Small,Long,12.0,Stainless Steel 316L,0.8,150,Small Long pipe for PU injection
PIPE-00492,9,11.0,1.0,625,63.62,0.0398,Small,Long,12.0,Stainless Steel 316L,0.8,150,Small Long pipe for PU injection
PIPE-00493,9,11.0,1.0,650,63.62,0.0414,Small,Long,12.0,Stainless Steel 316L,0.8,150,Small Long pipe for PU injection
PIPE-00494,9,11.0,1.0,675,63.62,0.0429,Small,Long,12.0,Stainless Steel 316L,0.8,150,Small Long pipe for PU injection
PIPE-00495,9,11.0,1.0,700,63.62,0.0445,Small,Long,12.0,Stainless Steel 316L,0.8,150,Small Long pipe for PU injection
PIPE-00496,9,11.0,1.0,725,63.62,0.0461,Small,Long,12.0,Stainless Steel 316L,0.8,150,Small Long pipe for PU injection
PIPE-00497,9,11.0,1.0,750,63.62,0.0477,Small,Long,12.0,Stainless Steel 316L,0.8,150,Small Long pipe for PU injection
PIPE-00498,9,11.0,1.0,775,63.62,0.0493,Small,Long,12.0,Stainless Steel 316L,0.8,150,Small Long pipe for PU injection
PIPE-00499,9,11.0,1.0,800,63.62,0.0509,Small,Long,12.0,Stainless Steel 316L,0.8,150,Small Long pipe for PU injection
PIPE-00500,9,11.0,1.0,825,63.62,0.0525,Small,Long,12.0,Stainless Steel 316L,0.8,150,Small Long pipe for PU injection
PIPE-00501,9,11.0,1.0,850,63.62,0.0541,Small,Long,12.0,Stainless Steel 316L,0.8,150,Small Long pipe for PU injection
PIPE-00502,9,11.0,1.0,875,63.62,0.0557,Small,Long,12.0,Stainless Steel 316L,0.8,150,Small Long pipe for PU injection
PIPE-00503,9,11.0,1.0,900,63.62,0.0573,Small,Long,12.0,Stainless Steel 316L,0.8,150,Small Long pipe for PU injection
PIPE-00504,9,11.0,1.0,925,63.62,0.0588,Small,Long,12.0,Stainless Steel 316L,0.8,150,Small Long pipe for PU injection
PIPE-00505,9,11.0,1.0,950,63.62,0.0604,Small,Long,12.0,Stainless Steel 316L,0.8,150,Small Long pipe for PU injection
PIPE-00506,9,11.0,1.0,975,63.62,0.062,Small,Long,12.0,Stainless Steel 316L,0.8,150,Small Long pipe for PU injection
PIPE-00507,9,11.0,1.0,1000,63.62,0.0636,Small,Extra Long,12.0,Stainless Steel 316L,0.8,150,Small Extra Long pipe for PU injection
PIPE-00508,9,11.0,1.0,1000,63.62,0.0636,Small,Extra Long,12.0,Stainless Steel 316L,0.8,150,Small Extra Long pipe for PU injection
PIPE-00509,9,11.0,1.0,1050,63.62,0.0668,Small,Extra Long,12.0,Stainless Steel 316L,0.8,150,Small Extra Long pipe for PU injection
PIPE-00510,9,11.0,1.0,1100,63.62,0.07,Small,Extra Long,12.0,Stainless Steel 316L,0.8,150,Small Extra Long pipe for PU injection
PIPE-00511,9,11.0,1.0,1150,63.62,0.0732,Small,Extra Long,12.0,Stainless Steel 316L,0.8,150,Small Extra Long pipe for PU injection
PIPE-00512,9,11.0,1.0,1200,63.62,0.0763,Small,Extra Long,12.0,Stainless Steel 316L,0.8,150,Small Extra Long pipe for PU injection
PIPE-00513,9,11.0,1.0,1250,63.62,0.0795,Small,Extra Long,12.0,Stainless Steel 316L,0.8,150,Small Extra Long pipe for PU injection
PIPE-00514,9,11.0,1.0,1300,63.62,0.0827,Small,Extra Long,12.0,Stainless Steel 316L,0.8,150,Small Extra Long pipe for PU injection
PIPE-00515,9,11.0,1.0,1350,63.62,0.0859,Small,Extra Long,12.0,Stainless Steel 316L,0.8,150,Small Extra Long pipe for PU injection
PIPE-00516,9,11.0,1.0,1400,63.62,0.0891,Small,Extra Long,12.0,Stainless Steel 316L,0.8,150,Small Extra Long pipe for PU injection
PIPE-00517,9,11.0,1.0,1450,63.62,0.0922,Small,Extra Long,12.0,Stainless Steel 316L,0.8,150,Small Extra Long pipe for PU injection
PIPE-00518,9,11.0,1.0,1500,63.62,0.0954,Small,Extra Long,12.0,Stainless Steel 316L,0.8,150,Small Extra Long pipe for PU injection
PIPE-00519,9,11.0,1.0,1550,63.62,0.0986,Small,Extra Long,12.0,Stainless Steel 316L,0.8,150,Small Extra Long pipe for PU injection
PIPE-00520,9,11.0,1.0,1600,63.62,0.1018,Small,Extra Long,12.0,Stainless Steel 316L,0.8,150,Small Extra Long pipe for PU injection
PIPE-00521,9,11.0,1.0,1650,63.62,0.105,Small,Extra Long,12.0,Stainless Steel 316L,0.8,150,Small Extra Long pipe for PU injection
PIPE-00522,9,11.0,1.0,1700,63.62,0.1081,Small,Extra Long,12.0,Stainless Steel 316L,0.8,150,Small Extra Long pipe for PU injection
PIPE-00523,9,11.0,1.0,1750,63.62,0.1113,Small,Extra Long,12.0,Stainless Steel 316L,0.8,150,Small Extra Long pipe for PU injection
PIPE-00524,9,11.0,1.0,1800,63.62,0.1145,Small,Extra Long,12.0,Stainless Steel 316L,0.8,150,Small Extra Long pipe for PU injection
PIPE-00525,9,11.0,1.0,1850,63.62,0.1177,Small,Extra Long,12.0,Stainless Steel 316L,0.8,150,Small Extra Long pipe for PU injection
PIPE-00526,9,11.0,1.0,1900,63.62,0.1209,Small,Extra Long,12.0,Stainless Steel 316L,0.8,150,Small Extra Long pipe for PU injection
PIPE-00527,9,11.0,1.0,1950,63.62,0.1241,Small,Extra Long,12.0,Stainless Steel 316L,0.8,150,Small Extra Long pipe for PU injection
PIPE-00528,9,11.0,1.0,2000,63.62,0.1272,Small,Extra Long,12.0,Stainless Steel 316L,0.8,150,Small Extra Long pipe for PU injection
PIPE-00529,10,12.0,1.0,50,78.54,0.0039,Medium,Short,12.0,Stainless Steel 316L,0.8,150,Medium Short pipe for PU injection
PIPE-00530,10,12.0,1.0,60,78.54,0.0047,Medium,Short,12.0,Stainless Steel 316L,0.8,150,Medium Short pipe for PU injection
PIPE-00531,10,12.0,1.0,70,78.54,0.0055,Medium,Short,12.0,Stainless Steel 316L,0.8,150,Medium Short pipe for PU injection
PIPE-00532,10,12.0,1.0,80,78.54,0.0063,Medium,Short,12.0,Stainless Steel 316L,0.8,150,Medium Short pipe for PU injection
PIPE-00533,10,12.0,1.0,90,78.54,0.0071,Medium,Short,12.0,Stainless Steel 316L,0.8,150,Medium Short pipe for PU injection
PIPE-00534,10,12.0,1.0,100,78.54,0.0079,Medium,Short,12.0,Stainless Steel 316L,0.8,150,Medium Short pipe for PU injection
PIPE-00535,10,12.0,1.0,110,78.54,0.0086,Medium,Short,12.0,Stainless Steel 316L,0.8,150,Medium Short pipe for PU injection
PIPE-00536,10,12.0,1.0,120,78.54,0.0094,Medium,Short,12.0,Stainless Steel 316L,0.8,150,Medium Short pipe for PU injection
PIPE-00537,10,12.0,1.0,130,78.54,0.0102,Medium,Short,12.0,Stainless Steel 316L,0.8,150,Medium Short pipe for PU injection
PIPE-00538,10,12.0,1.0,140,78.54,0.011,Medium,Short,12.0,Stainless Steel 316L,0.8,150,Medium Short pipe for PU injection
PIPE-00539,10,12.0,1.0,150,78.54,0.0118,Medium,Short,12.0,Stainless Steel 316L,0.8,150,Medium Short pipe for PU injection
PIPE-00540,10,12.0,1.0,160,78.54,0.0126,Medium,Short,12.0,Stainless Steel 316L,0.8,150,Medium Short pipe for PU injection
PIPE-00541,10,12.0,1.0,170,78.54,0.0134,Medium,Short,12.0,Stainless Steel 316L,0.8,150,Medium Short pipe for PU injection
PIPE-00542,10,12.0,1.0,180,78.54,0.0141,Medium,Short,12.0,Stainless Steel 316L,0.8,150,Medium Short pipe for PU injection
PIPE-00543,10,12.0,1.0,190,78.54,0.0149,Medium,Short,12.0,Stainless Steel 316L,0.8,150,Medium Short pipe for PU injection
PIPE-00544,10,12.0,1.0,200,78.54,0.0157,Medium,Medium,12.0,Stainless Steel 316L,0.8,150,Medium Medium pipe for PU injection
PIPE-00545,10,12.0,1.0,210,78.54,0.0165,Medium,Medium,12.0,Stainless Steel 316L,0.8,150,Medium Medium pipe for PU injection
PIPE-00546,10,12.0,1.0,220,78.54,0.0173,Medium,Medium,12.0,Stainless Steel 316L,0.8,150,Medium Medium pipe for PU injection
PIPE-00547,10,12.0,1.0,230,78.54,0.0181,Medium,Medium,12.0,Stainless Steel 316L,0.8,150,Medium Medium pipe for PU injection
PIPE-00548,10,12.0,1.0,240,78.54,0.0188,Medium,Medium,12.0,Stainless Steel 316L,0.8,150,Medium Medium pipe for PU injection
PIPE-00549,10,12.0,1.0,250,78.54,0.0196,Medium,Medium,12.0,Stainless Steel 316L,0.8,150,Medium Medium pipe for PU injection
PIPE-00550,10,12.0,1.0,260,78.54,0.0204,Medium,Medium,12.0,Stainless Steel 316L,0.8,150,Medium Medium pipe for PU injection
PIPE-00551,10,12.0,1.0,270,78.54,0.0212,Medium,Medium,12.0,Stainless Steel 316L,0.8,150,Medium Medium pipe for PU injection
PIPE-00552,10,12.0,1.0,280,78.54,0.022,Medium,Medium,12.0,Stainless Steel 316L,0.8,150,Medium Medium pipe for PU injection
PIPE-00553,10,12.0,1.0,290,78.54,0.0228,Medium,Medium,12.0,Stainless Steel 316L,0.8,150,Medium Medium pipe for PU injection
PIPE-00554,10,12.0,1.0,300,78.54,0.0236,Medium,Medium,12.0,Stainless Steel 316L,0.8,150,Medium Medium pipe for PU injection
PIPE-00555,10,12.0,1.0,310,78.54,0.0243,Medium,Medium,12.0,Stainless Steel 316L,0.8,150,Medium Medium pipe for PU injection
PIPE-00556,10,12.0,1.0,320,78.54,0.0251,Medium,Medium,12.0,Stainless Steel 316L,0.8,150,Medium Medium pipe for PU injection
PIPE-00557,10,12.0,1.0,330,78.54,0.0259,Medium,Medium,12.0,Stainless Steel 316L,0.8,150,Medium Medium pipe for PU injection
PIPE-00558,10,12.0,1.0,340,78.54,0.0267,Medium,Medium,12.0,Stainless Steel 316L,0.8,150,Medium Medium pipe for PU injection
PIPE-00559,10,12.0,1.0,350,78.54,0.0275,Medium,Medium,12.0,Stainless Steel 316L,0.8,150,Medium Medium pipe for PU injection
PIPE-00560,10,12.0,1.0,360,78.54,0.0283,Medium,Medium,12.0,Stainless Steel 316L,0.8,150,Medium Medium pipe for PU injection
PIPE-00561,10,12.0,1.0,370,78.54,0.0291,Medium,Medium,12.0,Stainless Steel 316L,0.8,150,Medium Medium pipe for PU injection
PIPE-00562,10,12.0,1.0,380,78.54,0.0298,Medium,Medium,12.0,Stainless Steel 316L,0.8,150,Medium Medium pipe for PU injection
PIPE-00563,10,12.0,1.0,390,78.54,0.0306,Medium,Medium,12.0,Stainless Steel 316L,0.8,150,Medium Medium pipe for PU injection
PIPE-00564,10,12.0,1.0,400,78.54,0.0314,Medium,Medium,12.0,Stainless Steel 316L,0.8,150,Medium Medium pipe for PU injection
PIPE-00565,10,12.0,1.0,410,78.54,0.0322,Medium,Medium,12.0,Stainless Steel 316L,0.8,150,Medium Medium pipe for PU injection
PIPE-00566,10,12.0,1.0,420,78.54,0.033,Medium,Medium,12.0,Stainless Steel 316L,0.8,150,Medium Medium pipe for PU injection
PIPE-00567,10,12.0,1.0,430,78.54,0.0338,Medium,Medium,12.0,Stainless Steel 316L,0.8,150,Medium Medium pipe for PU injection
PIPE-00568,10,12.0,1.0,440,78.54,0.0346,Medium,Medium,12.0,Stainless Steel 316L,0.8,150,Medium Medium pipe for PU injection
PIPE-00569,10,12.0,1.0,450,78.54,0.0353,Medium,Medium,12.0,Stainless Steel 316L,0.8,150,Medium Medium pipe for PU injection
PIPE-00570,10,12.0,1.0,460,78.54,0.0361,Medium,Medium,12.0,Stainless Steel 316L,0.8,150,Medium Medium pipe for PU injection
PIPE-00571,10,12.0,1.0,470,78.54,0.0369,Medium,Medium,12.0,Stainless Steel 316L,0.8,150,Medium Medium pipe for PU injection
PIPE-00572,10,12.0,1.0,480,78.54,0.0377,Medium,Medium,12.0,Stainless Steel 316L,0.8,150,Medium Medium pipe for PU injection
PIPE-00573,10,12.0,1.0,490,78.54,0.0385,Medium,Medium,12.0,Stainless Steel 316L,0.8,150,Medium Medium pipe for PU injection
PIPE-00574,10,12.0,1.0,500,78.54,0.0393,Medium,Long,12.0,Stainless Steel 316L,0.8,150,Medium Long pipe for PU injection
PIPE-00575,10,12.0,1.0,500,78.54,0.0393,Medium,Long,12.0,Stainless Steel 316L,0.8,150,Medium Long pipe for PU injection
PIPE-00576,10,12.0,1.0,525,78.54,0.0412,Medium,Long,12.0,Stainless Steel 316L,0.8,150,Medium Long pipe for PU injection
PIPE-00577,10,12.0,1.0,550,78.54,0.0432,Medium,Long,12.0,Stainless Steel 316L,0.8,150,Medium Long pipe for PU injection
PIPE-00578,10,12.0,1.0,575,78.54,0.0452,Medium,Long,12.0,Stainless Steel 316L,0.8,150,Medium Long pipe for PU injection
PIPE-00579,10,12.0,1.0,600,78.54,0.0471,Medium,Long,12.0,Stainless Steel 316L,0.8,150,Medium Long pipe for PU injection
PIPE-00580,10,12.0,1.0,625,78.54,0.0491,Medium,Long,12.0,Stainless Steel 316L,0.8,150,Medium Long pipe for PU injection
PIPE-00581,10,12.0,1.0,650,78.54,0.0511,Medium,Long,12.0,Stainless Steel 316L,0.8,150,Medium Long pipe for PU injection
PIPE-00582,10,12.0,1.0,675,78.54,0.053,Medium,Long,12.0,Stainless Steel 316L,0.8,150,Medium Long pipe for PU injection
PIPE-00583,10,12.0,1.0,700,78.54,0.055,Medium,Long,12.0,Stainless Steel 316L,0.8,150,Medium Long pipe for PU injection
PIPE-00584,10,12.0,1.0,725,78.54,0.0569,Medium,Long,12.0,Stainless Steel 316L,0.8,150,Medium Long pipe for PU injection
PIPE-00585,10,12.0,1.0,750,78.54,0.0589,Medium,Long,12.0,Stainless Steel 316L,0.8,150,Medium Long pipe for PU injection
PIPE-00586,10,12.0,1.0,775,78.54,0.0609,Medium,Long,12.0,Stainless Steel 316L,0.8,150,Medium Long pipe for PU injection
PIPE-00587,10,12.0,1.0,800,78.54,0.0628,Medium,Long,12.0,Stainless Steel 316L,0.8,150,Medium Long pipe for PU injection
PIPE-00588,10,12.0,1.0,825,78.54,0.0648,Medium,Long,12.0,Stainless Steel 316L,0.8,150,Medium Long pipe for PU injection
PIPE-00589,10,12.0,1.0,850,78.54,0.0668,Medium,Long,12.0,Stainless Steel 316L,0.8,150,Medium Long pipe for PU injection
PIPE-00590,10,12.0,1.0,875,78.54,0.0687,Medium,Long,12.0,Stainless Steel 316L,0.8,150,Medium Long pipe for PU injection
PIPE-00591,10,12.0,1.0,900,78.54,0.0707,Medium,Long,12.0,Stainless Steel 316L,0.8,150,Medium Long pipe for PU injection
PIPE-00592,10,12.0,1.0,925,78.54,0.0726,Medium,Long,12.0,Stainless Steel 316L,0.8,150,Medium Long pipe for PU injection
PIPE-00593,10,12.0,1.0,950,78.54,0.0746,Medium,Long,12.0,Stainless Steel 316L,0.8,150,Medium Long pipe for PU injection
PIPE-00594,10,12.0,1.0,975,78.54,0.0766,Medium,Long,12.0,Stainless Steel 316L,0.8,150,Medium Long pipe for PU injection
PIPE-00595,10,12.0,1.0,1000,78.54,0.0785,Medium,Extra Long,12.0,Stainless Steel 316L,0.8,150,Medium Extra Long pipe for PU injection
PIPE-00596,10,12.0,1.0,1000,78.54,0.0785,Medium,Extra Long,12.0,Stainless Steel 316L,0.8,150,Medium Extra Long pipe for PU injection
PIPE-00597,10,12.0,1.0,1050,78.54,0.0825,Medium,Extra Long,12.0,Stainless Steel 316L,0.8,150,Medium Extra Long pipe for PU injection
PIPE-00598,10,12.0,1.0,1100,78.54,0.0864,Medium,Extra Long,12.0,Stainless Steel 316L,0.8,150,Medium Extra Long pipe for PU injection
PIPE-00599,10,12.0,1.0,1150,78.54,0.0903,Medium,Extra Long,12.0,Stainless Steel 316L,0.8,150,Medium Extra Long pipe for PU injection
PIPE-00600,10,12.0,1.0,1200,78.54,0.0942,Medium,Extra Long,12.0,Stainless Steel 316L,0.8,150,Medium Extra Long pipe for PU injection
PIPE-00601,10,12.0,1.0,1250,78.54,0.0982,Medium,Extra Long,12.0,Stainless Steel 316L,0.8,150,Medium Extra Long pipe for PU injection
PIPE-00602,10,12.0,1.0,1300,78.54,0.1021,Medium,Extra Long,12.0,Stainless Steel 316L,0.8,150,Medium Extra Long pipe for PU injection
PIPE-00603,10,12.0,1.0,1350,78.54,0.106,Medium,Extra Long,12.0,Stainless Steel 316L,0.8,150,Medium Extra Long pipe for PU injection
PIPE-00604,10,12.0,1.0,1400,78.54,0.11,Medium,Extra Long,12.0,Stainless Steel 316L,0.8,150,Medium Extra Long pipe for PU injection
PIPE-00605,10,12.0,1.0,1450,78.54,0.1139,Medium,Extra Long,12.0,Stainless Steel 316L,0.8,150,Medium Extra Long pipe for PU injection
PIPE-00606,10,12.0,1.0,1500,78.54,0.1178,Medium,Extra Long,12.0,Stainless Steel 316L,0.8,150,Medium Extra Long pipe for PU injection
PIPE-00607,10,12.0,1.0,1550,78.54,0.1217,Medium,Extra Long,12.0,Stainless Steel 316L,0.8,150,Medium Extra Long pipe for PU injection
PIPE-00608,10,12.0,1.0,1600,78.54,0.1257,Medium,Extra Long,12.0,Stainless Steel 316L,0.8,150,Medium Extra Long pipe for PU injection
PIPE-00609,10,12.0,1.0,1650,78.54,0.1296,Medium,Extra Long,12.0,Stainless Steel 316L,0.8,150,Medium Extra Long pipe for PU injection
PIPE-00610,10,12.0,1.0,1700,78.54,0.1335,Medium,Extra Long,12.0,Stainless Steel 316L,0.8,150,Medium Extra Long pipe for PU injection
PIPE-00611,10,12.0,1.0,1750,78.54,0.1374,Medium,Extra Long,12.0,Stainless Steel 316L,0.8,150,Medium Extra Long pipe for PU injection
PIPE-00612,10,12.0,1.0,1800,78.54,0.1414,Medium,Extra Long,12.0,Stainless Steel 316L,0.8,150,Medium Extra Long pipe for PU injection
PIPE-00613,10,12.0,1.0,1850,78.54,0.1453,Medium,Extra Long,12.0,Stainless Steel 316L,0.8,150,Medium Extra Long pipe for PU injection
PIPE-00614,10,12.0,1.0,1900,78.54,0.1492,Medium,Extra Long,12.0,Stainless Steel 316L,0.8,150,Medium Extra Long pipe for PU injection
PIPE-00615,10,12.0,1.0,1950,78.54,0.1532,Medium,Extra Long,12.0,Stainless Steel 316L,0.8,150,Medium Extra Long pipe for PU injection
PIPE-00616,10,12.0,1.0,2000,78.54,0.1571,Medium,Extra Long,12.0,Stainless Steel 316L,0.8,150,Medium Extra Long pipe for PU injection
PIPE-00617,11,14.0,1.5,50,95.03,0.0048,Medium,Short,10.0,Stainless Steel 316L,0.8,150,Medium Short pipe for PU injection
PIPE-00618,11,14.0,1.5,60,95.03,0.0057,Medium,Short,10.0,Stainless Steel 316L,0.8,150,Medium Short pipe for PU injection
PIPE-00619,11,14.0,1.5,70,95.03,0.0067,Medium,Short,10.0,Stainless Steel 316L,0.8,150,Medium Short pipe for PU injection
PIPE-00620,11,14.0,1.5,80,95.03,0.0076,Medium,Short,10.0,Stainless Steel 316L,0.8,150,Medium Short pipe for PU injection
PIPE-00621,11,14.0,1.5,90,95.03,0.0086,Medium,Short,10.0,Stainless Steel 316L,0.8,150,Medium Short pipe for PU injection
PIPE-00622,11,14.0,1.5,100,95.03,0.0095,Medium,Short,10.0,Stainless Steel 316L,0.8,150,Medium Short pipe for PU injection
PIPE-00623,11,14.0,1.5,110,95.03,0.0105,Medium,Short,10.0,Stainless Steel 316L,0.8,150,Medium Short pipe for PU injection
PIPE-00624,11,14.0,1.5,120,95.03,0.0114,Medium,Short,10.0,Stainless Steel 316L,0.8,150,Medium Short pipe for PU injection
PIPE-00625,11,14.0,1.5,130,95.03,0.0124,Medium,Short,10.0,Stainless Steel 316L,0.8,150,Medium Short pipe for PU injection
PIPE-00626,11,14.0,1.5,140,95.03,0.0133,Medium,Short,10.0,Stainless Steel 316L,0.8,150,Medium Short pipe for PU injection
PIPE-00627,11,14.0,1.5,150,95.03,0.0143,Medium,Short,10.0,Stainless Steel 316L,0.8,150,Medium Short pipe for PU injection
PIPE-00628,11,14.0,1.5,160,95.03,0.0152,Medium,Short,10.0,Stainless Steel 316L,0.8,150,Medium Short pipe for PU injection
PIPE-00629,11,14.0,1.5,170,95.03,0.0162,Medium,Short,10.0,Stainless Steel 316L,0.8,150,Medium Short pipe for PU injection
PIPE-00630,11,14.0,1.5,180,95.03,0.0171,Medium,Short,10.0,Stainless Steel 316L,0.8,150,Medium Short pipe for PU injection
PIPE-00631,11,14.0,1.5,190,95.03,0.0181,Medium,Short,10.0,Stainless Steel 316L,0.8,150,Medium Short pipe for PU injection
PIPE-00632,11,14.0,1.5,200,95.03,0.019,Medium,Medium,10.0,Stainless Steel 316L,0.8,150,Medium Medium pipe for PU injection
PIPE-00633,11,14.0,1.5,210,95.03,0.02,Medium,Medium,10.0,Stainless Steel 316L,0.8,150,Medium Medium pipe for PU injection
PIPE-00634,11,14.0,1.5,220,95.03,0.0209,Medium,Medium,10.0,Stainless Steel 316L,0.8,150,Medium Medium pipe for PU injection
PIPE-00635,11,14.0,1.5,230,95.03,0.0219,Medium,Medium,10.0,Stainless Steel 316L,0.8,150,Medium Medium pipe for PU injection
PIPE-00636,11,14.0,1.5,240,95.03,0.0228,Medium,Medium,10.0,Stainless Steel 316L,0.8,150,Medium Medium pipe for PU injection
PIPE-00637,11,14.0,1.5,250,95.03,0.0238,Medium,Medium,10.0,Stainless Steel 316L,0.8,150,Medium Medium pipe for PU injection
PIPE-00638,11,14.0,1.5,260,95.03,0.0247,Medium,Medium,10.0,Stainless Steel 316L,0.8,150,Medium Medium pipe for PU injection
PIPE-00639,11,14.0,1.5,270,95.03,0.0257,Medium,Medium,10.0,Stainless Steel 316L,0.8,150,Medium Medium pipe for PU injection
PIPE-00640,11,14.0,1.5,280,95.03,0.0266,Medium,Medium,10.0,Stainless Steel 316L,0.8,150,Medium Medium pipe for PU injection
PIPE-00641,11,14.0,1.5,290,95.03,0.0276,Medium,Medium,10.0,Stainless Steel 316L,0.8,150,Medium Medium pipe for PU injection
PIPE-00642,11,14.0,1.5,300,95.03,0.0285,Medium,Medium,10.0,Stainless Steel 316L,0.8,150,Medium Medium pipe for PU injection
PIPE-00643,11,14.0,1.5,310,95.03,0.0295,Medium,Medium,10.0,Stainless Steel 316L,0.8,150,Medium Medium pipe for PU injection
PIPE-00644,11,14.0,1.5,320,95.03,0.0304,Medium,Medium,10.0,Stainless Steel 316L,0.8,150,Medium Medium pipe for PU injection
PIPE-00645,11,14.0,1.5,330,95.03,0.0314,Medium,Medium,10.0,Stainless Steel 316L,0.8,150,Medium Medium pipe for PU injection
PIPE-00646,11,14.0,1.5,340,95.03,0.0323,Medium,Medium,10.0,Stainless Steel 316L,0.8,150,Medium Medium pipe for PU injection
PIPE-00647,11,14.0,1.5,350,95.03,0.0333,Medium,Medium,10.0,Stainless Steel 316L,0.8,150,Medium Medium pipe for PU injection
PIPE-00648,11,14.0,1.5,360,95.03,0.0342,Medium,Medium,10.0,Stainless Steel 316L,0.8,150,Medium Medium pipe for PU injection
PIPE-00649,11,14.0,1.5,370,95.03,0.0352,Medium,Medium,10.0,Stainless Steel 316L,0.8,150,Medium Medium pipe for PU injection
PIPE-00650,11,14.0,1.5,380,95.03,0.0361,Medium,Medium,10.0,Stainless Steel 316L,0.8,150,Medium Medium pipe for PU injection
PIPE-00651,11,14.0,1.5,390,95.03,0.0371,Medium,Medium,10.0,Stainless Steel 316L,0.8,150,Medium Medium pipe for PU injection
PIPE-00652,11,14.0,1.5,400,95.03,0.038,Medium,Medium,10.0,Stainless Steel 316L,0.8,150,Medium Medium pipe for PU injection
PIPE-00653,11,14.0,1.5,410,95.03,0.039,Medium,Medium,10.0,Stainless Steel 316L,0.8,150,Medium Medium pipe for PU injection
PIPE-00654,11,14.0,1.5,420,95.03,0.0399,Medium,Medium,10.0,Stainless Steel 316L,0.8,150,Medium Medium pipe for PU injection
PIPE-00655,11,14.0,1.5,430,95.03,0.0409,Medium,Medium,10.0,Stainless Steel 316L,0.8,150,Medium Medium pipe for PU injection
PIPE-00656,11,14.0,1.5,440,95.03,0.0418,Medium,Medium,10.0,Stainless Steel 316L,0.8,150,Medium Medium pipe for PU injection
PIPE-00657,11,14.0,1.5,450,95.03,0.0428,Medium,Medium,10.0,Stainless Steel 316L,0.8,150,Medium Medium pipe for PU injection
PIPE-00658,11,14.0,1.5,460,95.03,0.0437,Medium,Medium,10.0,Stainless Steel 316L,0.8,150,Medium Medium pipe for PU injection
PIPE-00659,11,14.0,1.5,470,95.03,0.0447,Medium,Medium,10.0,Stainless Steel 316L,0.8,150,Medium Medium pipe for PU injection
PIPE-00660,11,14.0,1.5,480,95.03,0.0456,Medium,Medium,10.0,Stainless Steel 316L,0.8,150,Medium Medium pipe for PU injection
PIPE-00661,11,14.0,1.5,490,95.03,0.0466,Medium,Medium,10.0,Stainless Steel 316L,0.8,150,Medium Medium pipe for PU injection
PIPE-00662,11,14.0,1.5,500,95.03,0.0475,Medium,Long,10.0,Stainless Steel 316L,0.8,150,Medium Long pipe for PU injection
PIPE-00663,11,14.0,1.5,500,95.03,0.0475,Medium,Long,10.0,Stainless Steel 316L,0.8,150,Medium Long pipe for PU injection
PIPE-00664,11,14.0,1.5,525,95.03,0.0499,Medium,Long,10.0,Stainless Steel 316L,0.8,150,Medium Long pipe for PU injection
PIPE-00665,11,14.0,1.5,550,95.03,0.0523,Medium,Long,10.0,Stainless Steel 316L,0.8,150,Medium Long pipe for PU injection
PIPE-00666,11,14.0,1.5,575,95.03,0.0546,Medium,Long,10.0,Stainless Steel 316L,0.8,150,Medium Long pipe for PU injection
PIPE-00667,11,14.0,1.5,600,95.03,0.057,Medium,Long,10.0,Stainless Steel 316L,0.8,150,Medium Long pipe for PU injection
PIPE-00668,11,14.0,1.5,625,95.03,0.0594,Medium,Long,10.0,Stainless Steel 316L,0.8,150,Medium Long pipe for PU injection
PIPE-00669,11,14.0,1.5,650,95.03,0.0618,Medium,Long,10.0,Stainless Steel 316L,0.8,150,Medium Long pipe for PU injection
PIPE-00670,11,14.0,1.5,675,95.03,0.0641,Medium,Long,10.0,Stainless Steel 316L,0.8,150,Medium Long pipe for PU injection
PIPE-00671,11,14.0,1.5,700,95.03,0.0665,Medium,Long,10.0,Stainless Steel 316L,0.8,150,Medium Long pipe for PU injection
PIPE-00672,11,14.0,1.5,725,95.03,0.0689,Medium,Long,10.0,Stainless Steel 316L,0.8,150,Medium Long pipe for PU injection
PIPE-00673,11,14.0,1.5,750,95.03,0.0713,Medium,Long,10.0,Stainless Steel 316L,0.8,150,Medium Long pipe for PU injection
PIPE-00674,11,14.0,1.5,775,95.03,0.0737,Medium,Long,10.0,Stainless Steel 316L,0.8,150,Medium Long pipe for PU injection
PIPE-00675,11,14.0,1.5,800,95.03,0.076,Medium,Long,10.0,Stainless Steel 316L,0.8,150,Medium Long pipe for PU injection
PIPE-00676,11,14.0,1.5,825,95.03,0.0784,Medium,Long,10.0,Stainless Steel 316L,0.8,150,Medium Long pipe for PU injection
PIPE-00677,11,14.0,1.5,850,95.03,0.0808,Medium,Long,10.0,Stainless Steel 316L,0.8,150,Medium Long pipe for PU injection
PIPE-00678,11,14.0,1.5,875,95.03,0.0832,Medium,Long,10.0,Stainless Steel 316L,0.8,150,Medium Long pipe for PU injection
PIPE-00679,11,14.0,1.5,900,95.03,0.0855,Medium,Long,10.0,Stainless Steel 316L,0.8,150,Medium Long pipe for PU injection
PIPE-00680,11,14.0,1.5,925,95.03,0.0879,Medium,Long,10.0,Stainless Steel 316L,0.8,150,Medium Long pipe for PU injection
PIPE-00681,11,14.0,1.5,950,95.03,0.0903,Medium,Long,10.0,Stainless Steel 316L,0.8,150,Medium Long pipe for PU injection
PIPE-00682,11,14.0,1.5,975,95.03,0.0927,Medium,Long,10.0,Stainless Steel 316L,0.8,150,Medium Long pipe for PU injection
PIPE-00683,11,14.0,1.5,1000,95.03,0.095,Medium,Extra Long,10.0,Stainless Steel 316L,0.8,150,Medium Extra Long pipe for PU injection
PIPE-00684,11,14.0,1.5,1000,95.03,0.095,Medium,Extra Long,10.0,Stainless Steel 316L,0.8,150,Medium Extra Long pipe for PU injection
PIPE-00685,11,14.0,1.5,1050,95.03,0.0998,Medium,Extra Long,10.0,Stainless Steel 316L,0.8,150,Medium Extra Long pipe for PU injection
PIPE-00686,11,14.0,1.5,1100,95.03,0.1045,Medium,Extra Long,10.0,Stainless Steel 316L,0.8,150,Medium Extra Long pipe for PU injection
PIPE-00687,11,14.0,1.5,1150,95.03,0.1093,Medium,Extra Long,10.0,Stainless Steel 316L,0.8,150,Medium Extra Long pipe for PU injection
PIPE-00688,11,14.0,1.5,1200,95.03,0.114,Medium,Extra Long,10.0,Stainless Steel 316L,0.8,150,Medium Extra Long pipe for PU injection
PIPE-00689,11,14.0,1.5,1250,95.03,0.1188,Medium,Extra Long,10.0,Stainless Steel 316L,0.8,150,Medium Extra Long pipe for PU injection
PIPE-00690,11,14.0,1.5,1300,95.03,0.1235,Medium,Extra Long,10.0,Stainless Steel 316L,0.8,150,Medium Extra Long pipe for PU injection
PIPE-00691,11,14.0,1.5,1350,95.03,0.1283,Medium,Extra Long,10.0,Stainless Steel 316L,0.8,150,Medium Extra Long pipe for PU injection
PIPE-00692,11,14.0,1.5,1400,95.03,0.133,Medium,Extra Long,10.0,Stainless Steel 316L,0.8,150,Medium Extra Long pipe for PU injection
PIPE-00693,11,14.0,1.5,1450,95.03,0.1378,Medium,Extra Long,10.0,Stainless Steel 316L,0.8,150,Medium Extra Long pipe for PU injection
PIPE-00694,11,14.0,1.5,1500,95.03,0.1425,Medium,Extra Long,10.0,Stainless Steel 316L,0.8,150,Medium Extra Long pipe for PU injection
PIPE-00695,11,14.0,1.5,1550,95.03,0.1473,Medium,Extra Long,10.0,Stainless Steel 316L,0.8,150,Medium Extra Long pipe for PU injection
PIPE-00696,11,14.0,1.5,1600,95.03,0.1521,Medium,Extra Long,10.0,Stainless Steel 316L,0.8,150,Medium Extra Long pipe for PU injection
PIPE-00697,11,14.0,1.5,1650,95.03,0.1568,Medium,Extra Long,10.0,Stainless Steel 316L,0.8,150,Medium Extra Long pipe for PU injection
PIPE-00698,11,14.0,1.5,1700,95.03,0.1616,Medium,Extra Long,10.0,Stainless Steel 316L,0.8,150,Medium Extra Long pipe for PU injection
PIPE-00699,11,14.0,1.5,1750,95.03,0.1663,Medium,Extra Long,10.0,Stainless Steel 316L,0.8,150,Medium Extra Long pipe for PU injection
PIPE-00700,11,14.0,1.5,1800,95.03,0.1711,Medium,Extra Long,10.0,Stainless Steel 316L,0.8,150,Medium Extra Long pipe for PU injection
PIPE-00701,11,14.0,1.5,1850,95.03,0.1758,Medium,Extra Long,10.0,Stainless Steel 316L,0.8,150,Medium Extra Long pipe for PU injection
PIPE-00702,11,14.0,1.5,1900,95.03,0.1806,Medium,Extra Long,10.0,Stainless Steel 316L,0.8,150,Medium Extra Long pipe for PU injection
PIPE-00703,11,14.0,1.5,1950,95.03,0.1853,Medium,Extra Long,10.0,Stainless Steel 316L,0.8,150,Medium Extra Long pipe for PU injection
PIPE-00704,11,14.0,1.5,2000,95.03,0.1901,Medium,Extra Long,10.0,Stainless Steel 316L,0.8,150,Medium Extra Long pipe for PU injection
PIPE-00705,12,15.0,1.5,50,113.1,0.0057,Medium,Short,10.0,Stainless Steel 316L,0.8,150,Medium Short pipe for PU injection
PIPE-00706,12,15.0,1.5,60,113.1,0.0068,Medium,Short,10.0,Stainless Steel 316L,0.8,150,Medium Short pipe for PU injection
PIPE-00707,12,15.0,1.5,70,113.1,0.0079,Medium,Short,10.0,Stainless Steel 316L,0.8,150,Medium Short pipe for PU injection
PIPE-00708,12,15.0,1.5,80,113.1,0.009,Medium,Short,10.0,Stainless Steel 316L,0.8,150,Medium Short pipe for PU injection
PIPE-00709,12,15.0,1.5,90,113.1,0.0102,Medium,Short,10.0,Stainless Steel 316L,0.8,150,Medium Short pipe for PU injection
PIPE-00710,12,15.0,1.5,100,113.1,0.0113,Medium,Short,10.0,Stainless Steel 316L,0.8,150,Medium Short pipe for PU injection
PIPE-00711,12,15.0,1.5,110,113.1,0.0124,Medium,Short,10.0,Stainless Steel 316L,0.8,150,Medium Short pipe for PU injection
PIPE-00712,12,15.0,1.5,120,113.1,0.0136,Medium,Short,10.0,Stainless Steel 316L,0.8,150,Medium Short pipe for PU injection
PIPE-00713,12,15.0,1.5,130,113.1,0.0147,Medium,Short,10.0,Stainless Steel 316L,0.8,150,Medium Short pipe for PU injection
PIPE-00714,12,15.0,1.5,140,113.1,0.0158,Medium,Short,10.0,Stainless Steel 316L,0.8,150,Medium Short pipe for PU injection
PIPE-00715,12,15.0,1.5,150,113.1,0.017,Medium,Short,10.0,Stainless Steel 316L,0.8,150,Medium Short pipe for PU injection
PIPE-00716,12,15.0,1.5,160,113.1,0.0181,Medium,Short,10.0,Stainless Steel 316L,0.8,150,Medium Short pipe for PU injection
PIPE-00717,12,15.0,1.5,170,113.1,0.0192,Medium,Short,10.0,Stainless Steel 316L,0.8,150,Medium Short pipe for PU injection
PIPE-00718,12,15.0,1.5,180,113.1,0.0204,Medium,Short,10.0,Stainless Steel 316L,0.8,150,Medium Short pipe for PU injection
PIPE-00719,12,15.0,1.5,190,113.1,0.0215,Medium,Short,10.0,Stainless Steel 316L,0.8,150,Medium Short pipe for PU injection
PIPE-00720,12,15.0,1.5,200,113.1,0.0226,Medium,Medium,10.0,Stainless Steel 316L,0.8,150,Medium Medium pipe for PU injection
PIPE-00721,12,15.0,1.5,210,113.1,0.0238,Medium,Medium,10.0,Stainless Steel 316L,0.8,150,Medium Medium pipe for PU injection
PIPE-00722,12,15.0,1.5,220,113.1,0.0249,Medium,Medium,10.0,Stainless Steel 316L,0.8,150,Medium Medium pipe for PU injection
PIPE-00723,12,15.0,1.5,230,113.1,0.026,Medium,Medium,10.0,Stainless Steel 316L,0.8,150,Medium Medium pipe for PU injection
PIPE-00724,12,15.0,1.5,240,113.1,0.0271,Medium,Medium,10.0,Stainless Steel 316L,0.8,150,Medium Medium pipe for PU injection
PIPE-00725,12,15.0,1.5,250,113.1,0.0283,Medium,Medium,10.0,Stainless Steel 316L,0.8,150,Medium Medium pipe for PU injection
PIPE-00726,12,15.0,1.5,260,113.1,0.0294,Medium,Medium,10.0,Stainless Steel 316L,0.8,150,Medium Medium pipe for PU injection
PIPE-00727,12,15.0,1.5,270,113.1,0.0305,Medium,Medium,10.0,Stainless Steel 316L,0.8,150,Medium Medium pipe for PU injection
PIPE-00728,12,15.0,1.5,280,113.1,0.0317,Medium,Medium,10.0,Stainless Steel 316L,0.8,150,Medium Medium pipe for PU injection
PIPE-00729,12,15.0,1.5,290,113.1,0.0328,Medium,Medium,10.0,Stainless Steel 316L,0.8,150,Medium Medium pipe for PU injection
PIPE-00730,12,15.0,1.5,300,113.1,0.0339,Medium,Medium,10.0,Stainless Steel 316L,0.8,150,Medium Medium pipe for PU injection
PIPE-00731,12,15.0,1.5,310,113.1,0.0351,Medium,Medium,10.0,Stainless Steel 316L,0.8,150,Medium Medium pipe for PU injection
PIPE-00732,12,15.0,1.5,320,113.1,0.0362,Medium,Medium,10.0,Stainless Steel 316L,0.8,150,Medium Medium pipe for PU injection
PIPE-00733,12,15.0,1.5,330,113.1,0.0373,Medium,Medium,10.0,Stainless Steel 316L,0.8,150,Medium Medium pipe for PU injection
PIPE-00734,12,15.0,1.5,340,113.1,0.0385,Medium,Medium,10.0,Stainless Steel 316L,0.8,150,Medium Medium pipe for PU injection
PIPE-00735,12,15.0,1.5,350,113.1,0.0396,Medium,Medium,10.0,Stainless Steel 316L,0.8,150,Medium Medium pipe for PU injection
PIPE-00736,12,15.0,1.5,360,113.1,0.0407,Medium,Medium,10.0,Stainless Steel 316L,0.8,150,Medium Medium pipe for PU injection
PIPE-00737,12,15.0,1.5,370,113.1,0.0418,Medium,Medium,10.0,Stainless Steel 316L,0.8,150,Medium Medium pipe for PU injection
PIPE-00738,12,15.0,1.5,380,113.1,0.043,Medium,Medium,10.0,Stainless Steel 316L,0.8,150,Medium Medium pipe for PU injection
PIPE-00739,12,15.0,1.5,390,113.1,0.0441,Medium,Medium,10.0,Stainless Steel 316L,0.8,150,Medium Medium pipe for PU injection
PIPE-00740,12,15.0,1.5,400,113.1,0.0452,Medium,Medium,10.0,Stainless Steel 316L,0.8,150,Medium Medium pipe for PU injection
PIPE-00741,12,15.0,1.5,410,113.1,0.0464,Medium,Medium,10.0,Stainless Steel 316L,0.8,150,Medium Medium pipe for PU injection
PIPE-00742,12,15.0,1.5,420,113.1,0.0475,Medium,Medium,10.0,Stainless Steel 316L,0.8,150,Medium Medium pipe for PU injection
PIPE-00743,12,15.0,1.5,430,113.1,0.0486,Medium,Medium,10.0,Stainless Steel 316L,0.8,150,Medium Medium pipe for PU injection
PIPE-00744,12,15.0,1.5,440,113.1,0.0498,Medium,Medium,10.0,Stainless Steel 316L,0.8,150,Medium Medium pipe for PU injection
PIPE-00745,12,15.0,1.5,450,113.1,0.0509,Medium,Medium,10.0,Stainless Steel 316L,0.8,150,Medium Medium pipe for PU injection
PIPE-00746,12,15.0,1.5,460,113.1,0.052,Medium,Medium,10.0,Stainless Steel 316L,0.8,150,Medium Medium pipe for PU injection
PIPE-00747,12,15.0,1.5,470,113.1,0.0532,Medium,Medium,10.0,Stainless Steel 316L,0.8,150,Medium Medium pipe for PU injection
PIPE-00748,12,15.0,1.5,480,113.1,0.0543,Medium,Medium,10.0,Stainless Steel 316L,0.8,150,Medium Medium pipe for PU injection
PIPE-00749,12,15.0,1.5,490,113.1,0.0554,Medium,Medium,10.0,Stainless Steel 316L,0.8,150,Medium Medium pipe for PU injection
PIPE-00750,12,15.0,1.5,500,113.1,0.0565,Medium,Long,10.0,Stainless Steel 316L,0.8,150,Medium Long pipe for PU injection
PIPE-00751,12,15.0,1.5,500,113.1,0.0565,Medium,Long,10.0,Stainless Steel 316L,0.8,150,Medium Long pipe for PU injection
PIPE-00752,12,15.0,1.5,525,113.1,0.0594,Medium,Long,10.0,Stainless Steel 316L,0.8,150,Medium Long pipe for PU injection
PIPE-00753,12,15.0,1.5,550,113.1,0.0622,Medium,Long,10.0,Stainless Steel 316L,0.8,150,Medium Long pipe for PU injection
PIPE-00754,12,15.0,1.5,575,113.1,0.065,Medium,Long,10.0,Stainless Steel 316L,0.8,150,Medium Long pipe for PU injection
PIPE-00755,12,15.0,1.5,600,113.1,0.0679,Medium,Long,10.0,Stainless Steel 316L,0.8,150,Medium Long pipe for PU injection
PIPE-00756,12,15.0,1.5,625,113.1,0.0707,Medium,Long,10.0,Stainless Steel 316L,0.8,150,Medium Long pipe for PU injection
PIPE-00757,12,15.0,1.5,650,113.1,0.0735,Medium,Long,10.0,Stainless Steel 316L,0.8,150,Medium Long pipe for PU injection
PIPE-00758,12,15.0,1.5,675,113.1,0.0763,Medium,Long,10.0,Stainless Steel 316L,0.8,150,Medium Long pipe for PU injection
PIPE-00759,12,15.0,1.5,700,113.1,0.0792,Medium,Long,10.0,Stainless Steel 316L,0.8,150,Medium Long pipe for PU injection
PIPE-00760,12,15.0,1.5,725,113.1,0.082,Medium,Long,10.0,Stainless Steel 316L,0.8,150,Medium Long pipe for PU injection
PIPE-00761,12,15.0,1.5,750,113.1,0.0848,Medium,Long,10.0,Stainless Steel 316L,0.8,150,Medium Long pipe for PU injection
PIPE-00762,12,15.0,1.5,775,113.1,0.0877,Medium,Long,10.0,Stainless Steel 316L,0.8,150,Medium Long pipe for PU injection
PIPE-00763,12,15.0,1.5,800,113.1,0.0905,Medium,Long,10.0,Stainless Steel 316L,0.8,150,Medium Long pipe for PU injection
PIPE-00764,12,15.0,1.5,825,113.1,0.0933,Medium,Long,10.0,Stainless Steel 316L,0.8,150,Medium Long pipe for PU injection
PIPE-00765,12,15.0,1.5,850,113.1,0.0961,Medium,Long,10.0,Stainless Steel 316L,0.8,150,Medium Long pipe for PU injection
PIPE-00766,12,15.0,1.5,875,113.1,0.099,Medium,Long,10.0,Stainless Steel 316L,0.8,150,Medium Long pipe for PU injection
PIPE-00767,12,15.0,1.5,900,113.1,0.1018,Medium,Long,10.0,Stainless Steel 316L,0.8,150,Medium Long pipe for PU injection
PIPE-00768,12,15.0,1.5,925,113.1,0.1046,Medium,Long,10.0,Stainless Steel 316L,0.8,150,Medium Long pipe for PU injection
PIPE-00769,12,15.0,1.5,950,113.1,0.1074,Medium,Long,10.0,Stainless Steel 316L,0.8,150,Medium Long pipe for PU injection
PIPE-00770,12,15.0,1.5,975,113.1,0.1103,Medium,Long,10.0,Stainless Steel 316L,0.8,150,Medium Long pipe for PU injection
PIPE-00771,12,15.0,1.5,1000,113.1,0.1131,Medium,Extra Long,10.0,Stainless Steel 316L,0.8,150,Medium Extra Long pipe for PU injection
PIPE-00772,12,15.0,1.5,1000,113.1,0.1131,Medium,Extra Long,10.0,Stainless Steel 316L,0.8,150,Medium Extra Long pipe for PU injection
PIPE-00773,12,15.0,1.5,1050,113.1,0.1188,Medium,Extra Long,10.0,Stainless Steel 316L,0.8,150,Medium Extra Long pipe for PU injection
PIPE-00774,12,15.0,1.5,1100,113.1,0.1244,Medium,Extra Long,10.0,Stainless Steel 316L,0.8,150,Medium Extra Long pipe for PU injection
PIPE-00775,12,15.0,1.5,1150,113.1,0.1301,Medium,Extra Long,10.0,Stainless Steel 316L,0.8,150,Medium Extra Long pipe for PU injection
PIPE-00776,12,15.0,1.5,1200,113.1,0.1357,Medium,Extra Long,10.0,Stainless Steel 316L,0.8,150,Medium Extra Long pipe for PU injection
PIPE-00777,12,15.0,1.5,1250,113.1,0.1414,Medium,Extra Long,10.0,Stainless Steel 316L,0.8,150,Medium Extra Long pipe for PU injection
PIPE-00778,12,15.0,1.5,1300,113.1,0.147,Medium,Extra Long,10.0,Stainless Steel 316L,0.8,150,Medium Extra Long pipe for PU injection
PIPE-00779,12,15.0,1.5,1350,113.1,0.1527,Medium,Extra Long,10.0,Stainless Steel 316L,0.8,150,Medium Extra Long pipe for PU injection
PIPE-00780,12,15.0,1.5,1400,113.1,0.1583,Medium,Extra Long,10.0,Stainless Steel 316L,0.8,150,Medium Extra Long pipe for PU injection
PIPE-00781,12,15.0,1.5,1450,113.1,0.164,Medium,Extra Long,10.0,Stainless Steel 316L,0.8,150,Medium Extra Long pipe for PU injection
PIPE-00782,12,15.0,1.5,1500,113.1,0.1696,Medium,Extra Long,10.0,Stainless Steel 316L,0.8,150,Medium Extra Long pipe for PU injection
PIPE-00783,12,15.0,1.5,1550,113.1,0.1753,Medium,Extra Long,10.0,Stainless Steel 316L,0.8,150,Medium Extra Long pipe for PU injection
PIPE-00784,12,15.0,1.5,1600,113.1,0.181,Medium,Extra Long,10.0,Stainless Steel 316L,0.8,150,Medium Extra Long pipe for PU injection
PIPE-00785,12,15.0,1.5,1650,113.1,0.1866,Medium,Extra Long,10.0,Stainless Steel 316L,0.8,150,Medium Extra Long pipe for PU injection
PIPE-00786,12,15.0,1.5,1700,113.1,0.1923,Medium,Extra Long,10.0,Stainless Steel 316L,0.8,150,Medium Extra Long pipe for PU injection
PIPE-00787,12,15.0,1.5,1750,113.1,0.1979,Medium,Extra Long,10.0,Stainless Steel 316L,0.8,150,Medium Extra Long pipe for PU injection
PIPE-00788,12,15.0,1.5,1800,113.1,0.2036,Medium,Extra Long,10.0,Stainless Steel 316L,0.8,150,Medium Extra Long pipe for PU injection
PIPE-00789,12,15.0,1.5,1850,113.1,0.2092,Medium,Extra Long,10.0,Stainless Steel 316L,0.8,150,Medium Extra Long pipe for PU injection
PIPE-00790,12,15.0,1.5,1900,113.1,0.2149,Medium,Extra Long,10.0,Stainless Steel 316L,0.8,150,Medium Extra Long pipe for PU injection
PIPE-00791,12,15.0,1.5,1950,113.1,0.2205,Medium,Extra Long,10.0,Stainless Steel 316L,0.8,150,Medium Extra Long pipe for PU injection
PIPE-00792,12,15.0,1.5,2000,113.1,0.2262,Medium,Extra Long,10.0,Stainless Steel 316L,0.8,150,Medium Extra Long pipe for PU injection
PIPE-00793,13,16.0,1.5,50,132.73,0.0066,Medium,Short,10.0,Stainless Steel 316L,0.8,150,Medium Short pipe for PU injection
PIPE-00794,13,16.0,1.5,60,132.73,0.008,Medium,Short,10.0,Stainless Steel 316L,0.8,150,Medium Short pipe for PU injection
PIPE-00795,13,16.0,1.5,70,132.73,0.0093,Medium,Short,10.0,Stainless Steel 316L,0.8,150,Medium Short pipe for PU injection
PIPE-00796,13,16.0,1.5,80,132.73,0.0106,Medium,Short,10.0,Stainless Steel 316L,0.8,150,Medium Short pipe for PU injection
PIPE-00797,13,16.0,1.5,90,132.73,0.0119,Medium,Short,10.0,Stainless Steel 316L,0.8,150,Medium Short pipe for PU injection
PIPE-00798,13,16.0,1.5,100,132.73,0.0133,Medium,Short,10.0,Stainless Steel 316L,0.8,150,Medium Short pipe for PU injection
PIPE-00799,13,16.0,1.5,110,132.73,0.0146,Medium,Short,10.0,Stainless Steel 316L,0.8,150,Medium Short pipe for PU injection
PIPE-00800,13,16.0,1.5,120,132.73,0.0159,Medium,Short,10.0,Stainless Steel 316L,0.8,150,Medium Short pipe for PU injection
PIPE-00801,13,16.0,1.5,130,132.73,0.0173,Medium,Short,10.0,Stainless Steel 316L,0.8,150,Medium Short pipe for PU injection
PIPE-00802,13,16.0,1.5,140,132.73,0.0186,Medium,Short,10.0,Stainless Steel 316L,0.8,150,Medium Short pipe for PU injection
PIPE-00803,13,16.0,1.5,150,132.73,0.0199,Medium,Short,10.0,Stainless Steel 316L,0.8,150,Medium Short pipe for PU injection
PIPE-00804,13,16.0,1.5,160,132.73,0.0212,Medium,Short,10.0,Stainless Steel 316L,0.8,150,Medium Short pipe for PU injection
PIPE-00805,13,16.0,1.5,170,132.73,0.0226,Medium,Short,10.0,Stainless Steel 316L,0.8,150,Medium Short pipe for PU injection
PIPE-00806,13,16.0,1.5,180,132.73,0.0239,Medium,Short,10.0,Stainless Steel 316L,0.8,150,Medium Short pipe for PU injection
PIPE-00807,13,16.0,1.5,190,132.73,0.0252,Medium,Short,10.0,Stainless Steel 316L,0.8,150,Medium Short pipe for PU injection
PIPE-00808,13,16.0,1.5,200,132.73,0.0265,Medium,Medium,10.0,Stainless Steel 316L,0.8,150,Medium Medium pipe for PU injection
PIPE-00809,13,16.0,1.5,210,132.73,0.0279,Medium,Medium,10.0,Stainless Steel 316L,0.8,150,Medium Medium pipe for PU injection
PIPE-00810,13,16.0,1.5,220,132.73,0.0292,Medium,Medium,10.0,Stainless Steel 316L,0.8,150,Medium Medium pipe for PU injection
PIPE-00811,13,16.0,1.5,230,132.73,0.0305,Medium,Medium,10.0,Stainless Steel 316L,0.8,150,Medium Medium pipe for PU injection
PIPE-00812,13,16.0,1.5,240,132.73,0.0319,Medium,Medium,10.0,Stainless Steel 316L,0.8,150,Medium Medium pipe for PU injection
PIPE-00813,13,16.0,1.5,250,132.73,0.0332,Medium,Medium,10.0,Stainless Steel 316L,0.8,150,Medium Medium pipe for PU injection
PIPE-00814,13,16.0,1.5,260,132.73,0.0345,Medium,Medium,10.0,Stainless Steel 316L,0.8,150,Medium Medium pipe for PU injection
PIPE-00815,13,16.0,1.5,270,132.73,0.0358,Medium,Medium,10.0,Stainless Steel 316L,0.8,150,Medium Medium pipe for PU injection
PIPE-00816,13,16.0,1.5,280,132.73,0.0372,Medium,Medium,10.0,Stainless Steel 316L,0.8,150,Medium Medium pipe for PU injection
PIPE-00817,13,16.0,1.5,290,132.73,0.0385,Medium,Medium,10.0,Stainless Steel 316L,0.8,150,Medium Medium pipe for PU injection
PIPE-00818,13,16.0,1.5,300,132.73,0.0398,Medium,Medium,10.0,Stainless Steel 316L,0.8,150,Medium Medium pipe for PU injection
PIPE-00819,13,16.0,1.5,310,132.73,0.0411,Medium,Medium,10.0,Stainless Steel 316L,0.8,150,Medium Medium pipe for PU injection
PIPE-00820,13,16.0,1.5,320,132.73,0.0425,Medium,Medium,10.0,Stainless Steel 316L,0.8,150,Medium Medium pipe for PU injection
PIPE-00821,13,16.0,1.5,330,132.73,0.0438,Medium,Medium,10.0,Stainless Steel 316L,0.8,150,Medium Medium pipe for PU injection
PIPE-00822,13,16.0,1.5,340,132.73,0.0451,Medium,Medium,10.0,Stainless Steel 316L,0.8,150,Medium Medium pipe for PU injection
PIPE-00823,13,16.0,1.5,350,132.73,0.0465,Medium,Medium,10.0,Stainless Steel 316L,0.8,150,Medium Medium pipe for PU injection
PIPE-00824,13,16.0,1.5,360,132.73,0.0478,Medium,Medium,10.0,Stainless Steel 316L,0.8,150,Medium Medium pipe for PU injection
PIPE-00825,13,16.0,1.5,370,132.73,0.0491,Medium,Medium,10.0,Stainless Steel 316L,0.8,150,Medium Medium pipe for PU injection
PIPE-00826,13,16.0,1.5,380,132.73,0.0504,Medium,Medium,10.0,Stainless Steel 316L,0.8,150,Medium Medium pipe for PU injection
PIPE-00827,13,16.0,1.5,390,132.73,0.0518,Medium,Medium,10.0,Stainless Steel 316L,0.8,150,Medium Medium pipe for PU injection
PIPE-00828,13,16.0,1.5,400,132.73,0.0531,Medium,Medium,10.0,Stainless Steel 316L,0.8,150,Medium Medium pipe for PU injection
PIPE-00829,13,16.0,1.5,410,132.73,0.0544,Medium,Medium,10.0,Stainless Steel 316L,0.8,150,Medium Medium pipe for PU injection
PIPE-00830,13,16.0,1.5,420,132.73,0.0557,Medium,Medium,10.0,Stainless Steel 316L,0.8,150,Medium Medium pipe for PU injection
PIPE-00831,13,16.0,1.5,430,132.73,0.0571,Medium,Medium,10.0,Stainless Steel 316L,0.8,150,Medium Medium pipe for PU injection
PIPE-00832,13,16.0,1.5,440,132.73,0.0584,Medium,Medium,10.0,Stainless Steel 316L,0.8,150,Medium Medium pipe for PU injection
PIPE-00833,13,16.0,1.5,450,132.73,0.0597,Medium,Medium,10.0,Stainless Steel 316L,0.8,150,Medium Medium pipe for PU injection
PIPE-00834,13,16.0,1.5,460,132.73,0.0611,Medium,Medium,10.0,Stainless Steel 316L,0.8,150,Medium Medium pipe for PU injection
PIPE-00835,13,16.0,1.5,470,132.73,0.0624,Medium,Medium,10.0,Stainless Steel 316L,0.8,150,Medium Medium pipe for PU injection
PIPE-00836,13,16.0,1.5,480,132.73,0.0637,Medium,Medium,10.0,Stainless Steel 316L,0.8,150,Medium Medium pipe for PU injection
PIPE-00837,13,16.0,1.5,490,132.73,0.065,Medium,Medium,10.0,Stainless Steel 316L,0.8,150,Medium Medium pipe for PU injection
PIPE-00838,13,16.0,1.5,500,132.73,0.0664,Medium,Long,10.0,Stainless Steel 316L,0.8,150,Medium Long pipe for PU injection
PIPE-00839,13,16.0,1.5,500,132.73,0.0664,Medium,Long,10.0,Stainless Steel 316L,0.8,150,Medium Long pipe for PU injection
PIPE-00840,13,16.0,1.5,525,132.73,0.0697,Medium,Long,10.0,Stainless Steel 316L,0.8,150,Medium Long pipe for PU injection
PIPE-00841,13,16.0,1.5,550,132.73,0.073,Medium,Long,10.0,Stainless Steel 316L,0.8,150,Medium Long pipe for PU injection
PIPE-00842,13,16.0,1.5,575,132.73,0.0763,Medium,Long,10.0,Stainless Steel 316L,0.8,150,Medium Long pipe for PU injection
PIPE-00843,13,16.0,1.5,600,132.73,0.0796,Medium,Long,10.0,Stainless Steel 316L,0.8,150,Medium Long pipe for PU injection
PIPE-00844,13,16.0,1.5,625,132.73,0.083,Medium,Long,10.0,Stainless Steel 316L,0.8,150,Medium Long pipe for PU injection
PIPE-00845,13,16.0,1.5,650,132.73,0.0863,Medium,Long,10.0,Stainless Steel 316L,0.8,150,Medium Long pipe for PU injection
PIPE-00846,13,16.0,1.5,675,132.73,0.0896,Medium,Long,10.0,Stainless Steel 316L,0.8,150,Medium Long pipe for PU injection
PIPE-00847,13,16.0,1.5,700,132.73,0.0929,Medium,Long,10.0,Stainless Steel 316L,0.8,150,Medium Long pipe for PU injection
PIPE-00848,13,16.0,1.5,725,132.73,0.0962,Medium,Long,10.0,Stainless Steel 316L,0.8,150,Medium Long pipe for PU injection
PIPE-00849,13,16.0,1.5,750,132.73,0.0995,Medium,Long,10.0,Stainless Steel 316L,0.8,150,Medium Long pipe for PU injection
PIPE-00850,13,16.0,1.5,775,132.73,0.1029,Medium,Long,10.0,Stainless Steel 316L,0.8,150,Medium Long pipe for PU injection
PIPE-00851,13,16.0,1.5,800,132.73,0.1062,Medium,Long,10.0,Stainless Steel 316L,0.8,150,Medium Long pipe for PU injection
PIPE-00852,13,16.0,1.5,825,132.73,0.1095,Medium,Long,10.0,Stainless Steel 316L,0.8,150,Medium Long pipe for PU injection
PIPE-00853,13,16.0,1.5,850,132.73,0.1128,Medium,Long,10.0,Stainless Steel 316L,0.8,150,Medium Long pipe for PU injection
PIPE-00854,13,16.0,1.5,875,132.73,0.1161,Medium,Long,10.0,Stainless Steel 316L,0.8,150,Medium Long pipe for PU injection
PIPE-00855,13,16.0,1.5,900,132.73,0.1195,Medium,Long,10.0,Stainless Steel 316L,0.8,150,Medium Long pipe for PU injection
PIPE-00856,13,16.0,1.5,925,132.73,0.1228,Medium,Long,10.0,Stainless Steel 316L,0.8,150,Medium Long pipe for PU injection
PIPE-00857,13,16.0,1.5,950,132.73,0.1261,Medium,Long,10.0,Stainless Steel 316L,0.8,150,Medium Long pipe for PU injection
PIPE-00858,13,16.0,1.5,975,132.73,0.1294,Medium,Long,10.0,Stainless Steel 316L,0.8,150,Medium Long pipe for PU injection
PIPE-00859,13,16.0,1.5,1000,132.73,0.1327,Medium,Extra Long,10.0,Stainless Steel 316L,0.8,150,Medium Extra Long pipe for PU injection
PIPE-00860,13,16.0,1.5,1000,132.73,0.1327,Medium,Extra Long,10.0,Stainless Steel 316L,0.8,150,Medium Extra Long pipe for PU injection
PIPE-00861,13,16.0,1.5,1050,132.73,0.1394,Medium,Extra Long,10.0,Stainless Steel 316L,0.8,150,Medium Extra Long pipe for PU injection
PIPE-00862,13,16.0,1.5,1100,132.73,0.146,Medium,Extra Long,10.0,Stainless Steel 316L,0.8,150,Medium Extra Long pipe for PU injection
PIPE-00863,13,16.0,1.5,1150,132.73,0.1526,Medium,Extra Long,10.0,Stainless Steel 316L,0.8,150,Medium Extra Long pipe for PU injection
PIPE-00864,13,16.0,1.5,1200,132.73,0.1593,Medium,Extra Long,10.0,Stainless Steel 316L,0.8,150,Medium Extra Long pipe for PU injection
PIPE-00865,13,16.0,1.5,1250,132.73,0.1659,Medium,Extra Long,10.0,Stainless Steel 316L,0.8,150,Medium Extra Long pipe for PU injection
PIPE-00866,13,16.0,1.5,1300,132.73,0.1726,Medium,Extra Long,10.0,Stainless Steel 316L,0.8,150,Medium Extra Long pipe for PU injection
PIPE-00867,13,16.0,1.5,1350,132.73,0.1792,Medium,Extra Long,10.0,Stainless Steel 316L,0.8,150,Medium Extra Long pipe for PU injection
PIPE-00868,13,16.0,1.5,1400,132.73,0.1858,Medium,Extra Long,10.0,Stainless Steel 316L,0.8,150,Medium Extra Long pipe for PU injection
PIPE-00869,13,16.0,1.5,1450,132.73,0.1925,Medium,Extra Long,10.0,Stainless Steel 316L,0.8,150,Medium Extra Long pipe for PU injection
PIPE-00870,13,16.0,1.5,1500,132.73,0.1991,Medium,Extra Long,10.0,Stainless Steel 316L,0.8,150,Medium Extra Long pipe for PU injection
PIPE-00871,13,16.0,1.5,1550,132.73,0.2057,Medium,Extra Long,10.0,Stainless Steel 316L,0.8,150,Medium Extra Long pipe for PU injection
PIPE-00872,13,16.0,1.5,1600,132.73,0.2124,Medium,Extra Long,10.0,Stainless Steel 316L,0.8,150,Medium Extra Long pipe for PU injection
PIPE-00873,13,16.0,1.5,1650,132.73,0.219,Medium,Extra Long,10.0,Stainless Steel 316L,0.8,150,Medium Extra Long pipe for PU injection
PIPE-00874,13,16.0,1.5,1700,132.73,0.2256,Medium,Extra Long,10.0,Stainless Steel 316L,0.8,150,Medium Extra Long pipe for PU injection
PIPE-00875,13,16.0,1.5,1750,132.73,0.2323,Medium,Extra Long,10.0,Stainless Steel 316L,0.8,150,Medium Extra Long pipe for PU injection
PIPE-00876,13,16.0,1.5,1800,132.73,0.2389,Medium,Extra Long,10.0,Stainless Steel 316L,0.8,150,Medium Extra Long pipe for PU injection
PIPE-00877,13,16.0,1.5,1850,132.73,0.2456,Medium,Extra Long,10.0,Stainless Steel 316L,0.8,150,Medium Extra Long pipe for PU injection
PIPE-00878,13,16.0,1.5,1900,132.73,0.2522,Medium,Extra Long,10.0,Stainless Steel 316L,0.8,150,Medium Extra Long pipe for PU injection
PIPE-00879,13,16.0,1.5,1950,132.73,0.2588,Medium,Extra Long,10.0,Stainless Steel 316L,0.8,150,Medium Extra Long pipe for PU injection
PIPE-00880,13,16.0,1.5,2000,132.73,0.2655,Medium,Extra Long,10.0,Stainless Steel 316L,0.8,150,Medium Extra Long pipe for PU injection
PIPE-00881,14,17.0,1.5,50,153.94,0.0077,Medium,Short,10.0,Stainless Steel 316L,0.8,150,Medium Short pipe for PU injection
PIPE-00882,14,17.0,1.5,60,153.94,0.0092,Medium,Short,10.0,Stainless Steel 316L,0.8,150,Medium Short pipe for PU injection
PIPE-00883,14,17.0,1.5,70,153.94,0.0108,Medium,Short,10.0,Stainless Steel 316L,0.8,150,Medium Short pipe for PU injection
PIPE-00884,14,17.0,1.5,80,153.94,0.0123,Medium,Short,10.0,Stainless Steel 316L,0.8,150,Medium Short pipe for PU injection
PIPE-00885,14,17.0,1.5,90,153.94,0.0139,Medium,Short,10.0,Stainless Steel 316L,0.8,150,Medium Short pipe for PU injection
PIPE-00886,14,17.0,1.5,100,153.94,0.0154,Medium,Short,10.0,Stainless Steel 316L,0.8,150,Medium Short pipe for PU injection
PIPE-00887,14,17.0,1.5,110,153.94,0.0169,Medium,Short,10.0,Stainless Steel 316L,0.8,150,Medium Short pipe for PU injection
PIPE-00888,14,17.0,1.5,120,153.94,0.0185,Medium,Short,10.0,Stainless Steel 316L,0.8,150,Medium Short pipe for PU injection
PIPE-00889,14,17.0,1.5,130,153.94,0.02,Medium,Short,10.0,Stainless Steel 316L,0.8,150,Medium Short pipe for PU injection
PIPE-00890,14,17.0,1.5,140,153.94,0.0216,Medium,Short,10.0,Stainless Steel 316L,0.8,150,Medium Short pipe for PU injection
PIPE-00891,14,17.0,1.5,150,153.94,0.0231,Medium,Short,10.0,Stainless Steel 316L,0.8,150,Medium Short pipe for PU injection
PIPE-00892,14,17.0,1.5,160,153.94,0.0246,Medium,Short,10.0,Stainless Steel 316L,0.8,150,Medium Short pipe for PU injection
PIPE-00893,14,17.0,1.5,170,153.94,0.0262,Medium,Short,10.0,Stainless Steel 316L,0.8,150,Medium Short pipe for PU injection
PIPE-00894,14,17.0,1.5,180,153.94,0.0277,Medium,Short,10.0,Stainless Steel 316L,0.8,150,Medium Short pipe for PU injection
PIPE-00895,14,17.0,1.5,190,153.94,0.0292,Medium,Short,10.0,Stainless Steel 316L,0.8,150,Medium Short pipe for PU injection
PIPE-00896,14,17.0,1.5,200,153.94,0.0308,Medium,Medium,10.0,Stainless Steel 316L,0.8,150,Medium Medium pipe for PU injection
PIPE-00897,14,17.0,1.5,210,153.94,0.0323,Medium,Medium,10.0,Stainless Steel 316L,0.8,150,Medium Medium pipe for PU injection
PIPE-00898,14,17.0,1.5,220,153.94,0.0339,Medium,Medium,10.0,Stainless Steel 316L,0.8,150,Medium Medium pipe for PU injection
PIPE-00899,14,17.0,1.5,230,153.94,0.0354,Medium,Medium,10.0,Stainless Steel 316L,0.8,150,Medium Medium pipe for PU injection
PIPE-00900,14,17.0,1.5,240,153.94,0.0369,Medium,Medium,10.0,Stainless Steel 316L,0.8,150,Medium Medium pipe for PU injection
PIPE-00901,14,17.0,1.5,250,153.94,0.0385,Medium,Medium,10.0,Stainless Steel 316L,0.8,150,Medium Medium pipe for PU injection
PIPE-00902,14,17.0,1.5,260,153.94,0.04,Medium,Medium,10.0,Stainless Steel 316L,0.8,150,Medium Medium pipe for PU injection
PIPE-00903,14,17.0,1.5,270,153.94,0.0416,Medium,Medium,10.0,Stainless Steel 316L,0.8,150,Medium Medium pipe for PU injection
PIPE-00904,14,17.0,1.5,280,153.94,0.0431,Medium,Medium,10.0,Stainless Steel 316L,0.8,150,Medium Medium pipe for PU injection
PIPE-00905,14,17.0,1.5,290,153.94,0.0446,Medium,Medium,10.0,Stainless Steel 316L,0.8,150,Medium Medium pipe for PU injection
PIPE-00906,14,17.0,1.5,300,153.94,0.0462,Medium,Medium,10.0,Stainless Steel 316L,0.8,150,Medium Medium pipe for PU injection
PIPE-00907,14,17.0,1.5,310,153.94,0.0477,Medium,Medium,10.0,Stainless Steel 316L,0.8,150,Medium Medium pipe for PU injection
PIPE-00908,14,17.0,1.5,320,153.94,0.0493,Medium,Medium,10.0,Stainless Steel 316L,0.8,150,Medium Medium pipe for PU injection
PIPE-00909,14,17.0,1.5,330,153.94,0.0508,Medium,Medium,10.0,Stainless Steel 316L,0.8,150,Medium Medium pipe for PU injection
PIPE-00910,14,17.0,1.5,340,153.94,0.0523,Medium,Medium,10.0,Stainless Steel 316L,0.8,150,Medium Medium pipe for PU injection
PIPE-00911,14,17.0,1.5,350,153.94,0.0539,Medium,Medium,10.0,Stainless Steel 316L,0.8,150,Medium Medium pipe for PU injection
PIPE-00912,14,17.0,1.5,360,153.94,0.0554,Medium,Medium,10.0,Stainless Steel 316L,0.8,150,Medium Medium pipe for PU injection
PIPE-00913,14,17.0,1.5,370,153.94,0.057,Medium,Medium,10.0,Stainless Steel 316L,0.8,150,Medium Medium pipe for PU injection
PIPE-00914,14,17.0,1.5,380,153.94,0.0585,Medium,Medium,10.0,Stainless Steel 316L,0.8,150,Medium Medium pipe for PU injection
PIPE-00915,14,17.0,1.5,390,153.94,0.06,Medium,Medium,10.0,Stainless Steel 316L,0.8,150,Medium Medium pipe for PU injection
PIPE-00916,14,17.0,1.5,400,153.94,0.0616,Medium,Medium,10.0,Stainless Steel 316L,0.8,150,Medium Medium pipe for PU injection
PIPE-00917,14,17.0,1.5,410,153.94,0.0631,Medium,Medium,10.0,Stainless Steel 316L,0.8,150,Medium Medium pipe for PU injection
PIPE-00918,14,17.0,1.5,420,153.94,0.0647,Medium,Medium,10.0,Stainless Steel 316L,0.8,150,Medium Medium pipe for PU injection
PIPE-00919,14,17.0,1.5,430,153.94,0.0662,Medium,Medium,10.0,Stainless Steel 316L,0.8,150,Medium Medium pipe for PU injection
PIPE-00920,14,17.0,1.5,440,153.94,0.0677,Medium,Medium,10.0,Stainless Steel 316L,0.8,150,Medium Medium pipe for PU injection
PIPE-00921,14,17.0,1.5,450,153.94,0.0693,Medium,Medium,10.0,Stainless Steel 316L,0.8,150,Medium Medium pipe for PU injection
PIPE-00922,14,17.0,1.5,460,153.94,0.0708,Medium,Medium,10.0,Stainless Steel 316L,0.8,150,Medium Medium pipe for PU injection
PIPE-00923,14,17.0,1.5,470,153.94,0.0724,Medium,Medium,10.0,Stainless Steel 316L,0.8,150,Medium Medium pipe for PU injection
PIPE-00924,14,17.0,1.5,480,153.94,0.0739,Medium,Medium,10.0,Stainless Steel 316L,0.8,150,Medium Medium pipe for PU injection
PIPE-00925,14,17.0,1.5,490,153.94,0.0754,Medium,Medium,10.0,Stainless Steel 316L,0.8,150,Medium Medium pipe for PU injection
PIPE-00926,14,17.0,1.5,500,153.94,0.077,Medium,Long,10.0,Stainless Steel 316L,0.8,150,Medium Long pipe for PU injection
PIPE-00927,14,17.0,1.5,500,153.94,0.077,Medium,Long,10.0,Stainless Steel 316L,0.8,150,Medium Long pipe for PU injection
PIPE-00928,14,17.0,1.5,525,153.94,0.0808,Medium,Long,10.0,Stainless Steel 316L,0.8,150,Medium Long pipe for PU injection
PIPE-00929,14,17.0,1.5,550,153.94,0.0847,Medium,Long,10.0,Stainless Steel 316L,0.8,150,Medium Long pipe for PU injection
PIPE-00930,14,17.0,1.5,575,153.94,0.0885,Medium,Long,10.0,Stainless Steel 316L,0.8,150,Medium Long pipe for PU injection
PIPE-00931,14,17.0,1.5,600,153.94,0.0924,Medium,Long,10.0,Stainless Steel 316L,0.8,150,Medium Long pipe for PU injection
PIPE-00932,14,17.0,1.5,625,153.94,0.0962,Medium,Long,10.0,Stainless Steel 316L,0.8,150,Medium Long pipe for PU injection
PIPE-00933,14,17.0,1.5,650,153.94,0.1001,Medium,Long,10.0,Stainless Steel 316L,0.8,150,Medium Long pipe for PU injection
PIPE-00934,14,17.0,1.5,675,153.94,0.1039,Medium,Long,10.0,Stainless Steel 316L,0.8,150,Medium Long pipe for PU injection
PIPE-00935,14,17.0,1.5,700,153.94,0.1078,Medium,Long,10.0,Stainless Steel 316L,0.8,150,Medium Long pipe for PU injection
PIPE-00936,14,17.0,1.5,725,153.94,0.1116,Medium,Long,10.0,Stainless Steel 316L,0.8,150,Medium Long pipe for PU injection
PIPE-00937,14,17.0,1.5,750,153.94,0.1155,Medium,Long,10.0,Stainless Steel 316L,0.8,150,Medium Long pipe for PU injection
PIPE-00938,14,17.0,1.5,775,153.94,0.1193,Medium,Long,10.0,Stainless Steel 316L,0.8,150,Medium Long pipe for PU injection
PIPE-00939,14,17.0,1.5,800,153.94,0.1232,Medium,Long,10.0,Stainless Steel 316L,0.8,150,Medium Long pipe for PU injection
PIPE-00940,14,17.0,1.5,825,153.94,0.127,Medium,Long,10.0,Stainless Steel 316L,0.8,150,Medium Long pipe for PU injection
PIPE-00941,14,17.0,1.5,850,153.94,0.1308,Medium,Long,10.0,Stainless Steel 316L,0.8,150,Medium Long pipe for PU injection
PIPE-00942,14,17.0,1.5,875,153.94,0.1347,Medium,Long,10.0,Stainless Steel 316L,0.8,150,Medium Long pipe for PU injection
PIPE-00943,14,17.0,1.5,900,153.94,0.1385,Medium,Long,10.0,Stainless Steel 316L,0.8,150,Medium Long pipe for PU injection
PIPE-00944,14,17.0,1.5,925,153.94,0.1424,Medium,Long,10.0,Stainless Steel 316L,0.8,150,Medium Long pipe for PU injection
PIPE-00945,14,17.0,1.5,950,153.94,0.1462,Medium,Long,10.0,Stainless Steel 316L,0.8,150,Medium Long pipe for PU injection
PIPE-00946,14,17.0,1.5,975,153.94,0.1501,Medium,Long,10.0,Stainless Steel 316L,0.8,150,Medium Long pipe for PU injection
PIPE-00947,14,17.0,1.5,1000,153.94,0.1539,Medium,Extra Long,10.0,Stainless Steel 316L,0.8,150,Medium Extra Long pipe for PU injection
PIPE-00948,14,17.0,1.5,1000,153.94,0.1539,Medium,Extra Long,10.0,Stainless Steel 316L,0.8,150,Medium Extra Long pipe for PU injection
PIPE-00949,14,17.0,1.5,1050,153.94,0.1616,Medium,Extra Long,10.0,Stainless Steel 316L,0.8,150,Medium Extra Long pipe for PU injection
PIPE-00950,14,17.0,1.5,1100,153.94,0.1693,Medium,Extra Long,10.0,Stainless Steel 316L,0.8,150,Medium Extra Long pipe for PU injection
PIPE-00951,14,17.0,1.5,1150,153.94,0.177,Medium,Extra Long,10.0,Stainless Steel 316L,0.8,150,Medium Extra Long pipe for PU injection
PIPE-00952,14,17.0,1.5,1200,153.94,0.1847,Medium,Extra Long,10.0,Stainless Steel 316L,0.8,150,Medium Extra Long pipe for PU injection
PIPE-00953,14,17.0,1.5,1250,153.94,0.1924,Medium,Extra Long,10.0,Stainless Steel 316L,0.8,150,Medium Extra Long pipe for PU injection
PIPE-00954,14,17.0,1.5,1300,153.94,0.2001,Medium,Extra Long,10.0,Stainless Steel 316L,0.8,150,Medium Extra Long pipe for PU injection
PIPE-00955,14,17.0,1.5,1350,153.94,0.2078,Medium,Extra Long,10.0,Stainless Steel 316L,0.8,150,Medium Extra Long pipe for PU injection
PIPE-00956,14,17.0,1.5,1400,153.94,0.2155,Medium,Extra Long,10.0,Stainless Steel 316L,0.8,150,Medium Extra Long pipe for PU injection
PIPE-00957,14,17.0,1.5,1450,153.94,0.2232,Medium,Extra Long,10.0,Stainless Steel 316L,0.8,150,Medium Extra Long pipe for PU injection
PIPE-00958,14,17.0,1.5,1500,153.94,0.2309,Medium,Extra Long,10.0,Stainless Steel 316L,0.8,150,Medium Extra Long pipe for PU injection
PIPE-00959,14,17.0,1.5,1550,153.94,0.2386,Medium,Extra Long,10.0,Stainless Steel 316L,0.8,150,Medium Extra Long pipe for PU injection
PIPE-00960,14,17.0,1.5,1600,153.94,0.2463,Medium,Extra Long,10.0,Stainless Steel 316L,0.8,150,Medium Extra Long pipe for PU injection
PIPE-00961,14,17.0,1.5,1650,153.94,0.254,Medium,Extra Long,10.0,Stainless Steel 316L,0.8,150,Medium Extra Long pipe for PU injection
PIPE-00962,14,17.0,1.5,1700,153.94,0.2617,Medium,Extra Long,10.0,Stainless Steel 316L,0.8,150,Medium Extra Long pipe for PU injection
PIPE-00963,14,17.0,1.5,1750,153.94,0.2694,Medium,Extra Long,10.0,Stainless Steel 316L,0.8,150,Medium Extra Long pipe for PU injection
PIPE-00964,14,17.0,1.5,1800,153.94,0.2771,Medium,Extra Long,10.0,Stainless Steel 316L,0.8,150,Medium Extra Long pipe for PU injection
PIPE-00965,14,17.0,1.5,1850,153.94,0.2848,Medium,Extra Long,10.0,Stainless Steel 316L,0.8,150,Medium Extra Long pipe for PU injection
PIPE-00966,14,17.0,1.5,1900,153.94,0.2925,Medium,Extra Long,10.0,Stainless Steel 316L,0.8,150,Medium Extra Long pipe for PU injection
PIPE-00967,14,17.0,1.5,1950,153.94,0.3002,Medium,Extra Long,10.0,Stainless Steel 316L,0.8,150,Medium Extra Long pipe for PU injection
PIPE-00968,14,17.0,1.5,2000,153.94,0.3079,Medium,Extra Long,10.0,Stainless Steel 316L,0.8,150,Medium Extra Long pipe for PU injection
PIPE-00969,15,18.0,1.5,50,176.71,0.0088,Medium,Short,10.0,Stainless Steel 316L,0.8,150,Medium Short pipe for PU injection
PIPE-00970,15,18.0,1.5,60,176.71,0.0106,Medium,Short,10.0,Stainless Steel 316L,0.8,150,Medium Short pipe for PU injection
PIPE-00971,15,18.0,1.5,70,176.71,0.0124,Medium,Short,10.0,Stainless Steel 316L,0.8,150,Medium Short pipe for PU injection
PIPE-00972,15,18.0,1.5,80,176.71,0.0141,Medium,Short,10.0,Stainless Steel 316L,0.8,150,Medium Short pipe for PU injection
PIPE-00973,15,18.0,1.5,90,176.71,0.0159,Medium,Short,10.0,Stainless Steel 316L,0.8,150,Medium Short pipe for PU injection
PIPE-00974,15,18.0,1.5,100,176.71,0.0177,Medium,Short,10.0,Stainless Steel 316L,0.8,150,Medium Short pipe for PU injection
PIPE-00975,15,18.0,1.5,110,176.71,0.0194,Medium,Short,10.0,Stainless Steel 316L,0.8,150,Medium Short pipe for PU injection
PIPE-00976,15,18.0,1.5,120,176.71,0.0212,Medium,Short,10.0,Stainless Steel 316L,0.8,150,Medium Short pipe for PU injection
PIPE-00977,15,18.0,1.5,130,176.71,0.023,Medium,Short,10.0,Stainless Steel 316L,0.8,150,Medium Short pipe for PU injection
PIPE-00978,15,18.0,1.5,140,176.71,0.0247,Medium,Short,10.0,Stainless Steel 316L,0.8,150,Medium Short pipe for PU injection
PIPE-00979,15,18.0,1.5,150,176.71,0.0265,Medium,Short,10.0,Stainless Steel 316L,0.8,150,Medium Short pipe for PU injection
PIPE-00980,15,18.0,1.5,160,176.71,0.0283,Medium,Short,10.0,Stainless Steel 316L,0.8,150,Medium Short pipe for PU injection
PIPE-00981,15,18.0,1.5,170,176.71,0.03,Medium,Short,10.0,Stainless Steel 316L,0.8,150,Medium Short pipe for PU injection
PIPE-00982,15,18.0,1.5,180,176.71,0.0318,Medium,Short,10.0,Stainless Steel 316L,0.8,150,Medium Short pipe for PU injection
PIPE-00983,15,18.0,1.5,190,176.71,0.0336,Medium,Short,10.0,Stainless Steel 316L,0.8,150,Medium Short pipe for PU injection
PIPE-00984,15,18.0,1.5,200,176.71,0.0353,Medium,Medium,10.0,Stainless Steel 316L,0.8,150,Medium Medium pipe for PU injection
PIPE-00985,15,18.0,1.5,210,176.71,0.0371,Medium,Medium,10.0,Stainless Steel 316L,0.8,150,Medium Medium pipe for PU injection
PIPE-00986,15,18.0,1.5,220,176.71,0.0389,Medium,Medium,10.0,Stainless Steel 316L,0.8,150,Medium Medium pipe for PU injection
PIPE-00987,15,18.0,1.5,230,176.71,0.0406,Medium,Medium,10.0,Stainless Steel 316L,0.8,150,Medium Medium pipe for PU injection
PIPE-00988,15,18.0,1.5,240,176.71,0.0424,Medium,Medium,10.0,Stainless Steel 316L,0.8,150,Medium Medium pipe for PU injection
PIPE-00989,15,18.0,1.5,250,176.71,0.0442,Medium,Medium,10.0,Stainless Steel 316L,0.8,150,Medium Medium pipe for PU injection
PIPE-00990,15,18.0,1.5,260,176.71,0.0459,Medium,Medium,10.0,Stainless Steel 316L,0.8,150,Medium Medium pipe for PU injection
PIPE-00991,15,18.0,1.5,270,176.71,0.0477,Medium,Medium,10.0,Stainless Steel 316L,0.8,150,Medium Medium pipe for PU injection
PIPE-00992,15,18.0,1.5,280,176.71,0.0495,Medium,Medium,10.0,Stainless Steel 316L,0.8,150,Medium Medium pipe for PU injection
PIPE-00993,15,18.0,1.5,290,176.71,0.0512,Medium,Medium,10.0,Stainless Steel 316L,0.8,150,Medium Medium pipe for PU injection
PIPE-00994,15,18.0,1.5,300,176.71,0.053,Medium,Medium,10.0,Stainless Steel 316L,0.8,150,Medium Medium pipe for PU injection
PIPE-00995,15,18.0,1.5,310,176.71,0.0548,Medium,Medium,10.0,Stainless Steel 316L,0.8,150,Medium Medium pipe for PU injection
PIPE-00996,15,18.0,1.5,320,176.71,0.0565,Medium,Medium,10.0,Stainless Steel 316L,0.8,150,Medium Medium pipe for PU injection
PIPE-00997,15,18.0,1.5,330,176.71,0.0583,Medium,Medium,10.0,Stainless Steel 316L,0.8,150,Medium Medium pipe for PU injection
PIPE-00998,15,18.0,1.5,340,176.71,0.0601,Medium,Medium,10.0,Stainless Steel 316L,0.8,150,Medium Medium pipe for PU injection
PIPE-00999,15,18.0,1.5,350,176.71,0.0619,Medium,Medium,10.0,Stainless Steel 316L,0.8,150,Medium Medium pipe for PU injection
PIPE-01000,15,18.0,1.5,360,176.71,0.0636,Medium,Medium,10.0,Stainless Steel 316L,0.8,150,Medium Medium pipe for PU injection
PIPE-01001,15,18.0,1.5,370,176.71,0.0654,Medium,Medium,10.0,Stainless Steel 316L,0.8,150,Medium Medium pipe for PU injection
PIPE-01002,15,18.0,1.5,380,176.71,0.0672,Medium,Medium,10.0,Stainless Steel 316L,0.8,150,Medium Medium pipe for PU injection
PIPE-01003,15,18.0,1.5,390,176.71,0.0689,Medium,Medium,10.0,Stainless Steel 316L,0.8,150,Medium Medium pipe for PU injection
PIPE-01004,15,18.0,1.5,400,176.71,0.0707,Medium,Medium,10.0,Stainless Steel 316L,0.8,150,Medium Medium pipe for PU injection
PIPE-01005,15,18.0,1.5,410,176.71,0.0725,Medium,Medium,10.0,Stainless Steel 316L,0.8,150,Medium Medium pipe for PU injection
PIPE-01006,15,18.0,1.5,420,176.71,0.0742,Medium,Medium,10.0,Stainless Steel 316L,0.8,150,Medium Medium pipe for PU injection
PIPE-01007,15,18.0,1.5,430,176.71,0.076,Medium,Medium,10.0,Stainless Steel 316L,0.8,150,Medium Medium pipe for PU injection
PIPE-01008,15,18.0,1.5,440,176.71,0.0778,Medium,Medium,10.0,Stainless Steel 316L,0.8,150,Medium Medium pipe for PU injection
PIPE-01009,15,18.0,1.5,450,176.71,0.0795,Medium,Medium,10.0,Stainless Steel 316L,0.8,150,Medium Medium pipe for PU injection
PIPE-01010,15,18.0,1.5,460,176.71,0.0813,Medium,Medium,10.0,Stainless Steel 316L,0.8,150,Medium Medium pipe for PU injection
PIPE-01011,15,18.0,1.5,470,176.71,0.0831,Medium,Medium,10.0,Stainless Steel 316L,0.8,150,Medium Medium pipe for PU injection
PIPE-01012,15,18.0,1.5,480,176.71,0.0848,Medium,Medium,10.0,Stainless Steel 316L,0.8,150,Medium Medium pipe for PU injection
PIPE-01013,15,18.0,1.5,490,176.71,0.0866,Medium,Medium,10.0,Stainless Steel 316L,0.8,150,Medium Medium pipe for PU injection
PIPE-01014,15,18.0,1.5,500,176.71,0.0884,Medium,Long,10.0,Stainless Steel 316L,0.8,150,Medium Long pipe for PU injection
PIPE-01015,15,18.0,1.5,500,176.71,0.0884,Medium,Long,10.0,Stainless Steel 316L,0.8,150,Medium Long pipe for PU injection
PIPE-01016,15,18.0,1.5,525,176.71,0.0928,Medium,Long,10.0,Stainless Steel 316L,0.8,150,Medium Long pipe for PU injection
PIPE-01017,15,18.0,1.5,550,176.71,0.0972,Medium,Long,10.0,Stainless Steel 316L,0.8,150,Medium Long pipe for PU injection
PIPE-01018,15,18.0,1.5,575,176.71,0.1016,Medium,Long,10.0,Stainless Steel 316L,0.8,150,Medium Long pipe for PU injection
PIPE-01019,15,18.0,1.5,600,176.71,0.106,Medium,Long,10.0,Stainless Steel 316L,0.8,150,Medium Long pipe for PU injection
PIPE-01020,15,18.0,1.5,625,176.71,0.1104,Medium,Long,10.0,Stainless Steel 316L,0.8,150,Medium Long pipe for PU injection
PIPE-01021,15,18.0,1.5,650,176.71,0.1149,Medium,Long,10.0,Stainless Steel 316L,0.8,150,Medium Long pipe for PU injection
PIPE-01022,15,18.0,1.5,675,176.71,0.1193,Medium,Long,10.0,Stainless Steel 316L,0.8,150,Medium Long pipe for PU injection
PIPE-01023,15,18.0,1.5,700,176.71,0.1237,Medium,Long,10.0,Stainless Steel 316L,0.8,150,Medium Long pipe for PU injection
PIPE-01024,15,18.0,1.5,725,176.71,0.1281,Medium,Long,10.0,Stainless Steel 316L,0.8,150,Medium Long pipe for PU injection
PIPE-01025,15,18.0,1.5,750,176.71,0.1325,Medium,Long,10.0,Stainless Steel 316L,0.8,150,Medium Long pipe for PU injection
PIPE-01026,15,18.0,1.5,775,176.71,0.137,Medium,Long,10.0,Stainless Steel 316L,0.8,150,Medium Long pipe for PU injection
PIPE-01027,15,18.0,1.5,800,176.71,0.1414,Medium,Long,10.0,Stainless Steel 316L,0.8,150,Medium Long pipe for PU injection
PIPE-01028,15,18.0,1.5,825,176.71,0.1458,Medium,Long,10.0,Stainless Steel 316L,0.8,150,Medium Long pipe for PU injection
PIPE-01029,15,18.0,1.5,850,176.71,0.1502,Medium,Long,10.0,Stainless Steel 316L,0.8,150,Medium Long pipe for PU injection
PIPE-01030,15,18.0,1.5,875,176.71,0.1546,Medium,Long,10.0,Stainless Steel 316L,0.8,150,Medium Long pipe for PU injection
PIPE-01031,15,18.0,1.5,900,176.71,0.159,Medium,Long,10.0,Stainless Steel 316L,0.8,150,Medium Long pipe for PU injection
PIPE-01032,15,18.0,1.5,925,176.71,0.1635,Medium,Long,10.0,Stainless Steel 316L,0.8,150,Medium Long pipe for PU injection
PIPE-01033,15,18.0,1.5,950,176.71,0.1679,Medium,Long,10.0,Stainless Steel 316L,0.8,150,Medium Long pipe for PU injection
PIPE-01034,15,18.0,1.5,975,176.71,0.1723,Medium,Long,10.0,Stainless Steel 316L,0.8,150,Medium Long pipe for PU injection
PIPE-01035,15,18.0,1.5,1000,176.71,0.1767,Medium,Extra Long,10.0,Stainless Steel 316L,0.8,150,Medium Extra Long pipe for PU injection
PIPE-01036,15,18.0,1.5,1000,176.71,0.1767,Medium,Extra Long,10.0,Stainless Steel 316L,0.8,150,Medium Extra Long pipe for PU injection
PIPE-01037,15,18.0,1.5,1050,176.71,0.1856,Medium,Extra Long,10.0,Stainless Steel 316L,0.8,150,Medium Extra Long pipe for PU injection
PIPE-01038,15,18.0,1.5,1100,176.71,0.1944,Medium,Extra Long,10.0,Stainless Steel 316L,0.8,150,Medium Extra Long pipe for PU injection
PIPE-01039,15,18.0,1.5,1150,176.71,0.2032,Medium,Extra Long,10.0,Stainless Steel 316L,0.8,150,Medium Extra Long pipe for PU injection
PIPE-01040,15,18.0,1.5,1200,176.71,0.2121,Medium,Extra Long,10.0,Stainless Steel 316L,0.8,150,Medium Extra Long pipe for PU injection
PIPE-01041,15,18.0,1.5,1250,176.71,0.2209,Medium,Extra Long,10.0,Stainless Steel 316L,0.8,150,Medium Extra Long pipe for PU injection
PIPE-01042,15,18.0,1.5,1300,176.71,0.2297,Medium,Extra Long,10.0,Stainless Steel 316L,0.8,150,Medium Extra Long pipe for PU injection
PIPE-01043,15,18.0,1.5,1350,176.71,0.2386,Medium,Extra Long,10.0,Stainless Steel 316L,0.8,150,Medium Extra Long pipe for PU injection
PIPE-01044,15,18.0,1.5,1400,176.71,0.2474,Medium,Extra Long,10.0,Stainless Steel 316L,0.8,150,Medium Extra Long pipe for PU injection
PIPE-01045,15,18.0,1.5,1450,176.71,0.2562,Medium,Extra Long,10.0,Stainless Steel 316L,0.8,150,Medium Extra Long pipe for PU injection
PIPE-01046,15,18.0,1.5,1500,176.71,0.2651,Medium,Extra Long,10.0,Stainless Steel 316L,0.8,150,Medium Extra Long pipe for PU injection
PIPE-01047,15,18.0,1.5,1550,176.71,0.2739,Medium,Extra Long,10.0,Stainless Steel 316L,0.8,150,Medium Extra Long pipe for PU injection
PIPE-01048,15,18.0,1.5,1600,176.71,0.2827,Medium,Extra Long,10.0,Stainless Steel 316L,0.8,150,Medium Extra Long pipe for PU injection
PIPE-01049,15,18.0,1.5,1650,176.71,0.2916,Medium,Extra Long,10.0,Stainless Steel 316L,0.8,150,Medium Extra Long pipe for PU injection
PIPE-01050,15,18.0,1.5,1700,176.71,0.3004,Medium,Extra Long,10.0,Stainless Steel 316L,0.8,150,Medium Extra Long pipe for PU injection
PIPE-01051,15,18.0,1.5,1750,176.71,0.3093,Medium,Extra Long,10.0,Stainless Steel 316L,0.8,150,Medium Extra Long pipe for PU injection
PIPE-01052,15,18.0,1.5,1800,176.71,0.3181,Medium,Extra Long,10.0,Stainless Steel 316L,0.8,150,Medium Extra Long pipe for PU injection
PIPE-01053,15,18.0,1.5,1850,176.71,0.3269,Medium,Extra Long,10.0,Stainless Steel 316L,0.8,150,Medium Extra Long pipe for PU injection
PIPE-01054,15,18.0,1.5,1900,176.71,0.3358,Medium,Extra Long,10.0,Stainless Steel 316L,0.8,150,Medium Extra Long pipe for PU injection
PIPE-01055,15,18.0,1.5,1950,176.71,0.3446,Medium,Extra Long,10.0,Stainless Steel 316L,0.8,150,Medium Extra Long pipe for PU injection
PIPE-01056,15,18.0,1.5,2000,176.71,0.3534,Medium,Extra Long,10.0,Stainless Steel 316L,0.8,150,Medium Extra Long pipe for PU injection
PIPE-01057,16,19.0,1.5,50,201.06,0.0101,Medium,Short,10.0,Stainless Steel 316L,0.8,150,Medium Short pipe for PU injection
PIPE-01058,16,19.0,1.5,60,201.06,0.0121,Medium,Short,10.0,Stainless Steel 316L,0.8,150,Medium Short pipe for PU injection
PIPE-01059,16,19.0,1.5,70,201.06,0.0141,Medium,Short,10.0,Stainless Steel 316L,0.8,150,Medium Short pipe for PU injection
PIPE-01060,16,19.0,1.5,80,201.06,0.0161,Medium,Short,10.0,Stainless Steel 316L,0.8,150,Medium Short pipe for PU injection
PIPE-01061,16,19.0,1.5,90,201.06,0.0181,Medium,Short,10.0,Stainless Steel 316L,0.8,150,Medium Short pipe for PU injection
PIPE-01062,16,19.0,1.5,100,201.06,0.0201,Medium,Short,10.0,Stainless Steel 316L,0.8,150,Medium Short pipe for PU injection
PIPE-01063,16,19.0,1.5,110,201.06,0.0221,Medium,Short,10.0,Stainless Steel 316L,0.8,150,Medium Short pipe for PU injection
PIPE-01064,16,19.0,1.5,120,201.06,0.0241,Medium,Short,10.0,Stainless Steel 316L,0.8,150,Medium Short pipe for PU injection
PIPE-01065,16,19.0,1.5,130,201.06,0.0261,Medium,Short,10.0,Stainless Steel 316L,0.8,150,Medium Short pipe for PU injection
PIPE-01066,16,19.0,1.5,140,201.06,0.0281,Medium,Short,10.0,Stainless Steel 316L,0.8,150,Medium Short pipe for PU injection
PIPE-01067,16,19.0,1.5,150,201.06,0.0302,Medium,Short,10.0,Stainless Steel 316L,0.8,150,Medium Short pipe for PU injection
PIPE-01068,16,19.0,1.5,160,201.06,0.0322,Medium,Short,10.0,Stainless Steel 316L,0.8,150,Medium Short pipe for PU injection
PIPE-01069,16,19.0,1.5,170,201.06,0.0342,Medium,Short,10.0,Stainless Steel 316L,0.8,150,Medium Short pipe for PU injection
PIPE-01070,16,19.0,1.5,180,201.06,0.0362,Medium,Short,10.0,Stainless Steel 316L,0.8,150,Medium Short pipe for PU injection
PIPE-01071,16,19.0,1.5,190,201.06,0.0382,Medium,Short,10.0,Stainless Steel 316L,0.8,150,Medium Short pipe for PU injection
PIPE-01072,16,19.0,1.5,200,201.06,0.0402,Medium,Medium,10.0,Stainless Steel 316L,0.8,150,Medium Medium pipe for PU injection
PIPE-01073,16,19.0,1.5,210,201.06,0.0422,Medium,Medium,10.0,Stainless Steel 316L,0.8,150,Medium Medium pipe for PU injection
PIPE-01074,16,19.0,1.5,220,201.06,0.0442,Medium,Medium,10.0,Stainless Steel 316L,0.8,150,Medium Medium pipe for PU injection
PIPE-01075,16,19.0,1.5,230,201.06,0.0462,Medium,Medium,10.0,Stainless Steel 316L,0.8,150,Medium Medium pipe for PU injection
PIPE-01076,16,19.0,1.5,240,201.06,0.0483,Medium,Medium,10.0,Stainless Steel 316L,0.8,150,Medium Medium pipe for PU injection
PIPE-01077,16,19.0,1.5,250,201.06,0.0503,Medium,Medium,10.0,Stainless Steel 316L,0.8,150,Medium Medium pipe for PU injection
PIPE-01078,16,19.0,1.5,260,201.06,0.0523,Medium,Medium,10.0,Stainless Steel 316L,0.8,150,Medium Medium pipe for PU injection
PIPE-01079,16,19.0,1.5,270,201.06,0.0543,Medium,Medium,10.0,Stainless Steel 316L,0.8,150,Medium Medium pipe for PU injection
PIPE-01080,16,19.0,1.5,280,201.06,0.0563,Medium,Medium,10.0,Stainless Steel 316L,0.8,150,Medium Medium pipe for PU injection
PIPE-01081,16,19.0,1.5,290,201.06,0.0583,Medium,Medium,10.0,Stainless Steel 316L,0.8,150,Medium Medium pipe for PU injection
PIPE-01082,16,19.0,1.5,300,201.06,0.0603,Medium,Medium,10.0,Stainless Steel 316L,0.8,150,Medium Medium pipe for PU injection
PIPE-01083,16,19.0,1.5,310,201.06,0.0623,Medium,Medium,10.0,Stainless Steel 316L,0.8,150,Medium Medium pipe for PU injection
PIPE-01084,16,19.0,1.5,320,201.06,0.0643,Medium,Medium,10.0,Stainless Steel 316L,0.8,150,Medium Medium pipe for PU injection
PIPE-01085,16,19.0,1.5,330,201.06,0.0664,Medium,Medium,10.0,Stainless Steel 316L,0.8,150,Medium Medium pipe for PU injection
PIPE-01086,16,19.0,1.5,340,201.06,0.0684,Medium,Medium,10.0,Stainless Steel 316L,0.8,150,Medium Medium pipe for PU injection
PIPE-01087,16,19.0,1.5,350,201.06,0.0704,Medium,Medium,10.0,Stainless Steel 316L,0.8,150,Medium Medium pipe for PU injection
PIPE-01088,16,19.0,1.5,360,201.06,0.0724,Medium,Medium,10.0,Stainless Steel 316L,0.8,150,Medium Medium pipe for PU injection
PIPE-01089,16,19.0,1.5,370,201.06,0.0744,Medium,Medium,10.0,Stainless Steel 316L,0.8,150,Medium Medium pipe for PU injection
PIPE-01090,16,19.0,1.5,380,201.06,0.0764,Medium,Medium,10.0,Stainless Steel 316L,0.8,150,Medium Medium pipe for PU injection
PIPE-01091,16,19.0,1.5,390,201.06,0.0784,Medium,Medium,10.0,Stainless Steel 316L,0.8,150,Medium Medium pipe for PU injection
PIPE-01092,16,19.0,1.5,400,201.06,0.0804,Medium,Medium,10.0,Stainless Steel 316L,0.8,150,Medium Medium pipe for PU injection
PIPE-01093,16,19.0,1.5,410,201.06,0.0824,Medium,Medium,10.0,Stainless Steel 316L,0.8,150,Medium Medium pipe for PU injection
PIPE-01094,16,19.0,1.5,420,201.06,0.0844,Medium,Medium,10.0,Stainless Steel 316L,0.8,150,Medium Medium pipe for PU injection
PIPE-01095,16,19.0,1.5,430,201.06,0.0865,Medium,Medium,10.0,Stainless Steel 316L,0.8,150,Medium Medium pipe for PU injection
PIPE-01096,16,19.0,1.5,440,201.06,0.0885,Medium,Medium,10.0,Stainless Steel 316L,0.8,150,Medium Medium pipe for PU injection
PIPE-01097,16,19.0,1.5,450,201.06,0.0905,Medium,Medium,10.0,Stainless Steel 316L,0.8,150,Medium Medium pipe for PU injection
PIPE-01098,16,19.0,1.5,460,201.06,0.0925,Medium,Medium,10.0,Stainless Steel 316L,0.8,150,Medium Medium pipe for PU injection
PIPE-01099,16,19.0,1.5,470,201.06,0.0945,Medium,Medium,10.0,Stainless Steel 316L,0.8,150,Medium Medium pipe for PU injection
PIPE-01100,16,19.0,1.5,480,201.06,0.0965,Medium,Medium,10.0,Stainless Steel 316L,0.8,150,Medium Medium pipe for PU injection
PIPE-01101,16,19.0,1.5,490,201.06,0.0985,Medium,Medium,10.0,Stainless Steel 316L,0.8,150,Medium Medium pipe for PU injection
PIPE-01102,16,19.0,1.5,500,201.06,0.1005,Medium,Long,10.0,Stainless Steel 316L,0.8,150,Medium Long pipe for PU injection
PIPE-01103,16,19.0,1.5,500,201.06,0.1005,Medium,Long,10.0,Stainless Steel 316L,0.8,150,Medium Long pipe for PU injection
PIPE-01104,16,19.0,1.5,525,201.06,0.1056,Medium,Long,10.0,Stainless Steel 316L,0.8,150,Medium Long pipe for PU injection
PIPE-01105,16,19.0,1.5,550,201.06,0.1106,Medium,Long,10.0,Stainless Steel 316L,0.8,150,Medium Long pipe for PU injection
PIPE-01106,16,19.0,1.5,575,201.06,0.1156,Medium,Long,10.0,Stainless Steel 316L,0.8,150,Medium Long pipe for PU injection
PIPE-01107,16,19.0,1.5,600,201.06,0.1206,Medium,Long,10.0,Stainless Steel 316L,0.8,150,Medium Long pipe for PU injection
PIPE-01108,16,19.0,1.5,625,201.06,0.1257,Medium,Long,10.0,Stainless Steel 316L,0.8,150,Medium Long pipe for PU injection
PIPE-01109,16,19.0,1.5,650,201.06,0.1307,Medium,Long,10.0,Stainless Steel 316L,0.8,150,Medium Long pipe for PU injection
PIPE-01110,16,19.0,1.5,675,201.06,0.1357,Medium,Long,10.0,Stainless Steel 316L,0.8,150,Medium Long pipe for PU injection
PIPE-01111,16,19.0,1.5,700,201.06,0.1407,Medium,Long,10.0,Stainless Steel 316L,0.8,150,Medium Long pipe for PU injection
PIPE-01112,16,19.0,1.5,725,201.06,0.1458,Medium,Long,10.0,Stainless Steel 316L,0.8,150,Medium Long pipe for PU injection
PIPE-01113,16,19.0,1.5,750,201.06,0.1508,Medium,Long,10.0,Stainless Steel 316L,0.8,150,Medium Long pipe for PU injection
PIPE-01114,16,19.0,1.5,775,201.06,0.1558,Medium,Long,10.0,Stainless Steel 316L,0.8,150,Medium Long pipe for PU injection
PIPE-01115,16,19.0,1.5,800,201.06,0.1608,Medium,Long,10.0,Stainless Steel 316L,0.8,150,Medium Long pipe for PU injection
PIPE-01116,16,19.0,1.5,825,201.06,0.1659,Medium,Long,10.0,Stainless Steel 316L,0.8,150,Medium Long pipe for PU injection
PIPE-01117,16,19.0,1.5,850,201.06,0.1709,Medium,Long,10.0,Stainless Steel 316L,0.8,150,Medium Long pipe for PU injection
PIPE-01118,16,19.0,1.5,875,201.06,0.1759,Medium,Long,10.0,Stainless Steel 316L,0.8,150,Medium Long pipe for PU injection
PIPE-01119,16,19.0,1.5,900,201.06,0.181,Medium,Long,10.0,Stainless Steel 316L,0.8,150,Medium Long pipe for PU injection
PIPE-01120,16,19.0,1.5,925,201.06,0.186,Medium,Long,10.0,Stainless Steel 316L,0.8,150,Medium Long pipe for PU injection
PIPE-01121,16,19.0,1.5,950,201.06,0.191,Medium,Long,10.0,Stainless Steel 316L,0.8,150,Medium Long pipe for PU injection
PIPE-01122,16,19.0,1.5,975,201.06,0.196,Medium,Long,10.0,Stainless Steel 316L,0.8,150,Medium Long pipe for PU injection
PIPE-01123,16,19.0,1.5,1000,201.06,0.2011,Medium,Extra Long,10.0,Stainless Steel 316L,0.8,150,Medium Extra Long pipe for PU injection
PIPE-01124,16,19.0,1.5,1000,201.06,0.2011,Medium,Extra Long,10.0,Stainless Steel 316L,0.8,150,Medium Extra Long pipe for PU injection
PIPE-01125,16,19.0,1.5,1050,201.06,0.2111,Medium,Extra Long,10.0,Stainless Steel 316L,0.8,150,Medium Extra Long pipe for PU injection
PIPE-01126,16,19.0,1.5,1100,201.06,0.2212,Medium,Extra Long,10.0,Stainless Steel 316L,0.8,150,Medium Extra Long pipe for PU injection
PIPE-01127,16,19.0,1.5,1150,201.06,0.2312,Medium,Extra Long,10.0,Stainless Steel 316L,0.8,150,Medium Extra Long pipe for PU injection
PIPE-01128,16,19.0,1.5,1200,201.06,0.2413,Medium,Extra Long,10.0,Stainless Steel 316L,0.8,150,Medium Extra Long pipe for PU injection
PIPE-01129,16,19.0,1.5,1250,201.06,0.2513,Medium,Extra Long,10.0,Stainless Steel 316L,0.8,150,Medium Extra Long pipe for PU injection
PIPE-01130,16,19.0,1.5,1300,201.06,0.2614,Medium,Extra Long,10.0,Stainless Steel 316L,0.8,150,Medium Extra Long pipe for PU injection
PIPE-01131,16,19.0,1.5,1350,201.06,0.2714,Medium,Extra Long,10.0,Stainless Steel 316L,0.8,150,Medium Extra Long pipe for PU injection
PIPE-01132,16,19.0,1.5,1400,201.06,0.2815,Medium,Extra Long,10.0,Stainless Steel 316L,0.8,150,Medium Extra Long pipe for PU injection
PIPE-01133,16,19.0,1.5,1450,201.06,0.2915,Medium,Extra Long,10.0,Stainless Steel 316L,0.8,150,Medium Extra Long pipe for PU injection
PIPE-01134,16,19.0,1.5,1500,201.06,0.3016,Medium,Extra Long,10.0,Stainless Steel 316L,0.8,150,Medium Extra Long pipe for PU injection
PIPE-01135,16,19.0,1.5,1550,201.06,0.3116,Medium,Extra Long,10.0,Stainless Steel 316L,0.8,150,Medium Extra Long pipe for PU injection
PIPE-01136,16,19.0,1.5,1600,201.06,0.3217,Medium,Extra Long,10.0,Stainless Steel 316L,0.8,150,Medium Extra Long pipe for PU injection
PIPE-01137,16,19.0,1.5,1650,201.06,0.3318,Medium,Extra Long,10.0,Stainless Steel 316L,0.8,150,Medium Extra Long pipe for PU injection
PIPE-01138,16,19.0,1.5,1700,201.06,0.3418,Medium,Extra Long,10.0,Stainless Steel 316L,0.8,150,Medium Extra Long pipe for PU injection
PIPE-01139,16,19.0,1.5,1750,201.06,0.3519,Medium,Extra Long,10.0,Stainless Steel 316L,0.8,150,Medium Extra Long pipe for PU injection
PIPE-01140,16,19.0,1.5,1800,201.06,0.3619,Medium,Extra Long,10.0,Stainless Steel 316L,0.8,150,Medium Extra Long pipe for PU injection
PIPE-01141,16,19.0,1.5,1850,201.06,0.372,Medium,Extra Long,10.0,Stainless Steel 316L,0.8,150,Medium Extra Long pipe for PU injection
PIPE-01142,16,19.0,1.5,1900,201.06,0.382,Medium,Extra Long,10.0,Stainless Steel 316L,0.8,150,Medium Extra Long pipe for PU injection
PIPE-01143,16,19.0,1.5,1950,201.06,0.3921,Medium,Extra Long,10.0,Stainless Steel 316L,0.8,150,Medium Extra Long pipe for PU injection
PIPE-01144,16,19.0,1.5,2000,201.06,0.4021,Medium,Extra Long,10.0,Stainless Steel 316L,0.8,150,Medium Extra Long pipe for PU injection
PIPE-01145,17,20.0,1.5,50,226.98,0.0113,Medium,Short,10.0,Stainless Steel 316L,0.8,150,Medium Short pipe for PU injection
PIPE-01146,17,20.0,1.5,60,226.98,0.0136,Medium,Short,10.0,Stainless Steel 316L,0.8,150,Medium Short pipe for PU injection
PIPE-01147,17,20.0,1.5,70,226.98,0.0159,Medium,Short,10.0,Stainless Steel 316L,0.8,150,Medium Short pipe for PU injection
PIPE-01148,17,20.0,1.5,80,226.98,0.0182,Medium,Short,10.0,Stainless Steel 316L,0.8,150,Medium Short pipe for PU injection
PIPE-01149,17,20.0,1.5,90,226.98,0.0204,Medium,Short,10.0,Stainless Steel 316L,0.8,150,Medium Short pipe for PU injection
PIPE-01150,17,20.0,1.5,100,226.98,0.0227,Medium,Short,10.0,Stainless Steel 316L,0.8,150,Medium Short pipe for PU injection
PIPE-01151,17,20.0,1.5,110,226.98,0.025,Medium,Short,10.0,Stainless Steel 316L,0.8,150,Medium Short pipe for PU injection
PIPE-01152,17,20.0,1.5,120,226.98,0.0272,Medium,Short,10.0,Stainless Steel 316L,0.8,150,Medium Short pipe for PU injection
PIPE-01153,17,20.0,1.5,130,226.98,0.0295,Medium,Short,10.0,Stainless Steel 316L,0.8,150,Medium Short pipe for PU injection
PIPE-01154,17,20.0,1.5,140,226.98,0.0318,Medium,Short,10.0,Stainless Steel 316L,0.8,150,Medium Short pipe for PU injection
PIPE-01155,17,20.0,1.5,150,226.98,0.034,Medium,Short,10.0,Stainless Steel 316L,0.8,150,Medium Short pipe for PU injection
PIPE-01156,17,20.0,1.5,160,226.98,0.0363,Medium,Short,10.0,Stainless Steel 316L,0.8,150,Medium Short pipe for PU injection
PIPE-01157,17,20.0,1.5,170,226.98,0.0386,Medium,Short,10.0,Stainless Steel 316L,0.8,150,Medium Short pipe for PU injection
PIPE-01158,17,20.0,1.5,180,226.98,0.0409,Medium,Short,10.0,Stainless Steel 316L,0.8,150,Medium Short pipe for PU injection
PIPE-01159,17,20.0,1.5,190,226.98,0.0431,Medium,Short,10.0,Stainless Steel 316L,0.8,150,Medium Short pipe for PU injection
PIPE-01160,17,20.0,1.5,200,226.98,0.0454,Medium,Medium,10.0,Stainless Steel 316L,0.8,150,Medium Medium pipe for PU injection
PIPE-01161,17,20.0,1.5,210,226.98,0.0477,Medium,Medium,10.0,Stainless Steel 316L,0.8,150,Medium Medium pipe for PU injection
PIPE-01162,17,20.0,1.5,220,226.98,0.0499,Medium,Medium,10.0,Stainless Steel 316L,0.8,150,Medium Medium pipe for PU injection
PIPE-01163,17,20.0,1.5,230,226.98,0.0522,Medium,Medium,10.0,Stainless Steel 316L,0.8,150,Medium Medium pipe for PU injection
PIPE-01164,17,20.0,1.5,240,226.98,0.0545,Medium,Medium,10.0,Stainless Steel 316L,0.8,150,Medium Medium pipe for PU injection
PIPE-01165,17,20.0,1.5,250,226.98,0.0567,Medium,Medium,10.0,Stainless Steel 316L,0.8,150,Medium Medium pipe for PU injection
PIPE-01166,17,20.0,1.5,260,226.98,0.059,Medium,Medium,10.0,Stainless Steel 316L,0.8,150,Medium Medium pipe for PU injection
PIPE-01167,17,20.0,1.5,270,226.98,0.0613,Medium,Medium,10.0,Stainless Steel 316L,0.8,150,Medium Medium pipe for PU injection
PIPE-01168,17,20.0,1.5,280,226.98,0.0636,Medium,Medium,10.0,Stainless Steel 316L,0.8,150,Medium Medium pipe for PU injection
PIPE-01169,17,20.0,1.5,290,226.98,0.0658,Medium,Medium,10.0,Stainless Steel 316L,0.8,150,Medium Medium pipe for PU injection
PIPE-01170,17,20.0,1.5,300,226.98,0.0681,Medium,Medium,10.0,Stainless Steel 316L,0.8,150,Medium Medium pipe for PU injection
PIPE-01171,17,20.0,1.5,310,226.98,0.0704,Medium,Medium,10.0,Stainless Steel 316L,0.8,150,Medium Medium pipe for PU injection
PIPE-01172,17,20.0,1.5,320,226.98,0.0726,Medium,Medium,10.0,Stainless Steel 316L,0.8,150,Medium Medium pipe for PU injection
PIPE-01173,17,20.0,1.5,330,226.98,0.0749,Medium,Medium,10.0,Stainless Steel 316L,0.8,150,Medium Medium pipe for PU injection
PIPE-01174,17,20.0,1.5,340,226.98,0.0772,Medium,Medium,10.0,Stainless Steel 316L,0.8,150,Medium Medium pipe for PU injection
PIPE-01175,17,20.0,1.5,350,226.98,0.0794,Medium,Medium,10.0,Stainless Steel 316L,0.8,150,Medium Medium pipe for PU injection
PIPE-01176,17,20.0,1.5,360,226.98,0.0817,Medium,Medium,10.0,Stainless Steel 316L,0.8,150,Medium Medium pipe for PU injection
PIPE-01177,17,20.0,1.5,370,226.98,0.084,Medium,Medium,10.0,Stainless Steel 316L,0.8,150,Medium Medium pipe for PU injection
PIPE-01178,17,20.0,1.5,380,226.98,0.0863,Medium,Medium,10.0,Stainless Steel 316L,0.8,150,Medium Medium pipe for PU injection
PIPE-01179,17,20.0,1.5,390,226.98,0.0885,Medium,Medium,10.0,Stainless Steel 316L,0.8,150,Medium Medium pipe for PU injection
PIPE-01180,17,20.0,1.5,400,226.98,0.0908,Medium,Medium,10.0,Stainless Steel 316L,0.8,150,Medium Medium pipe for PU injection
PIPE-01181,17,20.0,1.5,410,226.98,0.0931,Medium,Medium,10.0,Stainless Steel 316L,0.8,150,Medium Medium pipe for PU injection
PIPE-01182,17,20.0,1.5,420,226.98,0.0953,Medium,Medium,10.0,Stainless Steel 316L,0.8,150,Medium Medium pipe for PU injection
PIPE-01183,17,20.0,1.5,430,226.98,0.0976,Medium,Medium,10.0,Stainless Steel 316L,0.8,150,Medium Medium pipe for PU injection
PIPE-01184,17,20.0,1.5,440,226.98,0.0999,Medium,Medium,10.0,Stainless Steel 316L,0.8,150,Medium Medium pipe for PU injection
PIPE-01185,17,20.0,1.5,450,226.98,0.1021,Medium,Medium,10.0,Stainless Steel 316L,0.8,150,Medium Medium pipe for PU injection
PIPE-01186,17,20.0,1.5,460,226.98,0.1044,Medium,Medium,10.0,Stainless Steel 316L,0.8,150,Medium Medium pipe for PU injection
PIPE-01187,17,20.0,1.5,470,226.98,0.1067,Medium,Medium,10.0,Stainless Steel 316L,0.8,150,Medium Medium pipe for PU injection
PIPE-01188,17,20.0,1.5,480,226.98,0.109,Medium,Medium,10.0,Stainless Steel 316L,0.8,150,Medium Medium pipe for PU injection
PIPE-01189,17,20.0,1.5,490,226.98,0.1112,Medium,Medium,10.0,Stainless Steel 316L,0.8,150,Medium Medium pipe for PU injection
PIPE-01190,17,20.0,1.5,500,226.98,0.1135,Medium,Long,10.0,Stainless Steel 316L,0.8,150,Medium Long pipe for PU injection
PIPE-01191,17,20.0,1.5,500,226.98,0.1135,Medium,Long,10.0,Stainless Steel 316L,0.8,150,Medium Long pipe for PU injection
PIPE-01192,17,20.0,1.5,525,226.98,0.1192,Medium,Long,10.0,Stainless Steel 316L,0.8,150,Medium Long pipe for PU injection
PIPE-01193,17,20.0,1.5,550,226.98,0.1248,Medium,Long,10.0,Stainless Steel 316L,0.8,150,Medium Long pipe for PU injection
PIPE-01194,17,20.0,1.5,575,226.98,0.1305,Medium,Long,10.0,Stainless Steel 316L,0.8,150,Medium Long pipe for PU injection
PIPE-01195,17,20.0,1.5,600,226.98,0.1362,Medium,Long,10.0,Stainless Steel 316L,0.8,150,Medium Long pipe for PU injection
PIPE-01196,17,20.0,1.5,625,226.98,0.1419,Medium,Long,10.0,Stainless Steel 316L,0.8,150,Medium Long pipe for PU injection
PIPE-01197,17,20.0,1.5,650,226.98,0.1475,Medium,Long,10.0,Stainless Steel 316L,0.8,150,Medium Long pipe for PU injection
PIPE-01198,17,20.0,1.5,675,226.98,0.1532,Medium,Long,10.0,Stainless Steel 316L,0.8,150,Medium Long pipe for PU injection
PIPE-01199,17,20.0,1.5,700,226.98,0.1589,Medium,Long,10.0,Stainless Steel 316L,0.8,150,Medium Long pipe for PU injection
PIPE-01200,17,20.0,1.5,725,226.98,0.1646,Medium,Long,10.0,Stainless Steel 316L,0.8,150,Medium Long pipe for PU injection
PIPE-01201,17,20.0,1.5,750,226.98,0.1702,Medium,Long,10.0,Stainless Steel 316L,0.8,150,Medium Long pipe for PU injection
PIPE-01202,17,20.0,1.5,775,226.98,0.1759,Medium,Long,10.0,Stainless Steel 316L,0.8,150,Medium Long pipe for PU injection
PIPE-01203,17,20.0,1.5,800,226.98,0.1816,Medium,Long,10.0,Stainless Steel 316L,0.8,150,Medium Long pipe for PU injection
PIPE-01204,17,20.0,1.5,825,226.98,0.1873,Medium,Long,10.0,Stainless Steel 316L,0.8,150,Medium Long pipe for PU injection
PIPE-01205,17,20.0,1.5,850,226.98,0.1929,Medium,Long,10.0,Stainless Steel 316L,0.8,150,Medium Long pipe for PU injection
PIPE-01206,17,20.0,1.5,875,226.98,0.1986,Medium,Long,10.0,Stainless Steel 316L,0.8,150,Medium Long pipe for PU injection
PIPE-01207,17,20.0,1.5,900,226.98,0.2043,Medium,Long,10.0,Stainless Steel 316L,0.8,150,Medium Long pipe for PU injection
PIPE-01208,17,20.0,1.5,925,226.98,0.21,Medium,Long,10.0,Stainless Steel 316L,0.8,150,Medium Long pipe for PU injection
PIPE-01209,17,20.0,1.5,950,226.98,0.2156,Medium,Long,10.0,Stainless Steel 316L,0.8,150,Medium Long pipe for PU injection
PIPE-01210,17,20.0,1.5,975,226.98,0.2213,Medium,Long,10.0,Stainless Steel 316L,0.8,150,Medium Long pipe for PU injection
PIPE-01211,17,20.0,1.5,1000,226.98,0.227,Medium,Extra Long,10.0,Stainless Steel 316L,0.8,150,Medium Extra Long pipe for PU injection
PIPE-01212,17,20.0,1.5,1000,226.98,0.227,Medium,Extra Long,10.0,Stainless Steel 316L,0.8,150,Medium Extra Long pipe for PU injection
PIPE-01213,17,20.0,1.5,1050,226.98,0.2383,Medium,Extra Long,10.0,Stainless Steel 316L,0.8,150,Medium Extra Long pipe for PU injection
PIPE-01214,17,20.0,1.5,1100,226.98,0.2497,Medium,Extra Long,10.0,Stainless Steel 316L,0.8,150,Medium Extra Long pipe for PU injection
PIPE-01215,17,20.0,1.5,1150,226.98,0.261,Medium,Extra Long,10.0,Stainless Steel 316L,0.8,150,Medium Extra Long pipe for PU injection
PIPE-01216,17,20.0,1.5,1200,226.98,0.2724,Medium,Extra Long,10.0,Stainless Steel 316L,0.8,150,Medium Extra Long pipe for PU injection
PIPE-01217,17,20.0,1.5,1250,226.98,0.2837,Medium,Extra Long,10.0,Stainless Steel 316L,0.8,150,Medium Extra Long pipe for PU injection
PIPE-01218,17,20.0,1.5,1300,226.98,0.2951,Medium,Extra Long,10.0,Stainless Steel 316L,0.8,150,Medium Extra Long pipe for PU injection
PIPE-01219,17,20.0,1.5,1350,226.98,0.3064,Medium,Extra Long,10.0,Stainless Steel 316L,0.8,150,Medium Extra Long pipe for PU injection
PIPE-01220,17,20.0,1.5,1400,226.98,0.3178,Medium,Extra Long,10.0,Stainless Steel 316L,0.8,150,Medium Extra Long pipe for PU injection
PIPE-01221,17,20.0,1.5,1450,226.98,0.3291,Medium,Extra Long,10.0,Stainless Steel 316L,0.8,150,Medium Extra Long pipe for PU injection
PIPE-01222,17,20.0,1.5,1500,226.98,0.3405,Medium,Extra Long,10.0,Stainless Steel 316L,0.8,150,Medium Extra Long pipe for PU injection
PIPE-01223,17,20.0,1.5,1550,226.98,0.3518,Medium,Extra Long,10.0,Stainless Steel 316L,0.8,150,Medium Extra Long pipe for PU injection
PIPE-01224,17,20.0,1.5,1600,226.98,0.3632,Medium,Extra Long,10.0,Stainless Steel 316L,0.8,150,Medium Extra Long pipe for PU injection
PIPE-01225,17,20.0,1.5,1650,226.98,0.3745,Medium,Extra Long,10.0,Stainless Steel 316L,0.8,150,Medium Extra Long pipe for PU injection
PIPE-01226,17,20.0,1.5,1700,226.98,0.3859,Medium,Extra Long,10.0,Stainless Steel 316L,0.8,150,Medium Extra Long pipe for PU injection
PIPE-01227,17,20.0,1.5,1750,226.98,0.3972,Medium,Extra Long,10.0,Stainless Steel 316L,0.8,150,Medium Extra Long pipe for PU injection
PIPE-01228,17,20.0,1.5,1800,226.98,0.4086,Medium,Extra Long,10.0,Stainless Steel 316L,0.8,150,Medium Extra Long pipe for PU injection
PIPE-01229,17,20.0,1.5,1850,226.98,0.4199,Medium,Extra Long,10.0,Stainless Steel 316L,0.8,150,Medium Extra Long pipe for PU injection
PIPE-01230,17,20.0,1.5,1900,226.98,0.4313,Medium,Extra Long,10.0,Stainless Steel 316L,0.8,150,Medium Extra Long pipe for PU injection
PIPE-01231,17,20.0,1.5,1950,226.98,0.4426,Medium,Extra Long,10.0,Stainless Steel 316L,0.8,150,Medium Extra Long pipe for PU injection
PIPE-01232,17,20.0,1.5,2000,226.98,0.454,Medium,Extra Long,10.0,Stainless Steel 316L,0.8,150,Medium Extra Long pipe for PU injection
PIPE-01233,18,21.0,1.5,50,254.47,0.0127,Medium,Short,10.0,Stainless Steel 316L,0.8,150,Medium Short pipe for PU injection
PIPE-01234,18,21.0,1.5,60,254.47,0.0153,Medium,Short,10.0,Stainless Steel 316L,0.8,150,Medium Short pipe for PU injection
PIPE-01235,18,21.0,1.5,70,254.47,0.0178,Medium,Short,10.0,Stainless Steel 316L,0.8,150,Medium Short pipe for PU injection
PIPE-01236,18,21.0,1.5,80,254.47,0.0204,Medium,Short,10.0,Stainless Steel 316L,0.8,150,Medium Short pipe for PU injection
PIPE-01237,18,21.0,1.5,90,254.47,0.0229,Medium,Short,10.0,Stainless Steel 316L,0.8,150,Medium Short pipe for PU injection
PIPE-01238,18,21.0,1.5,100,254.47,0.0254,Medium,Short,10.0,Stainless Steel 316L,0.8,150,Medium Short pipe for PU injection
PIPE-01239,18,21.0,1.5,110,254.47,0.028,Medium,Short,10.0,Stainless Steel 316L,0.8,150,Medium Short pipe for PU injection
PIPE-01240,18,21.0,1.5,120,254.47,0.0305,Medium,Short,10.0,Stainless Steel 316L,0.8,150,Medium Short pipe for PU injection
PIPE-01241,18,21.0,1.5,130,254.47,0.0331,Medium,Short,10.0,Stainless Steel 316L,0.8,150,Medium Short pipe for PU injection
PIPE-01242,18,21.0,1.5,140,254.47,0.0356,Medium,Short,10.0,Stainless Steel 316L,0.8,150,Medium Short pipe for PU injection
PIPE-01243,18,21.0,1.5,150,254.47,0.0382,Medium,Short,10.0,Stainless Steel 316L,0.8,150,Medium Short pipe for PU injection
PIPE-01244,18,21.0,1.5,160,254.47,0.0407,Medium,Short,10.0,Stainless Steel 316L,0.8,150,Medium Short pipe for PU injection
PIPE-01245,18,21.0,1.5,170,254.47,0.0433,Medium,Short,10.0,Stainless Steel 316L,0.8,150,Medium Short pipe for PU injection
PIPE-01246,18,21.0,1.5,180,254.47,0.0458,Medium,Short,10.0,Stainless Steel 316L,0.8,150,Medium Short pipe for PU injection
PIPE-01247,18,21.0,1.5,190,254.47,0.0483,Medium,Short,10.0,Stainless Steel 316L,0.8,150,Medium Short pipe for PU injection
PIPE-01248,18,21.0,1.5,200,254.47,0.0509,Medium,Medium,10.0,Stainless Steel 316L,0.8,150,Medium Medium pipe for PU injection
PIPE-01249,18,21.0,1.5,210,254.47,0.0534,Medium,Medium,10.0,Stainless Steel 316L,0.8,150,Medium Medium pipe for PU injection
PIPE-01250,18,21.0,1.5,220,254.47,0.056,Medium,Medium,10.0,Stainless Steel 316L,0.8,150,Medium Medium pipe for PU injection
PIPE-01251,18,21.0,1.5,230,254.47,0.0585,Medium,Medium,10.0,Stainless Steel 316L,0.8,150,Medium Medium pipe for PU injection
PIPE-01252,18,21.0,1.5,240,254.47,0.0611,Medium,Medium,10.0,Stainless Steel 316L,0.8,150,Medium Medium pipe for PU injection
PIPE-01253,18,21.0,1.5,250,254.47,0.0636,Medium,Medium,10.0,Stainless Steel 316L,0.8,150,Medium Medium pipe for PU injection
PIPE-01254,18,21.0,1.5,260,254.47,0.0662,Medium,Medium,10.0,Stainless Steel 316L,0.8,150,Medium Medium pipe for PU injection
PIPE-01255,18,21.0,1.5,270,254.47,0.0687,Medium,Medium,10.0,Stainless Steel 316L,0.8,150,Medium Medium pipe for PU injection
PIPE-01256,18,21.0,1.5,280,254.47,0.0713,Medium,Medium,10.0,Stainless Steel 316L,0.8,150,Medium Medium pipe for PU injection
PIPE-01257,18,21.0,1.5,290,254.47,0.0738,Medium,Medium,10.0,Stainless Steel 316L,0.8,150,Medium Medium pipe for PU injection
PIPE-01258,18,21.0,1.5,300,254.47,0.0763,Medium,Medium,10.0,Stainless Steel 316L,0.8,150,Medium Medium pipe for PU injection
PIPE-01259,18,21.0,1.5,310,254.47,0.0789,Medium,Medium,10.0,Stainless Steel 316L,0.8,150,Medium Medium pipe for PU injection
PIPE-01260,18,21.0,1.5,320,254.47,0.0814,Medium,Medium,10.0,Stainless Steel 316L,0.8,150,Medium Medium pipe for PU injection
PIPE-01261,18,21.0,1.5,330,254.47,0.084,Medium,Medium,10.0,Stainless Steel 316L,0.8,150,Medium Medium pipe for PU injection
PIPE-01262,18,21.0,1.5,340,254.47,0.0865,Medium,Medium,10.0,Stainless Steel 316L,0.8,150,Medium Medium pipe for PU injection
PIPE-01263,18,21.0,1.5,350,254.47,0.0891,Medium,Medium,10.0,Stainless Steel 316L,0.8,150,Medium Medium pipe for PU injection
PIPE-01264,18,21.0,1.5,360,254.47,0.0916,Medium,Medium,10.0,Stainless Steel 316L,0.8,150,Medium Medium pipe for PU injection
PIPE-01265,18,21.0,1.5,370,254.47,0.0942,Medium,Medium,10.0,Stainless Steel 316L,0.8,150,Medium Medium pipe for PU injection
PIPE-01266,18,21.0,1.5,380,254.47,0.0967,Medium,Medium,10.0,Stainless Steel 316L,0.8,150,Medium Medium pipe for PU injection
PIPE-01267,18,21.0,1.5,390,254.47,0.0992,Medium,Medium,10.0,Stainless Steel 316L,0.8,150,Medium Medium pipe for PU injection
PIPE-01268,18,21.0,1.5,400,254.47,0.1018,Medium,Medium,10.0,Stainless Steel 316L,0.8,150,Medium Medium pipe for PU injection
PIPE-01269,18,21.0,1.5,410,254.47,0.1043,Medium,Medium,10.0,Stainless Steel 316L,0.8,150,Medium Medium pipe for PU injection
PIPE-01270,18,21.0,1.5,420,254.47,0.1069,Medium,Medium,10.0,Stainless Steel 316L,0.8,150,Medium Medium pipe for PU injection
PIPE-01271,18,21.0,1.5,430,254.47,0.1094,Medium,Medium,10.0,Stainless Steel 316L,0.8,150,Medium Medium pipe for PU injection
PIPE-01272,18,21.0,1.5,440,254.47,0.112,Medium,Medium,10.0,Stainless Steel 316L,0.8,150,Medium Medium pipe for PU injection
PIPE-01273,18,21.0,1.5,450,254.47,0.1145,Medium,Medium,10.0,Stainless Steel 316L,0.8,150,Medium Medium pipe for PU injection
PIPE-01274,18,21.0,1.5,460,254.47,0.1171,Medium,Medium,10.0,Stainless Steel 316L,0.8,150,Medium Medium pipe for PU injection
PIPE-01275,18,21.0,1.5,470,254.47,0.1196,Medium,Medium,10.0,Stainless Steel 316L,0.8,150,Medium Medium pipe for PU injection
PIPE-01276,18,21.0,1.5,480,254.47,0.1221,Medium,Medium,10.0,Stainless Steel 316L,0.8,150,Medium Medium pipe for PU injection
PIPE-01277,18,21.0,1.5,490,254.47,0.1247,Medium,Medium,10.0,Stainless Steel 316L,0.8,150,Medium Medium pipe for PU injection
PIPE-01278,18,21.0,1.5,500,254.47,0.1272,Medium,Long,10.0,Stainless Steel 316L,0.8,150,Medium Long pipe for PU injection
PIPE-01279,18,21.0,1.5,500,254.47,0.1272,Medium,Long,10.0,Stainless Steel 316L,0.8,150,Medium Long pipe for PU injection
PIPE-01280,18,21.0,1.5,525,254.47,0.1336,Medium,Long,10.0,Stainless Steel 316L,0.8,150,Medium Long pipe for PU injection
PIPE-01281,18,21.0,1.5,550,254.47,0.14,Medium,Long,10.0,Stainless Steel 316L,0.8,150,Medium Long pipe for PU injection
PIPE-01282,18,21.0,1.5,575,254.47,0.1463,Medium,Long,10.0,Stainless Steel 316L,0.8,150,Medium Long pipe for PU injection
PIPE-01283,18,21.0,1.5,600,254.47,0.1527,Medium,Long,10.0,Stainless Steel 316L,0.8,150,Medium Long pipe for PU injection
PIPE-01284,18,21.0,1.5,625,254.47,0.159,Medium,Long,10.0,Stainless Steel 316L,0.8,150,Medium Long pipe for PU injection
PIPE-01285,18,21.0,1.5,650,254.47,0.1654,Medium,Long,10.0,Stainless Steel 316L,0.8,150,Medium Long pipe for PU injection
PIPE-01286,18,21.0,1.5,675,254.47,0.1718,Medium,Long,10.0,Stainless Steel 316L,0.8,150,Medium Long pipe for PU injection
PIPE-01287,18,21.0,1.5,700,254.47,0.1781,Medium,Long,10.0,Stainless Steel 316L,0.8,150,Medium Long pipe for PU injection
PIPE-01288,18,21.0,1.5,725,254.47,0.1845,Medium,Long,10.0,Stainless Steel 316L,0.8,150,Medium Long pipe for PU injection
PIPE-01289,18,21.0,1.5,750,254.47,0.1909,Medium,Long,10.0,Stainless Steel 316L,0.8,150,Medium Long pipe for PU injection
PIPE-01290,18,21.0,1.5,775,254.47,0.1972,Medium,Long,10.0,Stainless Steel 316L,0.8,150,Medium Long pipe for PU injection
PIPE-01291,18,21.0,1.5,800,254.47,0.2036,Medium,Long,10.0,Stainless Steel 316L,0.8,150,Medium Long pipe for PU injection
PIPE-01292,18,21.0,1.5,825,254.47,0.2099,Medium,Long,10.0,Stainless Steel 316L,0.8,150,Medium Long pipe for PU injection
PIPE-01293,18,21.0,1.5,850,254.47,0.2163,Medium,Long,10.0,Stainless Steel 316L,0.8,150,Medium Long pipe for PU injection
PIPE-01294,18,21.0,1.5,875,254.47,0.2227,Medium,Long,10.0,Stainless Steel 316L,0.8,150,Medium Long pipe for PU injection
PIPE-01295,18,21.0,1.5,900,254.47,0.229,Medium,Long,10.0,Stainless Steel 316L,0.8,150,Medium Long pipe for PU injection
PIPE-01296,18,21.0,1.5,925,254.47,0.2354,Medium,Long,10.0,Stainless Steel 316L,0.8,150,Medium Long pipe for PU injection
PIPE-01297,18,21.0,1.5,950,254.47,0.2417,Medium,Long,10.0,Stainless Steel 316L,0.8,150,Medium Long pipe for PU injection
PIPE-01298,18,21.0,1.5,975,254.47,0.2481,Medium,Long,10.0,Stainless Steel 316L,0.8,150,Medium Long pipe for PU injection
PIPE-01299,18,21.0,1.5,1000,254.47,0.2545,Medium,Extra Long,10.0,Stainless Steel 316L,0.8,150,Medium Extra Long pipe for PU injection
PIPE-01300,18,21.0,1.5,1000,254.47,0.2545,Medium,Extra Long,10.0,Stainless Steel 316L,0.8,150,Medium Extra Long pipe for PU injection
PIPE-01301,18,21.0,1.5,1050,254.47,0.2672,Medium,Extra Long,10.0,Stainless Steel 316L,0.8,150,Medium Extra Long pipe for PU injection
PIPE-01302,18,21.0,1.5,1100,254.47,0.2799,Medium,Extra Long,10.0,Stainless Steel 316L,0.8,150,Medium Extra Long pipe for PU injection
PIPE-01303,18,21.0,1.5,1150,254.47,0.2926,Medium,Extra Long,10.0,Stainless Steel 316L,0.8,150,Medium Extra Long pipe for PU injection
PIPE-01304,18,21.0,1.5,1200,254.47,0.3054,Medium,Extra Long,10.0,Stainless Steel 316L,0.8,150,Medium Extra Long pipe for PU injection
PIPE-01305,18,21.0,1.5,1250,254.47,0.3181,Medium,Extra Long,10.0,Stainless Steel 316L,0.8,150,Medium Extra Long pipe for PU injection
PIPE-01306,18,21.0,1.5,1300,254.47,0.3308,Medium,Extra Long,10.0,Stainless Steel 316L,0.8,150,Medium Extra Long pipe for PU injection
PIPE-01307,18,21.0,1.5,1350,254.47,0.3435,Medium,Extra Long,10.0,Stainless Steel 316L,0.8,150,Medium Extra Long pipe for PU injection
PIPE-01308,18,21.0,1.5,1400,254.47,0.3563,Medium,Extra Long,10.0,Stainless Steel 316L,0.8,150,Medium Extra Long pipe for PU injection
PIPE-01309,18,21.0,1.5,1450,254.47,0.369,Medium,Extra Long,10.0,Stainless Steel 316L,0.8,150,Medium Extra Long pipe for PU injection
PIPE-01310,18,21.0,1.5,1500,254.47,0.3817,Medium,Extra Long,10.0,Stainless Steel 316L,0.8,150,Medium Extra Long pipe for PU injection
PIPE-01311,18,21.0,1.5,1550,254.47,0.3944,Medium,Extra Long,10.0,Stainless Steel 316L,0.8,150,Medium Extra Long pipe for PU injection
PIPE-01312,18,21.0,1.5,1600,254.47,0.4072,Medium,Extra Long,10.0,Stainless Steel 316L,0.8,150,Medium Extra Long pipe for PU injection
PIPE-01313,18,21.0,1.5,1650,254.47,0.4199,Medium,Extra Long,10.0,Stainless Steel 316L,0.8,150,Medium Extra Long pipe for PU injection
PIPE-01314,18,21.0,1.5,1700,254.47,0.4326,Medium,Extra Long,10.0,Stainless Steel 316L,0.8,150,Medium Extra Long pipe for PU injection
PIPE-01315,18,21.0,1.5,1750,254.47,0.4453,Medium,Extra Long,10.0,Stainless Steel 316L,0.8,150,Medium Extra Long pipe for PU injection
PIPE-01316,18,21.0,1.5,1800,254.47,0.458,Medium,Extra Long,10.0,Stainless Steel 316L,0.8,150,Medium Extra Long pipe for PU injection
PIPE-01317,18,21.0,1.5,1850,254.47,0.4708,Medium,Extra Long,10.0,Stainless Steel 316L,0.8,150,Medium Extra Long pipe for PU injection
PIPE-01318,18,21.0,1.5,1900,254.47,0.4835,Medium,Extra Long,10.0,Stainless Steel 316L,0.8,150,Medium Extra Long pipe for PU injection
PIPE-01319,18,21.0,1.5,1950,254.47,0.4962,Medium,Extra Long,10.0,Stainless Steel 316L,0.8,150,Medium Extra Long pipe for PU injection
PIPE-01320,18,21.0,1.5,2000,254.47,0.5089,Medium,Extra Long,10.0,Stainless Steel 316L,0.8,150,Medium Extra Long pipe for PU injection
PIPE-01321,19,22.0,1.5,50,283.53,0.0142,Medium,Short,10.0,Stainless Steel 316L,0.8,150,Medium Short pipe for PU injection
PIPE-01322,19,22.0,1.5,60,283.53,0.017,Medium,Short,10.0,Stainless Steel 316L,0.8,150,Medium Short pipe for PU injection
PIPE-01323,19,22.0,1.5,70,283.53,0.0198,Medium,Short,10.0,Stainless Steel 316L,0.8,150,Medium Short pipe for PU injection
PIPE-01324,19,22.0,1.5,80,283.53,0.0227,Medium,Short,10.0,Stainless Steel 316L,0.8,150,Medium Short pipe for PU injection
PIPE-01325,19,22.0,1.5,90,283.53,0.0255,Medium,Short,10.0,Stainless Steel 316L,0.8,150,Medium Short pipe for PU injection
PIPE-01326,19,22.0,1.5,100,283.53,0.0284,Medium,Short,10.0,Stainless Steel 316L,0.8,150,Medium Short pipe for PU injection
PIPE-01327,19,22.0,1.5,110,283.53,0.0312,Medium,Short,10.0,Stainless Steel 316L,0.8,150,Medium Short pipe for PU injection
PIPE-01328,19,22.0,1.5,120,283.53,0.034,Medium,Short,10.0,Stainless Steel 316L,0.8,150,Medium Short pipe for PU injection
PIPE-01329,19,22.0,1.5,130,283.53,0.0369,Medium,Short,10.0,Stainless Steel 316L,0.8,150,Medium Short pipe for PU injection
PIPE-01330,19,22.0,1.5,140,283.53,0.0397,Medium,Short,10.0,Stainless Steel 316L,0.8,150,Medium Short pipe for PU injection
PIPE-01331,19,22.0,1.5,150,283.53,0.0425,Medium,Short,10.0,Stainless Steel 316L,0.8,150,Medium Short pipe for PU injection
PIPE-01332,19,22.0,1.5,160,283.53,0.0454,Medium,Short,10.0,Stainless Steel 316L,0.8,150,Medium Short pipe for PU injection
PIPE-01333,19,22.0,1.5,170,283.53,0.0482,Medium,Short,10.0,Stainless Steel 316L,0.8,150,Medium Short pipe for PU injection
PIPE-01334,19,22.0,1.5,180,283.53,0.051,Medium,Short,10.0,Stainless Steel 316L,0.8,150,Medium Short pipe for PU injection
PIPE-01335,19,22.0,1.5,190,283.53,0.0539,Medium,Short,10.0,Stainless Steel 316L,0.8,150,Medium Short pipe for PU injection
PIPE-01336,19,22.0,1.5,200,283.53,0.0567,Medium,Medium,10.0,Stainless Steel 316L,0.8,150,Medium Medium pipe for PU injection
PIPE-01337,19,22.0,1.5,210,283.53,0.0595,Medium,Medium,10.0,Stainless Steel 316L,0.8,150,Medium Medium pipe for PU injection
PIPE-01338,19,22.0,1.5,220,283.53,0.0624,Medium,Medium,10.0,Stainless Steel 316L,0.8,150,Medium Medium pipe for PU injection
PIPE-01339,19,22.0,1.5,230,283.53,0.0652,Medium,Medium,10.0,Stainless Steel 316L,0.8,150,Medium Medium pipe for PU injection
PIPE-01340,19,22.0,1.5,240,283.53,0.068,Medium,Medium,10.0,Stainless Steel 316L,0.8,150,Medium Medium pipe for PU injection
PIPE-01341,19,22.0,1.5,250,283.53,0.0709,Medium,Medium,10.0,Stainless Steel 316L,0.8,150,Medium Medium pipe for PU injection
PIPE-01342,19,22.0,1.5,260,283.53,0.0737,Medium,Medium,10.0,Stainless Steel 316L,0.8,150,Medium Medium pipe for PU injection
PIPE-01343,19,22.0,1.5,270,283.53,0.0766,Medium,Medium,10.0,Stainless Steel 316L,0.8,150,Medium Medium pipe for PU injection
PIPE-01344,19,22.0,1.5,280,283.53,0.0794,Medium,Medium,10.0,Stainless Steel 316L,0.8,150,Medium Medium pipe for PU injection
PIPE-01345,19,22.0,1.5,290,283.53,0.0822,Medium,Medium,10.0,Stainless Steel 316L,0.8,150,Medium Medium pipe for PU injection
PIPE-01346,19,22.0,1.5,300,283.53,0.0851,Medium,Medium,10.0,Stainless Steel 316L,0.8,150,Medium Medium pipe for PU injection
PIPE-01347,19,22.0,1.5,310,283.53,0.0879,Medium,Medium,10.0,Stainless Steel 316L,0.8,150,Medium Medium pipe for PU injection
PIPE-01348,19,22.0,1.5,320,283.53,0.0907,Medium,Medium,10.0,Stainless Steel 316L,0.8,150,Medium Medium pipe for PU injection
PIPE-01349,19,22.0,1.5,330,283.53,0.0936,Medium,Medium,10.0,Stainless Steel 316L,0.8,150,Medium Medium pipe for PU injection
PIPE-01350,19,22.0,1.5,340,283.53,0.0964,Medium,Medium,10.0,Stainless Steel 316L,0.8,150,Medium Medium pipe for PU injection
PIPE-01351,19,22.0,1.5,350,283.53,0.0992,Medium,Medium,10.0,Stainless Steel 316L,0.8,150,Medium Medium pipe for PU injection
PIPE-01352,19,22.0,1.5,360,283.53,0.1021,Medium,Medium,10.0,Stainless Steel 316L,0.8,150,Medium Medium pipe for PU injection
PIPE-01353,19,22.0,1.5,370,283.53,0.1049,Medium,Medium,10.0,Stainless Steel 316L,0.8,150,Medium Medium pipe for PU injection
PIPE-01354,19,22.0,1.5,380,283.53,0.1077,Medium,Medium,10.0,Stainless Steel 316L,0.8,150,Medium Medium pipe for PU injection
PIPE-01355,19,22.0,1.5,390,283.53,0.1106,Medium,Medium,10.0,Stainless Steel 316L,0.8,150,Medium Medium pipe for PU injection
PIPE-01356,19,22.0,1.5,400,283.53,0.1134,Medium,Medium,10.0,Stainless Steel 316L,0.8,150,Medium Medium pipe for PU injection
PIPE-01357,19,22.0,1.5,410,283.53,0.1162,Medium,Medium,10.0,Stainless Steel 316L,0.8,150,Medium Medium pipe for PU injection
PIPE-01358,19,22.0,1.5,420,283.53,0.1191,Medium,Medium,10.0,Stainless Steel 316L,0.8,150,Medium Medium pipe for PU injection
PIPE-01359,19,22.0,1.5,430,283.53,0.1219,Medium,Medium,10.0,Stainless Steel 316L,0.8,150,Medium Medium pipe for PU injection
PIPE-01360,19,22.0,1.5,440,283.53,0.1248,Medium,Medium,10.0,Stainless Steel 316L,0.8,150,Medium Medium pipe for PU injection
PIPE-01361,19,22.0,1.5,450,283.53,0.1276,Medium,Medium,10.0,Stainless Steel 316L,0.8,150,Medium Medium pipe for PU injection
PIPE-01362,19,22.0,1.5,460,283.53,0.1304,Medium,Medium,10.0,Stainless Steel 316L,0.8,150,Medium Medium pipe for PU injection
PIPE-01363,19,22.0,1.5,470,283.53,0.1333,Medium,Medium,10.0,Stainless Steel 316L,0.8,150,Medium Medium pipe for PU injection
PIPE-01364,19,22.0,1.5,480,283.53,0.1361,Medium,Medium,10.0,Stainless Steel 316L,0.8,150,Medium Medium pipe for PU injection
PIPE-01365,19,22.0,1.5,490,283.53,0.1389,Medium,Medium,10.0,Stainless Steel 316L,0.8,150,Medium Medium pipe for PU injection
PIPE-01366,19,22.0,1.5,500,283.53,0.1418,Medium,Long,10.0,Stainless Steel 316L,0.8,150,Medium Long pipe for PU injection
PIPE-01367,19,22.0,1.5,500,283.53,0.1418,Medium,Long,10.0,Stainless Steel 316L,0.8,150,Medium Long pipe for PU injection
PIPE-01368,19,22.0,1.5,525,283.53,0.1489,Medium,Long,10.0,Stainless Steel 316L,0.8,150,Medium Long pipe for PU injection
PIPE-01369,19,22.0,1.5,550,283.53,0.1559,Medium,Long,10.0,Stainless Steel 316L,0.8,150,Medium Long pipe for PU injection
PIPE-01370,19,22.0,1.5,575,283.53,0.163,Medium,Long,10.0,Stainless Steel 316L,0.8,150,Medium Long pipe for PU injection
PIPE-01371,19,22.0,1.5,600,283.53,0.1701,Medium,Long,10.0,Stainless Steel 316L,0.8,150,Medium Long pipe for PU injection
PIPE-01372,19,22.0,1.5,625,283.53,0.1772,Medium,Long,10.0,Stainless Steel 316L,0.8,150,Medium Long pipe for PU injection
PIPE-01373,19,22.0,1.5,650,283.53,0.1843,Medium,Long,10.0,Stainless Steel 316L,0.8,150,Medium Long pipe for PU injection
PIPE-01374,19,22.0,1.5,675,283.53,0.1914,Medium,Long,10.0,Stainless Steel 316L,0.8,150,Medium Long pipe for PU injection
PIPE-01375,19,22.0,1.5,700,283.53,0.1985,Medium,Long,10.0,Stainless Steel 316L,0.8,150,Medium Long pipe for PU injection
PIPE-01376,19,22.0,1.5,725,283.53,0.2056,Medium,Long,10.0,Stainless Steel 316L,0.8,150,Medium Long pipe for PU injection
PIPE-01377,19,22.0,1.5,750,283.53,0.2126,Medium,Long,10.0,Stainless Steel 316L,0.8,150,Medium Long pipe for PU injection
PIPE-01378,19,22.0,1.5,775,283.53,0.2197,Medium,Long,10.0,Stainless Steel 316L,0.8,150,Medium Long pipe for PU injection
PIPE-01379,19,22.0,1.5,800,283.53,0.2268,Medium,Long,10.0,Stainless Steel 316L,0.8,150,Medium Long pipe for PU injection
PIPE-01380,19,22.0,1.5,825,283.53,0.2339,Medium,Long,10.0,Stainless Steel 316L,0.8,150,Medium Long pipe for PU injection
PIPE-01381,19,22.0,1.5,850,283.53,0.241,Medium,Long,10.0,Stainless Steel 316L,0.8,150,Medium Long pipe for PU injection
PIPE-01382,19,22.0,1.5,875,283.53,0.2481,Medium,Long,10.0,Stainless Steel 316L,0.8,150,Medium Long pipe for PU injection
PIPE-01383,19,22.0,1.5,900,283.53,0.2552,Medium,Long,10.0,Stainless Steel 316L,0.8,150,Medium Long pipe for PU injection
PIPE-01384,19,22.0,1.5,925,283.53,0.2623,Medium,Long,10.0,Stainless Steel 316L,0.8,150,Medium Long pipe for PU injection
PIPE-01385,19,22.0,1.5,950,283.53,0.2694,Medium,Long,10.0,Stainless Steel 316L,0.8,150,Medium Long pipe for PU injection
PIPE-01386,19,22.0,1.5,975,283.53,0.2764,Medium,Long,10.0,Stainless Steel 316L,0.8,150,Medium Long pipe for PU injection
PIPE-01387,19,22.0,1.5,1000,283.53,0.2835,Medium,Extra Long,10.0,Stainless Steel 316L,0.8,150,Medium Extra Long pipe for PU injection
PIPE-01388,19,22.0,1.5,1000,283.53,0.2835,Medium,Extra Long,10.0,Stainless Steel 316L,0.8,150,Medium Extra Long pipe for PU injection
PIPE-01389,19,22.0,1.5,1050,283.53,0.2977,Medium,Extra Long,10.0,Stainless Steel 316L,0.8,150,Medium Extra Long pipe for PU injection
PIPE-01390,19,22.0,1.5,1100,283.53,0.3119,Medium,Extra Long,10.0,Stainless Steel 316L,0.8,150,Medium Extra Long pipe for PU injection
PIPE-01391,19,22.0,1.5,1150,283.53,0.3261,Medium,Extra Long,10.0,Stainless Steel 316L,0.8,150,Medium Extra Long pipe for PU injection
PIPE-01392,19,22.0,1.5,1200,283.53,0.3402,Medium,Extra Long,10.0,Stainless Steel 316L,0.8,150,Medium Extra Long pipe for PU injection
PIPE-01393,19,22.0,1.5,1250,283.53,0.3544,Medium,Extra Long,10.0,Stainless Steel 316L,0.8,150,Medium Extra Long pipe for PU injection
PIPE-01394,19,22.0,1.5,1300,283.53,0.3686,Medium,Extra Long,10.0,Stainless Steel 316L,0.8,150,Medium Extra Long pipe for PU injection
PIPE-01395,19,22.0,1.5,1350,283.53,0.3828,Medium,Extra Long,10.0,Stainless Steel 316L,0.8,150,Medium Extra Long pipe for PU injection
PIPE-01396,19,22.0,1.5,1400,283.53,0.3969,Medium,Extra Long,10.0,Stainless Steel 316L,0.8,150,Medium Extra Long pipe for PU injection
PIPE-01397,19,22.0,1.5,1450,283.53,0.4111,Medium,Extra Long,10.0,Stainless Steel 316L,0.8,150,Medium Extra Long pipe for PU injection
PIPE-01398,19,22.0,1.5,1500,283.53,0.4253,Medium,Extra Long,10.0,Stainless Steel 316L,0.8,150,Medium Extra Long pipe for PU injection
PIPE-01399,19,22.0,1.5,1550,283.53,0.4395,Medium,Extra Long,10.0,Stainless Steel 316L,0.8,150,Medium Extra Long pipe for PU injection
PIPE-01400,19,22.0,1.5,1600,283.53,0.4536,Medium,Extra Long,10.0,Stainless Steel 316L,0.8,150,Medium Extra Long pipe for PU injection
PIPE-01401,19,22.0,1.5,1650,283.53,0.4678,Medium,Extra Long,10.0,Stainless Steel 316L,0.8,150,Medium Extra Long pipe for PU injection
PIPE-01402,19,22.0,1.5,1700,283.53,0.482,Medium,Extra Long,10.0,Stainless Steel 316L,0.8,150,Medium Extra Long pipe for PU injection
PIPE-01403,19,22.0,1.5,1750,283.53,0.4962,Medium,Extra Long,10.0,Stainless Steel 316L,0.8,150,Medium Extra Long pipe for PU injection
PIPE-01404,19,22.0,1.5,1800,283.53,0.5104,Medium,Extra Long,10.0,Stainless Steel 316L,0.8,150,Medium Extra Long pipe for PU injection
PIPE-01405,19,22.0,1.5,1850,283.53,0.5245,Medium,Extra Long,10.0,Stainless Steel 316L,0.8,150,Medium Extra Long pipe for PU injection
PIPE-01406,19,22.0,1.5,1900,283.53,0.5387,Medium,Extra Long,10.0,Stainless Steel 316L,0.8,150,Medium Extra Long pipe for PU injection
PIPE-01407,19,22.0,1.5,1950,283.53,0.5529,Medium,Extra Long,10.0,Stainless Steel 316L,0.8,150,Medium Extra Long pipe for PU injection
PIPE-01408,19,22.0,1.5,2000,283.53,0.5671,Medium,Extra Long,10.0,Stainless Steel 316L,0.8,150,Medium Extra Long pipe for PU injection
PIPE-01409,20,23.0,1.5,50,314.16,0.0157,Large,Short,10.0,Stainless Steel 316L,0.8,150,Large Short pipe for PU injection
PIPE-01410,20,23.0,1.5,60,314.16,0.0188,Large,Short,10.0,Stainless Steel 316L,0.8,150,Large Short pipe for PU injection
PIPE-01411,20,23.0,1.5,70,314.16,0.022,Large,Short,10.0,Stainless Steel 316L,0.8,150,Large Short pipe for PU injection
PIPE-01412,20,23.0,1.5,80,314.16,0.0251,Large,Short,10.0,Stainless Steel 316L,0.8,150,Large Short pipe for PU injection
PIPE-01413,20,23.0,1.5,90,314.16,0.0283,Large,Short,10.0,Stainless Steel 316L,0.8,150,Large Short pipe for PU injection
PIPE-01414,20,23.0,1.5,100,314.16,0.0314,Large,Short,10.0,Stainless Steel 316L,0.8,150,Large Short pipe for PU injection
PIPE-01415,20,23.0,1.5,110,314.16,0.0346,Large,Short,10.0,Stainless Steel 316L,0.8,150,Large Short pipe for PU injection
PIPE-01416,20,23.0,1.5,120,314.16,0.0377,Large,Short,10.0,Stainless Steel 316L,0.8,150,Large Short pipe for PU injection
PIPE-01417,20,23.0,1.5,130,314.16,0.0408,Large,Short,10.0,Stainless Steel 316L,0.8,150,Large Short pipe for PU injection
PIPE-01418,20,23.0,1.5,140,314.16,0.044,Large,Short,10.0,Stainless Steel 316L,0.8,150,Large Short pipe for PU injection
PIPE-01419,20,23.0,1.5,150,314.16,0.0471,Large,Short,10.0,Stainless Steel 316L,0.8,150,Large Short pipe for PU injection
PIPE-01420,20,23.0,1.5,160,314.16,0.0503,Large,Short,10.0,Stainless Steel 316L,0.8,150,Large Short pipe for PU injection
PIPE-01421,20,23.0,1.5,170,314.16,0.0534,Large,Short,10.0,Stainless Steel 316L,0.8,150,Large Short pipe for PU injection
PIPE-01422,20,23.0,1.5,180,314.16,0.0565,Large,Short,10.0,Stainless Steel 316L,0.8,150,Large Short pipe for PU injection
PIPE-01423,20,23.0,1.5,190,314.16,0.0597,Large,Short,10.0,Stainless Steel 316L,0.8,150,Large Short pipe for PU injection
PIPE-01424,20,23.0,1.5,200,314.16,0.0628,Large,Medium,10.0,Stainless Steel 316L,0.8,150,Large Medium pipe for PU injection
PIPE-01425,20,23.0,1.5,210,314.16,0.066,Large,Medium,10.0,Stainless Steel 316L,0.8,150,Large Medium pipe for PU injection
PIPE-01426,20,23.0,1.5,220,314.16,0.0691,Large,Medium,10.0,Stainless Steel 316L,0.8,150,Large Medium pipe for PU injection
PIPE-01427,20,23.0,1.5,230,314.16,0.0723,Large,Medium,10.0,Stainless Steel 316L,0.8,150,Large Medium pipe for PU injection
PIPE-01428,20,23.0,1.5,240,314.16,0.0754,Large,Medium,10.0,Stainless Steel 316L,0.8,150,Large Medium pipe for PU injection
PIPE-01429,20,23.0,1.5,250,314.16,0.0785,Large,Medium,10.0,Stainless Steel 316L,0.8,150,Large Medium pipe for PU injection
PIPE-01430,20,23.0,1.5,260,314.16,0.0817,Large,Medium,10.0,Stainless Steel 316L,0.8,150,Large Medium pipe for PU injection
PIPE-01431,20,23.0,1.5,270,314.16,0.0848,Large,Medium,10.0,Stainless Steel 316L,0.8,150,Large Medium pipe for PU injection
PIPE-01432,20,23.0,1.5,280,314.16,0.088,Large,Medium,10.0,Stainless Steel 316L,0.8,150,Large Medium pipe for PU injection
PIPE-01433,20,23.0,1.5,290,314.16,0.0911,Large,Medium,10.0,Stainless Steel 316L,0.8,150,Large Medium pipe for PU injection
PIPE-01434,20,23.0,1.5,300,314.16,0.0942,Large,Medium,10.0,Stainless Steel 316L,0.8,150,Large Medium pipe for PU injection
PIPE-01435,20,23.0,1.5,310,314.16,0.0974,Large,Medium,10.0,Stainless Steel 316L,0.8,150,Large Medium pipe for PU injection
PIPE-01436,20,23.0,1.5,320,314.16,0.1005,Large,Medium,10.0,Stainless Steel 316L,0.8,150,Large Medium pipe for PU injection
PIPE-01437,20,23.0,1.5,330,314.16,0.1037,Large,Medium,10.0,Stainless Steel 316L,0.8,150,Large Medium pipe for PU injection
PIPE-01438,20,23.0,1.5,340,314.16,0.1068,Large,Medium,10.0,Stainless Steel 316L,0.8,150,Large Medium pipe for PU injection
PIPE-01439,20,23.0,1.5,350,314.16,0.11,Large,Medium,10.0,Stainless Steel 316L,0.8,150,Large Medium pipe for PU injection
PIPE-01440,20,23.0,1.5,360,314.16,0.1131,Large,Medium,10.0,Stainless Steel 316L,0.8,150,Large Medium pipe for PU injection
PIPE-01441,20,23.0,1.5,370,314.16,0.1162,Large,Medium,10.0,Stainless Steel 316L,0.8,150,Large Medium pipe for PU injection
PIPE-01442,20,23.0,1.5,380,314.16,0.1194,Large,Medium,10.0,Stainless Steel 316L,0.8,150,Large Medium pipe for PU injection
PIPE-01443,20,23.0,1.5,390,314.16,0.1225,Large,Medium,10.0,Stainless Steel 316L,0.8,150,Large Medium pipe for PU injection
PIPE-01444,20,23.0,1.5,400,314.16,0.1257,Large,Medium,10.0,Stainless Steel 316L,0.8,150,Large Medium pipe for PU injection
PIPE-01445,20,23.0,1.5,410,314.16,0.1288,Large,Medium,10.0,Stainless Steel 316L,0.8,150,Large Medium pipe for PU injection
PIPE-01446,20,23.0,1.5,420,314.16,0.1319,Large,Medium,10.0,Stainless Steel 316L,0.8,150,Large Medium pipe for PU injection
PIPE-01447,20,23.0,1.5,430,314.16,0.1351,Large,Medium,10.0,Stainless Steel 316L,0.8,150,Large Medium pipe for PU injection
PIPE-01448,20,23.0,1.5,440,314.16,0.1382,Large,Medium,10.0,Stainless Steel 316L,0.8,150,Large Medium pipe for PU injection
PIPE-01449,20,23.0,1.5,450,314.16,0.1414,Large,Medium,10.0,Stainless Steel 316L,0.8,150,Large Medium pipe for PU injection
PIPE-01450,20,23.0,1.5,460,314.16,0.1445,Large,Medium,10.0,Stainless Steel 316L,0.8,150,Large Medium pipe for PU injection
PIPE-01451,20,23.0,1.5,470,314.16,0.1477,Large,Medium,10.0,Stainless Steel 316L,0.8,150,Large Medium pipe for PU injection
PIPE-01452,20,23.0,1.5,480,314.16,0.1508,Large,Medium,10.0,Stainless Steel 316L,0.8,150,Large Medium pipe for PU injection
PIPE-01453,20,23.0,1.5,490,314.16,0.1539,Large,Medium,10.0,Stainless Steel 316L,0.8,150,Large Medium pipe for PU injection
PIPE-01454,20,23.0,1.5,500,314.16,0.1571,Large,Long,10.0,Stainless Steel 316L,0.8,150,Large Long pipe for PU injection
PIPE-01455,20,23.0,1.5,500,314.16,0.1571,Large,Long,10.0,Stainless Steel 316L,0.8,150,Large Long pipe for PU injection
PIPE-01456,20,23.0,1.5,525,314.16,0.1649,Large,Long,10.0,Stainless Steel 316L,0.8,150,Large Long pipe for PU injection
PIPE-01457,20,23.0,1.5,550,314.16,0.1728,Large,Long,10.0,Stainless Steel 316L,0.8,150,Large Long pipe for PU injection
PIPE-01458,20,23.0,1.5,575,314.16,0.1806,Large,Long,10.0,Stainless Steel 316L,0.8,150,Large Long pipe for PU injection
PIPE-01459,20,23.0,1.5,600,314.16,0.1885,Large,Long,10.0,Stainless Steel 316L,0.8,150,Large Long pipe for PU injection
PIPE-01460,20,23.0,1.5,625,314.16,0.1963,Large,Long,10.0,Stainless Steel 316L,0.8,150,Large Long pipe for PU injection
PIPE-01461,20,23.0,1.5,650,314.16,0.2042,Large,Long,10.0,Stainless Steel 316L,0.8,150,Large Long pipe for PU injection
PIPE-01462,20,23.0,1.5,675,314.16,0.2121,Large,Long,10.0,Stainless Steel 316L,0.8,150,Large Long pipe for PU injection
PIPE-01463,20,23.0,1.5,700,314.16,0.2199,Large,Long,10.0,Stainless Steel 316L,0.8,150,Large Long pipe for PU injection
PIPE-01464,20,23.0,1.5,725,314.16,0.2278,Large,Long,10.0,Stainless Steel 316L,0.8,150,Large Long pipe for PU injection
PIPE-01465,20,23.0,1.5,750,314.16,0.2356,Large,Long,10.0,Stainless Steel 316L,0.8,150,Large Long pipe for PU injection
PIPE-01466,20,23.0,1.5,775,314.16,0.2435,Large,Long,10.0,Stainless Steel 316L,0.8,150,Large Long pipe for PU injection
PIPE-01467,20,23.0,1.5,800,314.16,0.2513,Large,Long,10.0,Stainless Steel 316L,0.8,150,Large Long pipe for PU injection
PIPE-01468,20,23.0,1.5,825,314.16,0.2592,Large,Long,10.0,Stainless Steel 316L,0.8,150,Large Long pipe for PU injection
PIPE-01469,20,23.0,1.5,850,314.16,0.267,Large,Long,10.0,Stainless Steel 316L,0.8,150,Large Long pipe for PU injection
PIPE-01470,20,23.0,1.5,875,314.16,0.2749,Large,Long,10.0,Stainless Steel 316L,0.8,150,Large Long pipe for PU injection
PIPE-01471,20,23.0,1.5,900,314.16,0.2827,Large,Long,10.0,Stainless Steel 316L,0.8,150,Large Long pipe for PU injection
PIPE-01472,20,23.0,1.5,925,314.16,0.2906,Large,Long,10.0,Stainless Steel 316L,0.8,150,Large Long pipe for PU injection
PIPE-01473,20,23.0,1.5,950,314.16,0.2985,Large,Long,10.0,Stainless Steel 316L,0.8,150,Large Long pipe for PU injection
PIPE-01474,20,23.0,1.5,975,314.16,0.3063,Large,Long,10.0,Stainless Steel 316L,0.8,150,Large Long pipe for PU injection
PIPE-01475,20,23.0,1.5,1000,314.16,0.3142,Large,Extra Long,10.0,Stainless Steel 316L,0.8,150,Large Extra Long pipe for PU injection
PIPE-01476,20,23.0,1.5,1000,314.16,0.3142,Large,Extra Long,10.0,Stainless Steel 316L,0.8,150,Large Extra Long pipe for PU injection
PIPE-01477,20,23.0,1.5,1050,314.16,0.3299,Large,Extra Long,10.0,Stainless Steel 316L,0.8,150,Large Extra Long pipe for PU injection
PIPE-01478,20,23.0,1.5,1100,314.16,0.3456,Large,Extra Long,10.0,Stainless Steel 316L,0.8,150,Large Extra Long pipe for PU injection
PIPE-01479,20,23.0,1.5,1150,314.16,0.3613,Large,Extra Long,10.0,Stainless Steel 316L,0.8,150,Large Extra Long pipe for PU injection
PIPE-01480,20,23.0,1.5,1200,314.16,0.377,Large,Extra Long,10.0,Stainless Steel 316L,0.8,150,Large Extra Long pipe for PU injection
PIPE-01481,20,23.0,1.5,1250,314.16,0.3927,Large,Extra Long,10.0,Stainless Steel 316L,0.8,150,Large Extra Long pipe for PU injection
PIPE-01482,20,23.0,1.5,1300,314.16,0.4084,Large,Extra Long,10.0,Stainless Steel 316L,0.8,150,Large Extra Long pipe for PU injection
PIPE-01483,20,23.0,1.5,1350,314.16,0.4241,Large,Extra Long,10.0,Stainless Steel 316L,0.8,150,Large Extra Long pipe for PU injection
PIPE-01484,20,23.0,1.5,1400,314.16,0.4398,Large,Extra Long,10.0,Stainless Steel 316L,0.8,150,Large Extra Long pipe for PU injection
PIPE-01485,20,23.0,1.5,1450,314.16,0.4555,Large,Extra Long,10.0,Stainless Steel 316L,0.8,150,Large Extra Long pipe for PU injection
PIPE-01486,20,23.0,1.5,1500,314.16,0.4712,Large,Extra Long,10.0,Stainless Steel 316L,0.8,150,Large Extra Long pipe for PU injection
PIPE-01487,20,23.0,1.5,1550,314.16,0.4869,Large,Extra Long,10.0,Stainless Steel 316L,0.8,150,Large Extra Long pipe for PU injection
PIPE-01488,20,23.0,1.5,1600,314.16,0.5027,Large,Extra Long,10.0,Stainless Steel 316L,0.8,150,Large Extra Long pipe for PU injection
PIPE-01489,20,23.0,1.5,1650,314.16,0.5184,Large,Extra Long,10.0,Stainless Steel 316L,0.8,150,Large Extra Long pipe for PU injection
PIPE-01490,20,23.0,1.5,1700,314.16,0.5341,Large,Extra Long,10.0,Stainless Steel 316L,0.8,150,Large Extra Long pipe for PU injection
PIPE-01491,20,23.0,1.5,1750,314.16,0.5498,Large,Extra Long,10.0,Stainless Steel 316L,0.8,150,Large Extra Long pipe for PU injection
PIPE-01492,20,23.0,1.5,1800,314.16,0.5655,Large,Extra Long,10.0,Stainless Steel 316L,0.8,150,Large Extra Long pipe for PU injection
PIPE-01493,20,23.0,1.5,1850,314.16,0.5812,Large,Extra Long,10.0,Stainless Steel 316L,0.8,150,Large Extra Long pipe for PU injection
PIPE-01494,20,23.0,1.5,1900,314.16,0.5969,Large,Extra Long,10.0,Stainless Steel 316L,0.8,150,Large Extra Long pipe for PU injection
PIPE-01495,20,23.0,1.5,1950,314.16,0.6126,Large,Extra Long,10.0,Stainless Steel 316L,0.8,150,Large Extra Long pipe for PU injection
PIPE-01496,20,23.0,1.5,2000,314.16,0.6283,Large,Extra Long,10.0,Stainless Steel 316L,0.8,150,Large Extra Long pipe for PU injection
PIPE-01497,21,25.0,2.0,50,346.36,0.0173,Large,Short,8.0,Stainless Steel 316L,0.8,150,Large Short pipe for PU injection
PIPE-01498,21,25.0,2.0,60,346.36,0.0208,Large,Short,8.0,Stainless Steel 316L,0.8,150,Large Short pipe for PU injection
PIPE-01499,21,25.0,2.0,70,346.36,0.0242,Large,Short,8.0,Stainless Steel 316L,0.8,150,Large Short pipe for PU injection
PIPE-01500,21,25.0,2.0,80,346.36,0.0277,Large,Short,8.0,Stainless Steel 316L,0.8,150,Large Short pipe for PU injection
PIPE-01501,21,25.0,2.0,90,346.36,0.0312,Large,Short,8.0,Stainless Steel 316L,0.8,150,Large Short pipe for PU injection
PIPE-01502,21,25.0,2.0,100,346.36,0.0346,Large,Short,8.0,Stainless Steel 316L,0.8,150,Large Short pipe for PU injection
PIPE-01503,21,25.0,2.0,110,346.36,0.0381,Large,Short,8.0,Stainless Steel 316L,0.8,150,Large Short pipe for PU injection
PIPE-01504,21,25.0,2.0,120,346.36,0.0416,Large,Short,8.0,Stainless Steel 316L,0.8,150,Large Short pipe for PU injection
PIPE-01505,21,25.0,2.0,130,346.36,0.045,Large,Short,8.0,Stainless Steel 316L,0.8,150,Large Short pipe for PU injection
PIPE-01506,21,25.0,2.0,140,346.36,0.0485,Large,Short,8.0,Stainless Steel 316L,0.8,150,Large Short pipe for PU injection
PIPE-01507,21,25.0,2.0,150,346.36,0.052,Large,Short,8.0,Stainless Steel 316L,0.8,150,Large Short pipe for PU injection
PIPE-01508,21,25.0,2.0,160,346.36,0.0554,Large,Short,8.0,Stainless Steel 316L,0.8,150,Large Short pipe for PU injection
PIPE-01509,21,25.0,2.0,170,346.36,0.0589,Large,Short,8.0,Stainless Steel 316L,0.8,150,Large Short pipe for PU injection
PIPE-01510,21,25.0,2.0,180,346.36,0.0623,Large,Short,8.0,Stainless Steel 316L,0.8,150,Large Short pipe for PU injection
PIPE-01511,21,25.0,2.0,190,346.36,0.0658,Large,Short,8.0,Stainless Steel 316L,0.8,150,Large Short pipe for PU injection
PIPE-01512,21,25.0,2.0,200,346.36,0.0693,Large,Medium,8.0,Stainless Steel 316L,0.8,150,Large Medium pipe for PU injection
PIPE-01513,21,25.0,2.0,210,346.36,0.0727,Large,Medium,8.0,Stainless Steel 316L,0.8,150,Large Medium pipe for PU injection
PIPE-01514,21,25.0,2.0,220,346.36,0.0762,Large,Medium,8.0,Stainless Steel 316L,0.8,150,Large Medium pipe for PU injection
PIPE-01515,21,25.0,2.0,230,346.36,0.0797,Large,Medium,8.0,Stainless Steel 316L,0.8,150,Large Medium pipe for PU injection
PIPE-01516,21,25.0,2.0,240,346.36,0.0831,Large,Medium,8.0,Stainless Steel 316L,0.8,150,Large Medium pipe for PU injection
PIPE-01517,21,25.0,2.0,250,346.36,0.0866,Large,Medium,8.0,Stainless Steel 316L,0.8,150,Large Medium pipe for PU injection
PIPE-01518,21,25.0,2.0,260,346.36,0.0901,Large,Medium,8.0,Stainless Steel 316L,0.8,150,Large Medium pipe for PU injection
PIPE-01519,21,25.0,2.0,270,346.36,0.0935,Large,Medium,8.0,Stainless Steel 316L,0.8,150,Large Medium pipe for PU injection
PIPE-01520,21,25.0,2.0,280,346.36,0.097,Large,Medium,8.0,Stainless Steel 316L,0.8,150,Large Medium pipe for PU injection
PIPE-01521,21,25.0,2.0,290,346.36,0.1004,Large,Medium,8.0,Stainless Steel 316L,0.8,150,Large Medium pipe for PU injection
PIPE-01522,21,25.0,2.0,300,346.36,0.1039,Large,Medium,8.0,Stainless Steel 316L,0.8,150,Large Medium pipe for PU injection
PIPE-01523,21,25.0,2.0,310,346.36,0.1074,Large,Medium,8.0,Stainless Steel 316L,0.8,150,Large Medium pipe for PU injection
PIPE-01524,21,25.0,2.0,320,346.36,0.1108,Large,Medium,8.0,Stainless Steel 316L,0.8,150,Large Medium pipe for PU injection
PIPE-01525,21,25.0,2.0,330,346.36,0.1143,Large,Medium,8.0,Stainless Steel 316L,0.8,150,Large Medium pipe for PU injection
PIPE-01526,21,25.0,2.0,340,346.36,0.1178,Large,Medium,8.0,Stainless Steel 316L,0.8,150,Large Medium pipe for PU injection
PIPE-01527,21,25.0,2.0,350,346.36,0.1212,Large,Medium,8.0,Stainless Steel 316L,0.8,150,Large Medium pipe for PU injection
PIPE-01528,21,25.0,2.0,360,346.36,0.1247,Large,Medium,8.0,Stainless Steel 316L,0.8,150,Large Medium pipe for PU injection
PIPE-01529,21,25.0,2.0,370,346.36,0.1282,Large,Medium,8.0,Stainless Steel 316L,0.8,150,Large Medium pipe for PU injection
PIPE-01530,21,25.0,2.0,380,346.36,0.1316,Large,Medium,8.0,Stainless Steel 316L,0.8,150,Large Medium pipe for PU injection
PIPE-01531,21,25.0,2.0,390,346.36,0.1351,Large,Medium,8.0,Stainless Steel 316L,0.8,150,Large Medium pipe for PU injection
PIPE-01532,21,25.0,2.0,400,346.36,0.1385,Large,Medium,8.0,Stainless Steel 316L,0.8,150,Large Medium pipe for PU injection
PIPE-01533,21,25.0,2.0,410,346.36,0.142,Large,Medium,8.0,Stainless Steel 316L,0.8,150,Large Medium pipe for PU injection
PIPE-01534,21,25.0,2.0,420,346.36,0.1455,Large,Medium,8.0,Stainless Steel 316L,0.8,150,Large Medium pipe for PU injection
PIPE-01535,21,25.0,2.0,430,346.36,0.1489,Large,Medium,8.0,Stainless Steel 316L,0.8,150,Large Medium pipe for PU injection
PIPE-01536,21,25.0,2.0,440,346.36,0.1524,Large,Medium,8.0,Stainless Steel 316L,0.8,150,Large Medium pipe for PU injection
PIPE-01537,21,25.0,2.0,450,346.36,0.1559,Large,Medium,8.0,Stainless Steel 316L,0.8,150,Large Medium pipe for PU injection
PIPE-01538,21,25.0,2.0,460,346.36,0.1593,Large,Medium,8.0,Stainless Steel 316L,0.8,150,Large Medium pipe for PU injection
PIPE-01539,21,25.0,2.0,470,346.36,0.1628,Large,Medium,8.0,Stainless Steel 316L,0.8,150,Large Medium pipe for PU injection
PIPE-01540,21,25.0,2.0,480,346.36,0.1663,Large,Medium,8.0,Stainless Steel 316L,0.8,150,Large Medium pipe for PU injection
PIPE-01541,21,25.0,2.0,490,346.36,0.1697,Large,Medium,8.0,Stainless Steel 316L,0.8,150,Large Medium pipe for PU injection
PIPE-01542,21,25.0,2.0,500,346.36,0.1732,Large,Long,8.0,Stainless Steel 316L,0.8,150,Large Long pipe for PU injection
PIPE-01543,21,25.0,2.0,500,346.36,0.1732,Large,Long,8.0,Stainless Steel 316L,0.8,150,Large Long pipe for PU injection
PIPE-01544,21,25.0,2.0,525,346.36,0.1818,Large,Long,8.0,Stainless Steel 316L,0.8,150,Large Long pipe for PU injection
PIPE-01545,21,25.0,2.0,550,346.36,0.1905,Large,Long,8.0,Stainless Steel 316L,0.8,150,Large Long pipe for PU injection
PIPE-01546,21,25.0,2.0,575,346.36,0.1992,Large,Long,8.0,Stainless Steel 316L,0.8,150,Large Long pipe for PU injection
PIPE-01547,21,25.0,2.0,600,346.36,0.2078,Large,Long,8.0,Stainless Steel 316L,0.8,150,Large Long pipe for PU injection
PIPE-01548,21,25.0,2.0,625,346.36,0.2165,Large,Long,8.0,Stainless Steel 316L,0.8,150,Large Long pipe for PU injection
PIPE-01549,21,25.0,2.0,650,346.36,0.2251,Large,Long,8.0,Stainless Steel 316L,0.8,150,Large Long pipe for PU injection
PIPE-01550,21,25.0,2.0,675,346.36,0.2338,Large,Long,8.0,Stainless Steel 316L,0.8,150,Large Long pipe for PU injection
PIPE-01551,21,25.0,2.0,700,346.36,0.2425,Large,Long,8.0,Stainless Steel 316L,0.8,150,Large Long pipe for PU injection
PIPE-01552,21,25.0,2.0,725,346.36,0.2511,Large,Long,8.0,Stainless Steel 316L,0.8,150,Large Long pipe for PU injection
PIPE-01553,21,25.0,2.0,750,346.36,0.2598,Large,Long,8.0,Stainless Steel 316L,0.8,150,Large Long pipe for PU injection
PIPE-01554,21,25.0,2.0,775,346.36,0.2684,Large,Long,8.0,Stainless Steel 316L,0.8,150,Large Long pipe for PU injection
PIPE-01555,21,25.0,2.0,800,346.36,0.2771,Large,Long,8.0,Stainless Steel 316L,0.8,150,Large Long pipe for PU injection
PIPE-01556,21,25.0,2.0,825,346.36,0.2857,Large,Long,8.0,Stainless Steel 316L,0.8,150,Large Long pipe for PU injection
PIPE-01557,21,25.0,2.0,850,346.36,0.2944,Large,Long,8.0,Stainless Steel 316L,0.8,150,Large Long pipe for PU injection
PIPE-01558,21,25.0,2.0,875,346.36,0.3031,Large,Long,8.0,Stainless Steel 316L,0.8,150,Large Long pipe for PU injection
PIPE-01559,21,25.0,2.0,900,346.36,0.3117,Large,Long,8.0,Stainless Steel 316L,0.8,150,Large Long pipe for PU injection
PIPE-01560,21,25.0,2.0,925,346.36,0.3204,Large,Long,8.0,Stainless Steel 316L,0.8,150,Large Long pipe for PU injection
PIPE-01561,21,25.0,2.0,950,346.36,0.329,Large,Long,8.0,Stainless Steel 316L,0.8,150,Large Long pipe for PU injection
PIPE-01562,21,25.0,2.0,975,346.36,0.3377,Large,Long,8.0,Stainless Steel 316L,0.8,150,Large Long pipe for PU injection
PIPE-01563,21,25.0,2.0,1000,346.36,0.3464,Large,Extra Long,8.0,Stainless Steel 316L,0.8,150,Large Extra Long pipe for PU injection
PIPE-01564,21,25.0,2.0,1000,346.36,0.3464,Large,Extra Long,8.0,Stainless Steel 316L,0.8,150,Large Extra Long pipe for PU injection
PIPE-01565,21,25.0,2.0,1050,346.36,0.3637,Large,Extra Long,8.0,Stainless Steel 316L,0.8,150,Large Extra Long pipe for PU injection
PIPE-01566,21,25.0,2.0,1100,346.36,0.381,Large,Extra Long,8.0,Stainless Steel 316L,0.8,150,Large Extra Long pipe for PU injection
PIPE-01567,21,25.0,2.0,1150,346.36,0.3983,Large,Extra Long,8.0,Stainless Steel 316L,0.8,150,Large Extra Long pipe for PU injection
PIPE-01568,21,25.0,2.0,1200,346.36,0.4156,Large,Extra Long,8.0,Stainless Steel 316L,0.8,150,Large Extra Long pipe for PU injection
PIPE-01569,21,25.0,2.0,1250,346.36,0.433,Large,Extra Long,8.0,Stainless Steel 316L,0.8,150,Large Extra Long pipe for PU injection
PIPE-01570,21,25.0,2.0,1300,346.36,0.4503,Large,Extra Long,8.0,Stainless Steel 316L,0.8,150,Large Extra Long pipe for PU injection
PIPE-01571,21,25.0,2.0,1350,346.36,0.4676,Large,Extra Long,8.0,Stainless Steel 316L,0.8,150,Large Extra Long pipe for PU injection
PIPE-01572,21,25.0,2.0,1400,346.36,0.4849,Large,Extra Long,8.0,Stainless Steel 316L,0.8,150,Large Extra Long pipe for PU injection
PIPE-01573,21,25.0,2.0,1450,346.36,0.5022,Large,Extra Long,8.0,Stainless Steel 316L,0.8,150,Large Extra Long pipe for PU injection
PIPE-01574,21,25.0,2.0,1500,346.36,0.5195,Large,Extra Long,8.0,Stainless Steel 316L,0.8,150,Large Extra Long pipe for PU injection
PIPE-01575,21,25.0,2.0,1550,346.36,0.5369,Large,Extra Long,8.0,Stainless Steel 316L,0.8,150,Large Extra Long pipe for PU injection
PIPE-01576,21,25.0,2.0,1600,346.36,0.5542,Large,Extra Long,8.0,Stainless Steel 316L,0.8,150,Large Extra Long pipe for PU injection
PIPE-01577,21,25.0,2.0,1650,346.36,0.5715,Large,Extra Long,8.0,Stainless Steel 316L,0.8,150,Large Extra Long pipe for PU injection
PIPE-01578,21,25.0,2.0,1700,346.36,0.5888,Large,Extra Long,8.0,Stainless Steel 316L,0.8,150,Large Extra Long pipe for PU injection
PIPE-01579,21,25.0,2.0,1750,346.36,0.6061,Large,Extra Long,8.0,Stainless Steel 316L,0.8,150,Large Extra Long pipe for PU injection
PIPE-01580,21,25.0,2.0,1800,346.36,0.6234,Large,Extra Long,8.0,Stainless Steel 316L,0.8,150,Large Extra Long pipe for PU injection
PIPE-01581,21,25.0,2.0,1850,346.36,0.6408,Large,Extra Long,8.0,Stainless Steel 316L,0.8,150,Large Extra Long pipe for PU injection
PIPE-01582,21,25.0,2.0,1900,346.36,0.6581,Large,Extra Long,8.0,Stainless Steel 316L,0.8,150,Large Extra Long pipe for PU injection
PIPE-01583,21,25.0,2.0,1950,346.36,0.6754,Large,Extra Long,8.0,Stainless Steel 316L,0.8,150,Large Extra Long pipe for PU injection
PIPE-01584,21,25.0,2.0,2000,346.36,0.6927,Large,Extra Long,8.0,Stainless Steel 316L,0.8,150,Large Extra Long pipe for PU injection
PIPE-01585,22,26.0,2.0,50,380.13,0.019,Large,Short,8.0,Stainless Steel 316L,0.8,150,Large Short pipe for PU injection
PIPE-01586,22,26.0,2.0,60,380.13,0.0228,Large,Short,8.0,Stainless Steel 316L,0.8,150,Large Short pipe for PU injection
PIPE-01587,22,26.0,2.0,70,380.13,0.0266,Large,Short,8.0,Stainless Steel 316L,0.8,150,Large Short pipe for PU injection
PIPE-01588,22,26.0,2.0,80,380.13,0.0304,Large,Short,8.0,Stainless Steel 316L,0.8,150,Large Short pipe for PU injection
PIPE-01589,22,26.0,2.0,90,380.13,0.0342,Large,Short,8.0,Stainless Steel 316L,0.8,150,Large Short pipe for PU injection
PIPE-01590,22,26.0,2.0,100,380.13,0.038,Large,Short,8.0,Stainless Steel 316L,0.8,150,Large Short pipe for PU injection
PIPE-01591,22,26.0,2.0,110,380.13,0.0418,Large,Short,8.0,Stainless Steel 316L,0.8,150,Large Short pipe for PU injection
PIPE-01592,22,26.0,2.0,120,380.13,0.0456,Large,Short,8.0,Stainless Steel 316L,0.8,150,Large Short pipe for PU injection
PIPE-01593,22,26.0,2.0,130,380.13,0.0494,Large,Short,8.0,Stainless Steel 316L,0.8,150,Large Short pipe for PU injection
PIPE-01594,22,26.0,2.0,140,380.13,0.0532,Large,Short,8.0,Stainless Steel 316L,0.8,150,Large Short pipe for PU injection
PIPE-01595,22,26.0,2.0,150,380.13,0.057,Large,Short,8.0,Stainless Steel 316L,0.8,150,Large Short pipe for PU injection
PIPE-01596,22,26.0,2.0,160,380.13,0.0608,Large,Short,8.0,Stainless Steel 316L,0.8,150,Large Short pipe for PU injection
PIPE-01597,22,26.0,2.0,170,380.13,0.0646,Large,Short,8.0,Stainless Steel 316L,0.8,150,Large Short pipe for PU injection
PIPE-01598,22,26.0,2.0,180,380.13,0.0684,Large,Short,8.0,Stainless Steel 316L,0.8,150,Large Short pipe for PU injection
PIPE-01599,22,26.0,2.0,190,380.13,0.0722,Large,Short,8.0,Stainless Steel 316L,0.8,150,Large Short pipe for PU injection
PIPE-01600,22,26.0,2.0,200,380.13,0.076,Large,Medium,8.0,Stainless Steel 316L,0.8,150,Large Medium pipe for PU injection
PIPE-01601,22,26.0,2.0,210,380.13,0.0798,Large,Medium,8.0,Stainless Steel 316L,0.8,150,Large Medium pipe for PU injection
PIPE-01602,22,26.0,2.0,220,380.13,0.0836,Large,Medium,8.0,Stainless Steel 316L,0.8,150,Large Medium pipe for PU injection
PIPE-01603,22,26.0,2.0,230,380.13,0.0874,Large,Medium,8.0,Stainless Steel 316L,0.8,150,Large Medium pipe for PU injection
PIPE-01604,22,26.0,2.0,240,380.13,0.0912,Large,Medium,8.0,Stainless Steel 316L,0.8,150,Large Medium pipe for PU injection
PIPE-01605,22,26.0,2.0,250,380.13,0.095,Large,Medium,8.0,Stainless Steel 316L,0.8,150,Large Medium pipe for PU injection
PIPE-01606,22,26.0,2.0,260,380.13,0.0988,Large,Medium,8.0,Stainless Steel 316L,0.8,150,Large Medium pipe for PU injection
PIPE-01607,22,26.0,2.0,270,380.13,0.1026,Large,Medium,8.0,Stainless Steel 316L,0.8,150,Large Medium pipe for PU injection
PIPE-01608,22,26.0,2.0,280,380.13,0.1064,Large,Medium,8.0,Stainless Steel 316L,0.8,150,Large Medium pipe for PU injection
PIPE-01609,22,26.0,2.0,290,380.13,0.1102,Large,Medium,8.0,Stainless Steel 316L,0.8,150,Large Medium pipe for PU injection
PIPE-01610,22,26.0,2.0,300,380.13,0.114,Large,Medium,8.0,Stainless Steel 316L,0.8,150,Large Medium pipe for PU injection
PIPE-01611,22,26.0,2.0,310,380.13,0.1178,Large,Medium,8.0,Stainless Steel 316L,0.8,150,Large Medium pipe for PU injection
PIPE-01612,22,26.0,2.0,320,380.13,0.1216,Large,Medium,8.0,Stainless Steel 316L,0.8,150,Large Medium pipe for PU injection
PIPE-01613,22,26.0,2.0,330,380.13,0.1254,Large,Medium,8.0,Stainless Steel 316L,0.8,150,Large Medium pipe for PU injection
PIPE-01614,22,26.0,2.0,340,380.13,0.1292,Large,Medium,8.0,Stainless Steel 316L,0.8,150,Large Medium pipe for PU injection
PIPE-01615,22,26.0,2.0,350,380.13,0.133,Large,Medium,8.0,Stainless Steel 316L,0.8,150,Large Medium pipe for PU injection
PIPE-01616,22,26.0,2.0,360,380.13,0.1368,Large,Medium,8.0,Stainless Steel 316L,0.8,150,Large Medium pipe for PU injection
PIPE-01617,22,26.0,2.0,370,380.13,0.1406,Large,Medium,8.0,Stainless Steel 316L,0.8,150,Large Medium pipe for PU injection
PIPE-01618,22,26.0,2.0,380,380.13,0.1445,Large,Medium,8.0,Stainless Steel 316L,0.8,150,Large Medium pipe for PU injection
PIPE-01619,22,26.0,2.0,390,380.13,0.1483,Large,Medium,8.0,Stainless Steel 316L,0.8,150,Large Medium pipe for PU injection
PIPE-01620,22,26.0,2.0,400,380.13,0.1521,Large,Medium,8.0,Stainless Steel 316L,0.8,150,Large Medium pipe for PU injection
PIPE-01621,22,26.0,2.0,410,380.13,0.1559,Large,Medium,8.0,Stainless Steel 316L,0.8,150,Large Medium pipe for PU injection
PIPE-01622,22,26.0,2.0,420,380.13,0.1597,Large,Medium,8.0,Stainless Steel 316L,0.8,150,Large Medium pipe for PU injection
PIPE-01623,22,26.0,2.0,430,380.13,0.1635,Large,Medium,8.0,Stainless Steel 316L,0.8,150,Large Medium pipe for PU injection
PIPE-01624,22,26.0,2.0,440,380.13,0.1673,Large,Medium,8.0,Stainless Steel 316L,0.8,150,Large Medium pipe for PU injection
PIPE-01625,22,26.0,2.0,450,380.13,0.1711,Large,Medium,8.0,Stainless Steel 316L,0.8,150,Large Medium pipe for PU injection
PIPE-01626,22,26.0,2.0,460,380.13,0.1749,Large,Medium,8.0,Stainless Steel 316L,0.8,150,Large Medium pipe for PU injection
PIPE-01627,22,26.0,2.0,470,380.13,0.1787,Large,Medium,8.0,Stainless Steel 316L,0.8,150,Large Medium pipe for PU injection
PIPE-01628,22,26.0,2.0,480,380.13,0.1825,Large,Medium,8.0,Stainless Steel 316L,0.8,150,Large Medium pipe for PU injection
PIPE-01629,22,26.0,2.0,490,380.13,0.1863,Large,Medium,8.0,Stainless Steel 316L,0.8,150,Large Medium pipe for PU injection
PIPE-01630,22,26.0,2.0,500,380.13,0.1901,Large,Long,8.0,Stainless Steel 316L,0.8,150,Large Long pipe for PU injection
PIPE-01631,22,26.0,2.0,500,380.13,0.1901,Large,Long,8.0,Stainless Steel 316L,0.8,150,Large Long pipe for PU injection
PIPE-01632,22,26.0,2.0,525,380.13,0.1996,Large,Long,8.0,Stainless Steel 316L,0.8,150,Large Long pipe for PU injection
PIPE-01633,22,26.0,2.0,550,380.13,0.2091,Large,Long,8.0,Stainless Steel 316L,0.8,150,Large Long pipe for PU injection
PIPE-01634,22,26.0,2.0,575,380.13,0.2186,Large,Long,8.0,Stainless Steel 316L,0.8,150,Large Long pipe for PU injection
PIPE-01635,22,26.0,2.0,600,380.13,0.2281,Large,Long,8.0,Stainless Steel 316L,0.8,150,Large Long pipe for PU injection
PIPE-01636,22,26.0,2.0,625,380.13,0.2376,Large,Long,8.0,Stainless Steel 316L,0.8,150,Large Long pipe for PU injection
PIPE-01637,22,26.0,2.0,650,380.13,0.2471,Large,Long,8.0,Stainless Steel 316L,0.8,150,Large Long pipe for PU injection
PIPE-01638,22,26.0,2.0,675,380.13,0.2566,Large,Long,8.0,Stainless Steel 316L,0.8,150,Large Long pipe for PU injection
PIPE-01639,22,26.0,2.0,700,380.13,0.2661,Large,Long,8.0,Stainless Steel 316L,0.8,150,Large Long pipe for PU injection
PIPE-01640,22,26.0,2.0,725,380.13,0.2756,Large,Long,8.0,Stainless Steel 316L,0.8,150,Large Long pipe for PU injection
PIPE-01641,22,26.0,2.0,750,380.13,0.2851,Large,Long,8.0,Stainless Steel 316L,0.8,150,Large Long pipe for PU injection
PIPE-01642,22,26.0,2.0,775,380.13,0.2946,Large,Long,8.0,Stainless Steel 316L,0.8,150,Large Long pipe for PU injection
PIPE-01643,22,26.0,2.0,800,380.13,0.3041,Large,Long,8.0,Stainless Steel 316L,0.8,150,Large Long pipe for PU injection
PIPE-01644,22,26.0,2.0,825,380.13,0.3136,Large,Long,8.0,Stainless Steel 316L,0.8,150,Large Long pipe for PU injection
PIPE-01645,22,26.0,2.0,850,380.13,0.3231,Large,Long,8.0,Stainless Steel 316L,0.8,150,Large Long pipe for PU injection
PIPE-01646,22,26.0,2.0,875,380.13,0.3326,Large,Long,8.0,Stainless Steel 316L,0.8,150,Large Long pipe for PU injection
PIPE-01647,22,26.0,2.0,900,380.13,0.3421,Large,Long,8.0,Stainless Steel 316L,0.8,150,Large Long pipe for PU injection
PIPE-01648,22,26.0,2.0,925,380.13,0.3516,Large,Long,8.0,Stainless Steel 316L,0.8,150,Large Long pipe for PU injection
PIPE-01649,22,26.0,2.0,950,380.13,0.3611,Large,Long,8.0,Stainless Steel 316L,0.8,150,Large Long pipe for PU injection
PIPE-01650,22,26.0,2.0,975,380.13,0.3706,Large,Long,8.0,Stainless Steel 316L,0.8,150,Large Long pipe for PU injection
PIPE-01651,22,26.0,2.0,1000,380.13,0.3801,Large,Extra Long,8.0,Stainless Steel 316L,0.8,150,Large Extra Long pipe for PU injection
PIPE-01652,22,26.0,2.0,1000,380.13,0.3801,Large,Extra Long,8.0,Stainless Steel 316L,0.8,150,Large Extra Long pipe for PU injection
PIPE-01653,22,26.0,2.0,1050,380.13,0.3991,Large,Extra Long,8.0,Stainless Steel 316L,0.8,150,Large Extra Long pipe for PU injection
PIPE-01654,22,26.0,2.0,1100,380.13,0.4181,Large,Extra Long,8.0,Stainless Steel 316L,0.8,150,Large Extra Long pipe for PU injection
PIPE-01655,22,26.0,2.0,1150,380.13,0.4372,Large,Extra Long,8.0,Stainless Steel 316L,0.8,150,Large Extra Long pipe for PU injection
PIPE-01656,22,26.0,2.0,1200,380.13,0.4562,Large,Extra Long,8.0,Stainless Steel 316L,0.8,150,Large Extra Long pipe for PU injection
PIPE-01657,22,26.0,2.0,1250,380.13,0.4752,Large,Extra Long,8.0,Stainless Steel 316L,0.8,150,Large Extra Long pipe for PU injection
PIPE-01658,22,26.0,2.0,1300,380.13,0.4942,Large,Extra Long,8.0,Stainless Steel 316L,0.8,150,Large Extra Long pipe for PU injection
PIPE-01659,22,26.0,2.0,1350,380.13,0.5132,Large,Extra Long,8.0,Stainless Steel 316L,0.8,150,Large Extra Long pipe for PU injection
PIPE-01660,22,26.0,2.0,1400,380.13,0.5322,Large,Extra Long,8.0,Stainless Steel 316L,0.8,150,Large Extra Long pipe for PU injection
PIPE-01661,22,26.0,2.0,1450,380.13,0.5512,Large,Extra Long,8.0,Stainless Steel 316L,0.8,150,Large Extra Long pipe for PU injection
PIPE-01662,22,26.0,2.0,1500,380.13,0.5702,Large,Extra Long,8.0,Stainless Steel 316L,0.8,150,Large Extra Long pipe for PU injection
PIPE-01663,22,26.0,2.0,1550,380.13,0.5892,Large,Extra Long,8.0,Stainless Steel 316L,0.8,150,Large Extra Long pipe for PU injection
PIPE-01664,22,26.0,2.0,1600,380.13,0.6082,Large,Extra Long,8.0,Stainless Steel 316L,0.8,150,Large Extra Long pipe for PU injection
PIPE-01665,22,26.0,2.0,1650,380.13,0.6272,Large,Extra Long,8.0,Stainless Steel 316L,0.8,150,Large Extra Long pipe for PU injection
PIPE-01666,22,26.0,2.0,1700,380.13,0.6462,Large,Extra Long,8.0,Stainless Steel 316L,0.8,150,Large Extra Long pipe for PU injection
PIPE-01667,22,26.0,2.0,1750,380.13,0.6652,Large,Extra Long,8.0,Stainless Steel 316L,0.8,150,Large Extra Long pipe for PU injection
PIPE-01668,22,26.0,2.0,1800,380.13,0.6842,Large,Extra Long,8.0,Stainless Steel 316L,0.8,150,Large Extra Long pipe for PU injection
PIPE-01669,22,26.0,2.0,1850,380.13,0.7032,Large,Extra Long,8.0,Stainless Steel 316L,0.8,150,Large Extra Long pipe for PU injection
PIPE-01670,22,26.0,2.0,1900,380.13,0.7223,Large,Extra Long,8.0,Stainless Steel 316L,0.8,150,Large Extra Long pipe for PU injection
PIPE-01671,22,26.0,2.0,1950,380.13,0.7413,Large,Extra Long,8.0,Stainless Steel 316L,0.8,150,Large Extra Long pipe for PU injection
PIPE-01672,22,26.0,2.0,2000,380.13,0.7603,Large,Extra Long,8.0,Stainless Steel 316L,0.8,150,Large Extra Long pipe for PU injection
PIPE-01673,23,27.0,2.0,50,415.48,0.0208,Large,Short,8.0,Stainless Steel 316L,0.8,150,Large Short pipe for PU injection
PIPE-01674,23,27.0,2.0,60,415.48,0.0249,Large,Short,8.0,Stainless Steel 316L,0.8,150,Large Short pipe for PU injection
PIPE-01675,23,27.0,2.0,70,415.48,0.0291,Large,Short,8.0,Stainless Steel 316L,0.8,150,Large Short pipe for PU injection
PIPE-01676,23,27.0,2.0,80,415.48,0.0332,Large,Short,8.0,Stainless Steel 316L,0.8,150,Large Short pipe for PU injection
PIPE-01677,23,27.0,2.0,90,415.48,0.0374,Large,Short,8.0,Stainless Steel 316L,0.8,150,Large Short pipe for PU injection
PIPE-01678,23,27.0,2.0,100,415.48,0.0415,Large,Short,8.0,Stainless Steel 316L,0.8,150,Large Short pipe for PU injection
PIPE-01679,23,27.0,2.0,110,415.48,0.0457,Large,Short,8.0,Stainless Steel 316L,0.8,150,Large Short pipe for PU injection
PIPE-01680,23,27.0,2.0,120,415.48,0.0499,Large,Short,8.0,Stainless Steel 316L,0.8,150,Large Short pipe for PU injection
PIPE-01681,23,27.0,2.0,130,415.48,0.054,Large,Short,8.0,Stainless Steel 316L,0.8,150,Large Short pipe for PU injection
PIPE-01682,23,27.0,2.0,140,415.48,0.0582,Large,Short,8.0,Stainless Steel 316L,0.8,150,Large Short pipe for PU injection
PIPE-01683,23,27.0,2.0,150,415.48,0.0623,Large,Short,8.0,Stainless Steel 316L,0.8,150,Large Short pipe for PU injection
PIPE-01684,23,27.0,2.0,160,415.48,0.0665,Large,Short,8.0,Stainless Steel 316L,0.8,150,Large Short pipe for PU injection
PIPE-01685,23,27.0,2.0,170,415.48,0.0706,Large,Short,8.0,Stainless Steel 316L,0.8,150,Large Short pipe for PU injection
PIPE-01686,23,27.0,2.0,180,415.48,0.0748,Large,Short,8.0,Stainless Steel 316L,0.8,150,Large Short pipe for PU injection
PIPE-01687,23,27.0,2.0,190,415.48,0.0789,Large,Short,8.0,Stainless Steel 316L,0.8,150,Large Short pipe for PU injection
PIPE-01688,23,27.0,2.0,200,415.48,0.0831,Large,Medium,8.0,Stainless Steel 316L,0.8,150,Large Medium pipe for PU injection
PIPE-01689,23,27.0,2.0,210,415.48,0.0872,Large,Medium,8.0,Stainless Steel 316L,0.8,150,Large Medium pipe for PU injection
PIPE-01690,23,27.0,2.0,220,415.48,0.0914,Large,Medium,8.0,Stainless Steel 316L,0.8,150,Large Medium pipe for PU injection
PIPE-01691,23,27.0,2.0,230,415.48,0.0956,Large,Medium,8.0,Stainless Steel 316L,0.8,150,Large Medium pipe for PU injection
PIPE-01692,23,27.0,2.0,240,415.48,0.0997,Large,Medium,8.0,Stainless Steel 316L,0.8,150,Large Medium pipe for PU injection
PIPE-01693,23,27.0,2.0,250,415.48,0.1039,Large,Medium,8.0,Stainless Steel 316L,0.8,150,Large Medium pipe for PU injection
PIPE-01694,23,27.0,2.0,260,415.48,0.108,Large,Medium,8.0,Stainless Steel 316L,0.8,150,Large Medium pipe for PU injection
PIPE-01695,23,27.0,2.0,270,415.48,0.1122,Large,Medium,8.0,Stainless Steel 316L,0.8,150,Large Medium pipe for PU injection
PIPE-01696,23,27.0,2.0,280,415.48,0.1163,Large,Medium,8.0,Stainless Steel 316L,0.8,150,Large Medium pipe for PU injection
PIPE-01697,23,27.0,2.0,290,415.48,0.1205,Large,Medium,8.0,Stainless Steel 316L,0.8,150,Large Medium pipe for PU injection
PIPE-01698,23,27.0,2.0,300,415.48,0.1246,Large,Medium,8.0,Stainless Steel 316L,0.8,150,Large Medium pipe for PU injection
PIPE-01699,23,27.0,2.0,310,415.48,0.1288,Large,Medium,8.0,Stainless Steel 316L,0.8,150,Large Medium pipe for PU injection
PIPE-01700,23,27.0,2.0,320,415.48,0.133,Large,Medium,8.0,Stainless Steel 316L,0.8,150,Large Medium pipe for PU injection
PIPE-01701,23,27.0,2.0,330,415.48,0.1371,Large,Medium,8.0,Stainless Steel 316L,0.8,150,Large Medium pipe for PU injection
PIPE-01702,23,27.0,2.0,340,415.48,0.1413,Large,Medium,8.0,Stainless Steel 316L,0.8,150,Large Medium pipe for PU injection
PIPE-01703,23,27.0,2.0,350,415.48,0.1454,Large,Medium,8.0,Stainless Steel 316L,0.8,150,Large Medium pipe for PU injection
PIPE-01704,23,27.0,2.0,360,415.48,0.1496,Large,Medium,8.0,Stainless Steel 316L,0.8,150,Large Medium pipe for PU injection
PIPE-01705,23,27.0,2.0,370,415.48,0.1537,Large,Medium,8.0,Stainless Steel 316L,0.8,150,Large Medium pipe for PU injection
PIPE-01706,23,27.0,2.0,380,415.48,0.1579,Large,Medium,8.0,Stainless Steel 316L,0.8,150,Large Medium pipe for PU injection
PIPE-01707,23,27.0,2.0,390,415.48,0.162,Large,Medium,8.0,Stainless Steel 316L,0.8,150,Large Medium pipe for PU injection
PIPE-01708,23,27.0,2.0,400,415.48,0.1662,Large,Medium,8.0,Stainless Steel 316L,0.8,150,Large Medium pipe for PU injection
PIPE-01709,23,27.0,2.0,410,415.48,0.1703,Large,Medium,8.0,Stainless Steel 316L,0.8,150,Large Medium pipe for PU injection
PIPE-01710,23,27.0,2.0,420,415.48,0.1745,Large,Medium,8.0,Stainless Steel 316L,0.8,150,Large Medium pipe for PU injection
PIPE-01711,23,27.0,2.0,430,415.48,0.1787,Large,Medium,8.0,Stainless Steel 316L,0.8,150,Large Medium pipe for PU injection
PIPE-01712,23,27.0,2.0,440,415.48,0.1828,Large,Medium,8.0,Stainless Steel 316L,0.8,150,Large Medium pipe for PU injection
PIPE-01713,23,27.0,2.0,450,415.48,0.187,Large,Medium,8.0,Stainless Steel 316L,0.8,150,Large Medium pipe for PU injection
PIPE-01714,23,27.0,2.0,460,415.48,0.1911,Large,Medium,8.0,Stainless Steel 316L,0.8,150,Large Medium pipe for PU injection
PIPE-01715,23,27.0,2.0,470,415.48,0.1953,Large,Medium,8.0,Stainless Steel 316L,0.8,150,Large Medium pipe for PU injection
PIPE-01716,23,27.0,2.0,480,415.48,0.1994,Large,Medium,8.0,Stainless Steel 316L,0.8,150,Large Medium pipe for PU injection
PIPE-01717,23,27.0,2.0,490,415.48,0.2036,Large,Medium,8.0,Stainless Steel 316L,0.8,150,Large Medium pipe for PU injection
PIPE-01718,23,27.0,2.0,500,415.48,0.2077,Large,Long,8.0,Stainless Steel 316L,0.8,150,Large Long pipe for PU injection
PIPE-01719,23,27.0,2.0,500,415.48,0.2077,Large,Long,8.0,Stainless Steel 316L,0.8,150,Large Long pipe for PU injection
PIPE-01720,23,27.0,2.0,525,415.48,0.2181,Large,Long,8.0,Stainless Steel 316L,0.8,150,Large Long pipe for PU injection
PIPE-01721,23,27.0,2.0,550,415.48,0.2285,Large,Long,8.0,Stainless Steel 316L,0.8,150,Large Long pipe for PU injection
PIPE-01722,23,27.0,2.0,575,415.48,0.2389,Large,Long,8.0,Stainless Steel 316L,0.8,150,Large Long pipe for PU injection
PIPE-01723,23,27.0,2.0,600,415.48,0.2493,Large,Long,8.0,Stainless Steel 316L,0.8,150,Large Long pipe for PU injection
PIPE-01724,23,27.0,2.0,625,415.48,0.2597,Large,Long,8.0,Stainless Steel 316L,0.8,150,Large Long pipe for PU injection
PIPE-01725,23,27.0,2.0,650,415.48,0.2701,Large,Long,8.0,Stainless Steel 316L,0.8,150,Large Long pipe for PU injection
PIPE-01726,23,27.0,2.0,675,415.48,0.2804,Large,Long,8.0,Stainless Steel 316L,0.8,150,Large Long pipe for PU injection
PIPE-01727,23,27.0,2.0,700,415.48,0.2908,Large,Long,8.0,Stainless Steel 316L,0.8,150,Large Long pipe for PU injection
PIPE-01728,23,27.0,2.0,725,415.48,0.3012,Large,Long,8.0,Stainless Steel 316L,0.8,150,Large Long pipe for PU injection
PIPE-01729,23,27.0,2.0,750,415.48,0.3116,Large,Long,8.0,Stainless Steel 316L,0.8,150,Large Long pipe for PU injection
PIPE-01730,23,27.0,2.0,775,415.48,0.322,Large,Long,8.0,Stainless Steel 316L,0.8,150,Large Long pipe for PU injection
PIPE-01731,23,27.0,2.0,800,415.48,0.3324,Large,Long,8.0,Stainless Steel 316L,0.8,150,Large Long pipe for PU injection
PIPE-01732,23,27.0,2.0,825,415.48,0.3428,Large,Long,8.0,Stainless Steel 316L,0.8,150,Large Long pipe for PU injection
PIPE-01733,23,27.0,2.0,850,415.48,0.3532,Large,Long,8.0,Stainless Steel 316L,0.8,150,Large Long pipe for PU injection
PIPE-01734,23,27.0,2.0,875,415.48,0.3635,Large,Long,8.0,Stainless Steel 316L,0.8,150,Large Long pipe for PU injection
PIPE-01735,23,27.0,2.0,900,415.48,0.3739,Large,Long,8.0,Stainless Steel 316L,0.8,150,Large Long pipe for PU injection
PIPE-01736,23,27.0,2.0,925,415.48,0.3843,Large,Long,8.0,Stainless Steel 316L,0.8,150,Large Long pipe for PU injection
PIPE-01737,23,27.0,2.0,950,415.48,0.3947,Large,Long,8.0,Stainless Steel 316L,0.8,150,Large Long pipe for PU injection
PIPE-01738,23,27.0,2.0,975,415.48,0.4051,Large,Long,8.0,Stainless Steel 316L,0.8,150,Large Long pipe for PU injection
PIPE-01739,23,27.0,2.0,1000,415.48,0.4155,Large,Extra Long,8.0,Stainless Steel 316L,0.8,150,Large Extra Long pipe for PU injection
PIPE-01740,23,27.0,2.0,1000,415.48,0.4155,Large,Extra Long,8.0,Stainless Steel 316L,0.8,150,Large Extra Long pipe for PU injection
PIPE-01741,23,27.0,2.0,1050,415.48,0.4362,Large,Extra Long,8.0,Stainless Steel 316L,0.8,150,Large Extra Long pipe for PU injection
PIPE-01742,23,27.0,2.0,1100,415.48,0.457,Large,Extra Long,8.0,Stainless Steel 316L,0.8,150,Large Extra Long pipe for PU injection
PIPE-01743,23,27.0,2.0,1150,415.48,0.4778,Large,Extra Long,8.0,Stainless Steel 316L,0.8,150,Large Extra Long pipe for PU injection
PIPE-01744,23,27.0,2.0,1200,415.48,0.4986,Large,Extra Long,8.0,Stainless Steel 316L,0.8,150,Large Extra Long pipe for PU injection
PIPE-01745,23,27.0,2.0,1250,415.48,0.5193,Large,Extra Long,8.0,Stainless Steel 316L,0.8,150,Large Extra Long pipe for PU injection
PIPE-01746,23,27.0,2.0,1300,415.48,0.5401,Large,Extra Long,8.0,Stainless Steel 316L,0.8,150,Large Extra Long pipe for PU injection
PIPE-01747,23,27.0,2.0,1350,415.48,0.5609,Large,Extra Long,8.0,Stainless Steel 316L,0.8,150,Large Extra Long pipe for PU injection
PIPE-01748,23,27.0,2.0,1400,415.48,0.5817,Large,Extra Long,8.0,Stainless Steel 316L,0.8,150,Large Extra Long pipe for PU injection
PIPE-01749,23,27.0,2.0,1450,415.48,0.6024,Large,Extra Long,8.0,Stainless Steel 316L,0.8,150,Large Extra Long pipe for PU injection
PIPE-01750,23,27.0,2.0,1500,415.48,0.6232,Large,Extra Long,8.0,Stainless Steel 316L,0.8,150,Large Extra Long pipe for PU injection
PIPE-01751,23,27.0,2.0,1550,415.48,0.644,Large,Extra Long,8.0,Stainless Steel 316L,0.8,150,Large Extra Long pipe for PU injection
PIPE-01752,23,27.0,2.0,1600,415.48,0.6648,Large,Extra Long,8.0,Stainless Steel 316L,0.8,150,Large Extra Long pipe for PU injection
PIPE-01753,23,27.0,2.0,1650,415.48,0.6855,Large,Extra Long,8.0,Stainless Steel 316L,0.8,150,Large Extra Long pipe for PU injection
PIPE-01754,23,27.0,2.0,1700,415.48,0.7063,Large,Extra Long,8.0,Stainless Steel 316L,0.8,150,Large Extra Long pipe for PU injection
PIPE-01755,23,27.0,2.0,1750,415.48,0.7271,Large,Extra Long,8.0,Stainless Steel 316L,0.8,150,Large Extra Long pipe for PU injection
PIPE-01756,23,27.0,2.0,1800,415.48,0.7479,Large,Extra Long,8.0,Stainless Steel 316L,0.8,150,Large Extra Long pipe for PU injection
PIPE-01757,23,27.0,2.0,1850,415.48,0.7686,Large,Extra Long,8.0,Stainless Steel 316L,0.8,150,Large Extra Long pipe for PU injection
PIPE-01758,23,27.0,2.0,1900,415.48,0.7894,Large,Extra Long,8.0,Stainless Steel 316L,0.8,150,Large Extra Long pipe for PU injection
PIPE-01759,23,27.0,2.0,1950,415.48,0.8102,Large,Extra Long,8.0,Stainless Steel 316L,0.8,150,Large Extra Long pipe for PU injection
PIPE-01760,23,27.0,2.0,2000,415.48,0.831,Large,Extra Long,8.0,Stainless Steel 316L,0.8,150,Large Extra Long pipe for PU injection
PIPE-01761,24,28.0,2.0,50,452.39,0.0226,Large,Short,8.0,Stainless Steel 316L,0.8,150,Large Short pipe for PU injection
PIPE-01762,24,28.0,2.0,60,452.39,0.0271,Large,Short,8.0,Stainless Steel 316L,0.8,150,Large Short pipe for PU injection
PIPE-01763,24,28.0,2.0,70,452.39,0.0317,Large,Short,8.0,Stainless Steel 316L,0.8,150,Large Short pipe for PU injection
PIPE-01764,24,28.0,2.0,80,452.39,0.0362,Large,Short,8.0,Stainless Steel 316L,0.8,150,Large Short pipe for PU injection
PIPE-01765,24,28.0,2.0,90,452.39,0.0407,Large,Short,8.0,Stainless Steel 316L,0.8,150,Large Short pipe for PU injection
PIPE-01766,24,28.0,2.0,100,452.39,0.0452,Large,Short,8.0,Stainless Steel 316L,0.8,150,Large Short pipe for PU injection
PIPE-01767,24,28.0,2.0,110,452.39,0.0498,Large,Short,8.0,Stainless Steel 316L,0.8,150,Large Short pipe for PU injection
PIPE-01768,24,28.0,2.0,120,452.39,0.0543,Large,Short,8.0,Stainless Steel 316L,0.8,150,Large Short pipe for PU injection
PIPE-01769,24,28.0,2.0,130,452.39,0.0588,Large,Short,8.0,Stainless Steel 316L,0.8,150,Large Short pipe for PU injection
PIPE-01770,24,28.0,2.0,140,452.39,0.0633,Large,Short,8.0,Stainless Steel 316L,0.8,150,Large Short pipe for PU injection
PIPE-01771,24,28.0,2.0,150,452.39,0.0679,Large,Short,8.0,Stainless Steel 316L,0.8,150,Large Short pipe for PU injection
PIPE-01772,24,28.0,2.0,160,452.39,0.0724,Large,Short,8.0,Stainless Steel 316L,0.8,150,Large Short pipe for PU injection
PIPE-01773,24,28.0,2.0,170,452.39,0.0769,Large,Short,8.0,Stainless Steel 316L,0.8,150,Large Short pipe for PU injection
PIPE-01774,24,28.0,2.0,180,452.39,0.0814,Large,Short,8.0,Stainless Steel 316L,0.8,150,Large Short pipe for PU injection
PIPE-01775,24,28.0,2.0,190,452.39,0.086,Large,Short,8.0,Stainless Steel 316L,0.8,150,Large Short pipe for PU injection
PIPE-01776,24,28.0,2.0,200,452.39,0.0905,Large,Medium,8.0,Stainless Steel 316L,0.8,150,Large Medium pipe for PU injection
PIPE-01777,24,28.0,2.0,210,452.39,0.095,Large,Medium,8.0,Stainless Steel 316L,0.8,150,Large Medium pipe for PU injection
PIPE-01778,24,28.0,2.0,220,452.39,0.0995,Large,Medium,8.0,Stainless Steel 316L,0.8,150,Large Medium pipe for PU injection
PIPE-01779,24,28.0,2.0,230,452.39,0.104,Large,Medium,8.0,Stainless Steel 316L,0.8,150,Large Medium pipe for PU injection
PIPE-01780,24,28.0,2.0,240,452.39,0.1086,Large,Medium,8.0,Stainless Steel 316L,0.8,150,Large Medium pipe for PU injection
PIPE-01781,24,28.0,2.0,250,452.39,0.1131,Large,Medium,8.0,Stainless Steel 316L,0.8,150,Large Medium pipe for PU injection
PIPE-01782,24,28.0,2.0,260,452.39,0.1176,Large,Medium,8.0,Stainless Steel 316L,0.8,150,Large Medium pipe for PU injection
PIPE-01783,24,28.0,2.0,270,452.39,0.1221,Large,Medium,8.0,Stainless Steel 316L,0.8,150,Large Medium pipe for PU injection
PIPE-01784,24,28.0,2.0,280,452.39,0.1267,Large,Medium,8.0,Stainless Steel 316L,0.8,150,Large Medium pipe for PU injection
PIPE-01785,24,28.0,2.0,290,452.39,0.1312,Large,Medium,8.0,Stainless Steel 316L,0.8,150,Large Medium pipe for PU injection
PIPE-01786,24,28.0,2.0,300,452.39,0.1357,Large,Medium,8.0,Stainless Steel 316L,0.8,150,Large Medium pipe for PU injection
PIPE-01787,24,28.0,2.0,310,452.39,0.1402,Large,Medium,8.0,Stainless Steel 316L,0.8,150,Large Medium pipe for PU injection
PIPE-01788,24,28.0,2.0,320,452.39,0.1448,Large,Medium,8.0,Stainless Steel 316L,0.8,150,Large Medium pipe for PU injection
PIPE-01789,24,28.0,2.0,330,452.39,0.1493,Large,Medium,8.0,Stainless Steel 316L,0.8,150,Large Medium pipe for PU injection
PIPE-01790,24,28.0,2.0,340,452.39,0.1538,Large,Medium,8.0,Stainless Steel 316L,0.8,150,Large Medium pipe for PU injection
PIPE-01791,24,28.0,2.0,350,452.39,0.1583,Large,Medium,8.0,Stainless Steel 316L,0.8,150,Large Medium pipe for PU injection
PIPE-01792,24,28.0,2.0,360,452.39,0.1629,Large,Medium,8.0,Stainless Steel 316L,0.8,150,Large Medium pipe for PU injection
PIPE-01793,24,28.0,2.0,370,452.39,0.1674,Large,Medium,8.0,Stainless Steel 316L,0.8,150,Large Medium pipe for PU injection
PIPE-01794,24,28.0,2.0,380,452.39,0.1719,Large,Medium,8.0,Stainless Steel 316L,0.8,150,Large Medium pipe for PU injection
PIPE-01795,24,28.0,2.0,390,452.39,0.1764,Large,Medium,8.0,Stainless Steel 316L,0.8,150,Large Medium pipe for PU injection
PIPE-01796,24,28.0,2.0,400,452.39,0.181,Large,Medium,8.0,Stainless Steel 316L,0.8,150,Large Medium pipe for PU injection
PIPE-01797,24,28.0,2.0,410,452.39,0.1855,Large,Medium,8.0,Stainless Steel 316L,0.8,150,Large Medium pipe for PU injection
PIPE-01798,24,28.0,2.0,420,452.39,0.19,Large,Medium,8.0,Stainless Steel 316L,0.8,150,Large Medium pipe for PU injection
PIPE-01799,24,28.0,2.0,430,452.39,0.1945,Large,Medium,8.0,Stainless Steel 316L,0.8,150,Large Medium pipe for PU injection
PIPE-01800,24,28.0,2.0,440,452.39,0.1991,Large,Medium,8.0,Stainless Steel 316L,0.8,150,Large Medium pipe for PU injection
PIPE-01801,24,28.0,2.0,450,452.39,0.2036,Large,Medium,8.0,Stainless Steel 316L,0.8,150,Large Medium pipe for PU injection
PIPE-01802,24,28.0,2.0,460,452.39,0.2081,Large,Medium,8.0,Stainless Steel 316L,0.8,150,Large Medium pipe for PU injection
PIPE-01803,24,28.0,2.0,470,452.39,0.2126,Large,Medium,8.0,Stainless Steel 316L,0.8,150,Large Medium pipe for PU injection
PIPE-01804,24,28.0,2.0,480,452.39,0.2171,Large,Medium,8.0,Stainless Steel 316L,0.8,150,Large Medium pipe for PU injection
PIPE-01805,24,28.0,2.0,490,452.39,0.2217,Large,Medium,8.0,Stainless Steel 316L,0.8,150,Large Medium pipe for PU injection
PIPE-01806,24,28.0,2.0,500,452.39,0.2262,Large,Long,8.0,Stainless Steel 316L,0.8,150,Large Long pipe for PU injection
PIPE-01807,24,28.0,2.0,500,452.39,0.2262,Large,Long,8.0,Stainless Steel 316L,0.8,150,Large Long pipe for PU injection
PIPE-01808,24,28.0,2.0,525,452.39,0.2375,Large,Long,8.0,Stainless Steel 316L,0.8,150,Large Long pipe for PU injection
PIPE-01809,24,28.0,2.0,550,452.39,0.2488,Large,Long,8.0,Stainless Steel 316L,0.8,150,Large Long pipe for PU injection
PIPE-01810,24,28.0,2.0,575,452.39,0.2601,Large,Long,8.0,Stainless Steel 316L,0.8,150,Large Long pipe for PU injection
PIPE-01811,24,28.0,2.0,600,452.39,0.2714,Large,Long,8.0,Stainless Steel 316L,0.8,150,Large Long pipe for PU injection
PIPE-01812,24,28.0,2.0,625,452.39,0.2827,Large,Long,8.0,Stainless Steel 316L,0.8,150,Large Long pipe for PU injection
PIPE-01813,24,28.0,2.0,650,452.39,0.2941,Large,Long,8.0,Stainless Steel 316L,0.8,150,Large Long pipe for PU injection
PIPE-01814,24,28.0,2.0,675,452.39,0.3054,Large,Long,8.0,Stainless Steel 316L,0.8,150,Large Long pipe for PU injection
PIPE-01815,24,28.0,2.0,700,452.39,0.3167,Large,Long,8.0,Stainless Steel 316L,0.8,150,Large Long pipe for PU injection
PIPE-01816,24,28.0,2.0,725,452.39,0.328,Large,Long,8.0,Stainless Steel 316L,0.8,150,Large Long pipe for PU injection
PIPE-01817,24,28.0,2.0,750,452.39,0.3393,Large,Long,8.0,Stainless Steel 316L,0.8,150,Large Long pipe for PU injection
PIPE-01818,24,28.0,2.0,775,452.39,0.3506,Large,Long,8.0,Stainless Steel 316L,0.8,150,Large Long pipe for PU injection
PIPE-01819,24,28.0,2.0,800,452.39,0.3619,Large,Long,8.0,Stainless Steel 316L,0.8,150,Large Long pipe for PU injection
PIPE-01820,24,28.0,2.0,825,452.39,0.3732,Large,Long,8.0,Stainless Steel 316L,0.8,150,Large Long pipe for PU injection
PIPE-01821,24,28.0,2.0,850,452.39,0.3845,Large,Long,8.0,Stainless Steel 316L,0.8,150,Large Long pipe for PU injection
PIPE-01822,24,28.0,2.0,875,452.39,0.3958,Large,Long,8.0,Stainless Steel 316L,0.8,150,Large Long pipe for PU injection
PIPE-01823,24,28.0,2.0,900,452.39,0.4072,Large,Long,8.0,Stainless Steel 316L,0.8,150,Large Long pipe for PU injection
PIPE-01824,24,28.0,2.0,925,452.39,0.4185,Large,Long,8.0,Stainless Steel 316L,0.8,150,Large Long pipe for PU injection
PIPE-01825,24,28.0,2.0,950,452.39,0.4298,Large,Long,8.0,Stainless Steel 316L,0.8,150,Large Long pipe for PU injection
PIPE-01826,24,28.0,2.0,975,452.39,0.4411,Large,Long,8.0,Stainless Steel 316L,0.8,150,Large Long pipe for PU injection
PIPE-01827,24,28.0,2.0,1000,452.39,0.4524,Large,Extra Long,8.0,Stainless Steel 316L,0.8,150,Large Extra Long pipe for PU injection
PIPE-01828,24,28.0,2.0,1000,452.39,0.4524,Large,Extra Long,8.0,Stainless Steel 316L,0.8,150,Large Extra Long pipe for PU injection
PIPE-01829,24,28.0,2.0,1050,452.39,0.475,Large,Extra Long,8.0,Stainless Steel 316L,0.8,150,Large Extra Long pipe for PU injection
PIPE-01830,24,28.0,2.0,1100,452.39,0.4976,Large,Extra Long,8.0,Stainless Steel 316L,0.8,150,Large Extra Long pipe for PU injection
PIPE-01831,24,28.0,2.0,1150,452.39,0.5202,Large,Extra Long,8.0,Stainless Steel 316L,0.8,150,Large Extra Long pipe for PU injection
PIPE-01832,24,28.0,2.0,1200,452.39,0.5429,Large,Extra Long,8.0,Stainless Steel 316L,0.8,150,Large Extra Long pipe for PU injection
PIPE-01833,24,28.0,2.0,1250,452.39,0.5655,Large,Extra Long,8.0,Stainless Steel 316L,0.8,150,Large Extra Long pipe for PU injection
PIPE-01834,24,28.0,2.0,1300,452.39,0.5881,Large,Extra Long,8.0,Stainless Steel 316L,0.8,150,Large Extra Long pipe for PU injection
PIPE-01835,24,28.0,2.0,1350,452.39,0.6107,Large,Extra Long,8.0,Stainless Steel 316L,0.8,150,Large Extra Long pipe for PU injection
PIPE-01836,24,28.0,2.0,1400,452.39,0.6333,Large,Extra Long,8.0,Stainless Steel 316L,0.8,150,Large Extra Long pipe for PU injection
PIPE-01837,24,28.0,2.0,1450,452.39,0.656,Large,Extra Long,8.0,Stainless Steel 316L,0.8,150,Large Extra Long pipe for PU injection
PIPE-01838,24,28.0,2.0,1500,452.39,0.6786,Large,Extra Long,8.0,Stainless Steel 316L,0.8,150,Large Extra Long pipe for PU injection
PIPE-01839,24,28.0,2.0,1550,452.39,0.7012,Large,Extra Long,8.0,Stainless Steel 316L,0.8,150,Large Extra Long pipe for PU injection
PIPE-01840,24,28.0,2.0,1600,452.39,0.7238,Large,Extra Long,8.0,Stainless Steel 316L,0.8,150,Large Extra Long pipe for PU injection
PIPE-01841,24,28.0,2.0,1650,452.39,0.7464,Large,Extra Long,8.0,Stainless Steel 316L,0.8,150,Large Extra Long pipe for PU injection
PIPE-01842,24,28.0,2.0,1700,452.39,0.7691,Large,Extra Long,8.0,Stainless Steel 316L,0.8,150,Large Extra Long pipe for PU injection
PIPE-01843,24,28.0,2.0,1750,452.39,0.7917,Large,Extra Long,8.0,Stainless Steel 316L,0.8,150,Large Extra Long pipe for PU injection
PIPE-01844,24,28.0,2.0,1800,452.39,0.8143,Large,Extra Long,8.0,Stainless Steel 316L,0.8,150,Large Extra Long pipe for PU injection
PIPE-01845,24,28.0,2.0,1850,452.39,0.8369,Large,Extra Long,8.0,Stainless Steel 316L,0.8,150,Large Extra Long pipe for PU injection
PIPE-01846,24,28.0,2.0,1900,452.39,0.8595,Large,Extra Long,8.0,Stainless Steel 316L,0.8,150,Large Extra Long pipe for PU injection
PIPE-01847,24,28.0,2.0,1950,452.39,0.8822,Large,Extra Long,8.0,Stainless Steel 316L,0.8,150,Large Extra Long pipe for PU injection
PIPE-01848,24,28.0,2.0,2000,452.39,0.9048,Large,Extra Long,8.0,Stainless Steel 316L,0.8,150,Large Extra Long pipe for PU injection
PIPE-01849,25,29.0,2.0,50,490.87,0.0245,Large,Short,8.0,Stainless Steel 316L,0.8,150,Large Short pipe for PU injection
PIPE-01850,25,29.0,2.0,60,490.87,0.0295,Large,Short,8.0,Stainless Steel 316L,0.8,150,Large Short pipe for PU injection
PIPE-01851,25,29.0,2.0,70,490.87,0.0344,Large,Short,8.0,Stainless Steel 316L,0.8,150,Large Short pipe for PU injection
PIPE-01852,25,29.0,2.0,80,490.87,0.0393,Large,Short,8.0,Stainless Steel 316L,0.8,150,Large Short pipe for PU injection
PIPE-01853,25,29.0,2.0,90,490.87,0.0442,Large,Short,8.0,Stainless Steel 316L,0.8,150,Large Short pipe for PU injection
PIPE-01854,25,29.0,2.0,100,490.87,0.0491,Large,Short,8.0,Stainless Steel 316L,0.8,150,Large Short pipe for PU injection
PIPE-01855,25,29.0,2.0,110,490.87,0.054,Large,Short,8.0,Stainless Steel 316L,0.8,150,Large Short pipe for PU injection
PIPE-01856,25,29.0,2.0,120,490.87,0.0589,Large,Short,8.0,Stainless Steel 316L,0.8,150,Large Short pipe for PU injection
PIPE-01857,25,29.0,2.0,130,490.87,0.0638,Large,Short,8.0,Stainless Steel 316L,0.8,150,Large Short pipe for PU injection
PIPE-01858,25,29.0,2.0,140,490.87,0.0687,Large,Short,8.0,Stainless Steel 316L,0.8,150,Large Short pipe for PU injection
PIPE-01859,25,29.0,2.0,150,490.87,0.0736,Large,Short,8.0,Stainless Steel 316L,0.8,150,Large Short pipe for PU injection
PIPE-01860,25,29.0,2.0,160,490.87,0.0785,Large,Short,8.0,Stainless Steel 316L,0.8,150,Large Short pipe for PU injection
PIPE-01861,25,29.0,2.0,170,490.87,0.0834,Large,Short,8.0,Stainless Steel 316L,0.8,150,Large Short pipe for PU injection
PIPE-01862,25,29.0,2.0,180,490.87,0.0884,Large,Short,8.0,Stainless Steel 316L,0.8,150,Large Short pipe for PU injection
PIPE-01863,25,29.0,2.0,190,490.87,0.0933,Large,Short,8.0,Stainless Steel 316L,0.8,150,Large Short pipe for PU injection
PIPE-01864,25,29.0,2.0,200,490.87,0.0982,Large,Medium,8.0,Stainless Steel 316L,0.8,150,Large Medium pipe for PU injection
PIPE-01865,25,29.0,2.0,210,490.87,0.1031,Large,Medium,8.0,Stainless Steel 316L,0.8,150,Large Medium pipe for PU injection
PIPE-01866,25,29.0,2.0,220,490.87,0.108,Large,Medium,8.0,Stainless Steel 316L,0.8,150,Large Medium pipe for PU injection
PIPE-01867,25,29.0,2.0,230,490.87,0.1129,Large,Medium,8.0,Stainless Steel 316L,0.8,150,Large Medium pipe for PU injection
PIPE-01868,25,29.0,2.0,240,490.87,0.1178,Large,Medium,8.0,Stainless Steel 316L,0.8,150,Large Medium pipe for PU injection
PIPE-01869,25,29.0,2.0,250,490.87,0.1227,Large,Medium,8.0,Stainless Steel 316L,0.8,150,Large Medium pipe for PU injection
PIPE-01870,25,29.0,2.0,260,490.87,0.1276,Large,Medium,8.0,Stainless Steel 316L,0.8,150,Large Medium pipe for PU injection
PIPE-01871,25,29.0,2.0,270,490.87,0.1325,Large,Medium,8.0,Stainless Steel 316L,0.8,150,Large Medium pipe for PU injection
PIPE-01872,25,29.0,2.0,280,490.87,0.1374,Large,Medium,8.0,Stainless Steel 316L,0.8,150,Large Medium pipe for PU injection
PIPE-01873,25,29.0,2.0,290,490.87,0.1424,Large,Medium,8.0,Stainless Steel 316L,0.8,150,Large Medium pipe for PU injection
PIPE-01874,25,29.0,2.0,300,490.87,0.1473,Large,Medium,8.0,Stainless Steel 316L,0.8,150,Large Medium pipe for PU injection
PIPE-01875,25,29.0,2.0,310,490.87,0.1522,Large,Medium,8.0,Stainless Steel 316L,0.8,150,Large Medium pipe for PU injection
PIPE-01876,25,29.0,2.0,320,490.87,0.1571,Large,Medium,8.0,Stainless Steel 316L,0.8,150,Large Medium pipe for PU injection
PIPE-01877,25,29.0,2.0,330,490.87,0.162,Large,Medium,8.0,Stainless Steel 316L,0.8,150,Large Medium pipe for PU injection
PIPE-01878,25,29.0,2.0,340,490.87,0.1669,Large,Medium,8.0,Stainless Steel 316L,0.8,150,Large Medium pipe for PU injection
PIPE-01879,25,29.0,2.0,350,490.87,0.1718,Large,Medium,8.0,Stainless Steel 316L,0.8,150,Large Medium pipe for PU injection
PIPE-01880,25,29.0,2.0,360,490.87,0.1767,Large,Medium,8.0,Stainless Steel 316L,0.8,150,Large Medium pipe for PU injection
PIPE-01881,25,29.0,2.0,370,490.87,0.1816,Large,Medium,8.0,Stainless Steel 316L,0.8,150,Large Medium pipe for PU injection
PIPE-01882,25,29.0,2.0,380,490.87,0.1865,Large,Medium,8.0,Stainless Steel 316L,0.8,150,Large Medium pipe for PU injection
PIPE-01883,25,29.0,2.0,390,490.87,0.1914,Large,Medium,8.0,Stainless Steel 316L,0.8,150,Large Medium pipe for PU injection
PIPE-01884,25,29.0,2.0,400,490.87,0.1963,Large,Medium,8.0,Stainless Steel 316L,0.8,150,Large Medium pipe for PU injection
PIPE-01885,25,29.0,2.0,410,490.87,0.2013,Large,Medium,8.0,Stainless Steel 316L,0.8,150,Large Medium pipe for PU injection
PIPE-01886,25,29.0,2.0,420,490.87,0.2062,Large,Medium,8.0,Stainless Steel 316L,0.8,150,Large Medium pipe for PU injection
PIPE-01887,25,29.0,2.0,430,490.87,0.2111,Large,Medium,8.0,Stainless Steel 316L,0.8,150,Large Medium pipe for PU injection
PIPE-01888,25,29.0,2.0,440,490.87,0.216,Large,Medium,8.0,Stainless Steel 316L,0.8,150,Large Medium pipe for PU injection
PIPE-01889,25,29.0,2.0,450,490.87,0.2209,Large,Medium,8.0,Stainless Steel 316L,0.8,150,Large Medium pipe for PU injection
PIPE-01890,25,29.0,2.0,460,490.87,0.2258,Large,Medium,8.0,Stainless Steel 316L,0.8,150,Large Medium pipe for PU injection
PIPE-01891,25,29.0,2.0,470,490.87,0.2307,Large,Medium,8.0,Stainless Steel 316L,0.8,150,Large Medium pipe for PU injection
PIPE-01892,25,29.0,2.0,480,490.87,0.2356,Large,Medium,8.0,Stainless Steel 316L,0.8,150,Large Medium pipe for PU injection
PIPE-01893,25,29.0,2.0,490,490.87,0.2405,Large,Medium,8.0,Stainless Steel 316L,0.8,150,Large Medium pipe for PU injection
PIPE-01894,25,29.0,2.0,500,490.87,0.2454,Large,Long,8.0,Stainless Steel 316L,0.8,150,Large Long pipe for PU injection
PIPE-01895,25,29.0,2.0,500,490.87,0.2454,Large,Long,8.0,Stainless Steel 316L,0.8,150,Large Long pipe for PU injection
PIPE-01896,25,29.0,2.0,525,490.87,0.2577,Large,Long,8.0,Stainless Steel 316L,0.8,150,Large Long pipe for PU injection
PIPE-01897,25,29.0,2.0,550,490.87,0.27,Large,Long,8.0,Stainless Steel 316L,0.8,150,Large Long pipe for PU injection
PIPE-01898,25,29.0,2.0,575,490.87,0.2823,Large,Long,8.0,Stainless Steel 316L,0.8,150,Large Long pipe for PU injection
PIPE-01899,25,29.0,2.0,600,490.87,0.2945,Large,Long,8.0,Stainless Steel 316L,0.8,150,Large Long pipe for PU injection
PIPE-01900,25,29.0,2.0,625,490.87,0.3068,Large,Long,8.0,Stainless Steel 316L,0.8,150,Large Long pipe for PU injection
PIPE-01901,25,29.0,2.0,650,490.87,0.3191,Large,Long,8.0,Stainless Steel 316L,0.8,150,Large Long pipe for PU injection
PIPE-01902,25,29.0,2.0,675,490.87,0.3313,Large,Long,8.0,Stainless Steel 316L,0.8,150,Large Long pipe for PU injection
PIPE-01903,25,29.0,2.0,700,490.87,0.3436,Large,Long,8.0,Stainless Steel 316L,0.8,150,Large Long pipe for PU injection
PIPE-01904,25,29.0,2.0,725,490.87,0.3559,Large,Long,8.0,Stainless Steel 316L,0.8,150,Large Long pipe for PU injection
PIPE-01905,25,29.0,2.0,750,490.87,0.3682,Large,Long,8.0,Stainless Steel 316L,0.8,150,Large Long pipe for PU injection
PIPE-01906,25,29.0,2.0,775,490.87,0.3804,Large,Long,8.0,Stainless Steel 316L,0.8,150,Large Long pipe for PU injection
PIPE-01907,25,29.0,2.0,800,490.87,0.3927,Large,Long,8.0,Stainless Steel 316L,0.8,150,Large Long pipe for PU injection
PIPE-01908,25,29.0,2.0,825,490.87,0.405,Large,Long,8.0,Stainless Steel 316L,0.8,150,Large Long pipe for PU injection
PIPE-01909,25,29.0,2.0,850,490.87,0.4172,Large,Long,8.0,Stainless Steel 316L,0.8,150,Large Long pipe for PU injection
PIPE-01910,25,29.0,2.0,875,490.87,0.4295,Large,Long,8.0,Stainless Steel 316L,0.8,150,Large Long pipe for PU injection
PIPE-01911,25,29.0,2.0,900,490.87,0.4418,Large,Long,8.0,Stainless Steel 316L,0.8,150,Large Long pipe for PU injection
PIPE-01912,25,29.0,2.0,925,490.87,0.4541,Large,Long,8.0,Stainless Steel 316L,0.8,150,Large Long pipe for PU injection
PIPE-01913,25,29.0,2.0,950,490.87,0.4663,Large,Long,8.0,Stainless Steel 316L,0.8,150,Large Long pipe for PU injection
PIPE-01914,25,29.0,2.0,975,490.87,0.4786,Large,Long,8.0,Stainless Steel 316L,0.8,150,Large Long pipe for PU injection
PIPE-01915,25,29.0,2.0,1000,490.87,0.4909,Large,Extra Long,8.0,Stainless Steel 316L,0.8,150,Large Extra Long pipe for PU injection
PIPE-01916,25,29.0,2.0,1000,490.87,0.4909,Large,Extra Long,8.0,Stainless Steel 316L,0.8,150,Large Extra Long pipe for PU injection
PIPE-01917,25,29.0,2.0,1050,490.87,0.5154,Large,Extra Long,8.0,Stainless Steel 316L,0.8,150,Large Extra Long pipe for PU injection
PIPE-01918,25,29.0,2.0,1100,490.87,0.54,Large,Extra Long,8.0,Stainless Steel 316L,0.8,150,Large Extra Long pipe for PU injection
PIPE-01919,25,29.0,2.0,1150,490.87,0.5645,Large,Extra Long,8.0,Stainless Steel 316L,0.8,150,Large Extra Long pipe for PU injection
PIPE-01920,25,29.0,2.0,1200,490.87,0.589,Large,Extra Long,8.0,Stainless Steel 316L,0.8,150,Large Extra Long pipe for PU injection
PIPE-01921,25,29.0,2.0,1250,490.87,0.6136,Large,Extra Long,8.0,Stainless Steel 316L,0.8,150,Large Extra Long pipe for PU injection
PIPE-01922,25,29.0,2.0,1300,490.87,0.6381,Large,Extra Long,8.0,Stainless Steel 316L,0.8,150,Large Extra Long pipe for PU injection
PIPE-01923,25,29.0,2.0,1350,490.87,0.6627,Large,Extra Long,8.0,Stainless Steel 316L,0.8,150,Large Extra Long pipe for PU injection
PIPE-01924,25,29.0,2.0,1400,490.87,0.6872,Large,Extra Long,8.0,Stainless Steel 316L,0.8,150,Large Extra Long pipe for PU injection
PIPE-01925,25,29.0,2.0,1450,490.87,0.7118,Large,Extra Long,8.0,Stainless Steel 316L,0.8,150,Large Extra Long pipe for PU injection
PIPE-01926,25,29.0,2.0,1500,490.87,0.7363,Large,Extra Long,8.0,Stainless Steel 316L,0.8,150,Large Extra Long pipe for PU injection
PIPE-01927,25,29.0,2.0,1550,490.87,0.7609,Large,Extra Long,8.0,Stainless Steel 316L,0.8,150,Large Extra Long pipe for PU injection
PIPE-01928,25,29.0,2.0,1600,490.87,0.7854,Large,Extra Long,8.0,Stainless Steel 316L,0.8,150,Large Extra Long pipe for PU injection
PIPE-01929,25,29.0,2.0,1650,490.87,0.8099,Large,Extra Long,8.0,Stainless Steel 316L,0.8,150,Large Extra Long pipe for PU injection
PIPE-01930,25,29.0,2.0,1700,490.87,0.8345,Large,Extra Long,8.0,Stainless Steel 316L,0.8,150,Large Extra Long pipe for PU injection
PIPE-01931,25,29.0,2.0,1750,490.87,0.859,Large,Extra Long,8.0,Stainless Steel 316L,0.8,150,Large Extra Long pipe for PU injection
PIPE-01932,25,29.0,2.0,1800,490.87,0.8836,Large,Extra Long,8.0,Stainless Steel 316L,0.8,150,Large Extra Long pipe for PU injection
PIPE-01933,25,29.0,2.0,1850,490.87,0.9081,Large,Extra Long,8.0,Stainless Steel 316L,0.8,150,Large Extra Long pipe for PU injection
PIPE-01934,25,29.0,2.0,1900,490.87,0.9327,Large,Extra Long,8.0,Stainless Steel 316L,0.8,150,Large Extra Long pipe for PU injection
PIPE-01935,25,29.0,2.0,1950,490.87,0.9572,Large,Extra Long,8.0,Stainless Steel 316L,0.8,150,Large Extra Long pipe for PU injection
PIPE-01936,25,29.0,2.0,2000,490.87,0.9817,Large,Extra Long,8.0,Stainless Steel 316L,0.8,150,Large Extra Long pipe for PU injection
PIPE-01937,26,30.0,2.0,50,530.93,0.0265,Large,Short,8.0,Stainless Steel 316L,0.8,150,Large Short pipe for PU injection
PIPE-01938,26,30.0,2.0,60,530.93,0.0319,Large,Short,8.0,Stainless Steel 316L,0.8,150,Large Short pipe for PU injection
PIPE-01939,26,30.0,2.0,70,530.93,0.0372,Large,Short,8.0,Stainless Steel 316L,0.8,150,Large Short pipe for PU injection
PIPE-01940,26,30.0,2.0,80,530.93,0.0425,Large,Short,8.0,Stainless Steel 316L,0.8,150,Large Short pipe for PU injection
PIPE-01941,26,30.0,2.0,90,530.93,0.0478,Large,Short,8.0,Stainless Steel 316L,0.8,150,Large Short pipe for PU injection
PIPE-01942,26,30.0,2.0,100,530.93,0.0531,Large,Short,8.0,Stainless Steel 316L,0.8,150,Large Short pipe for PU injection
PIPE-01943,26,30.0,2.0,110,530.93,0.0584,Large,Short,8.0,Stainless Steel 316L,0.8,150,Large Short pipe for PU injection
PIPE-01944,26,30.0,2.0,120,530.93,0.0637,Large,Short,8.0,Stainless Steel 316L,0.8,150,Large Short pipe for PU injection
PIPE-01945,26,30.0,2.0,130,530.93,0.069,Large,Short,8.0,Stainless Steel 316L,0.8,150,Large Short pipe for PU injection
PIPE-01946,26,30.0,2.0,140,530.93,0.0743,Large,Short,8.0,Stainless Steel 316L,0.8,150,Large Short pipe for PU injection
PIPE-01947,26,30.0,2.0,150,530.93,0.0796,Large,Short,8.0,Stainless Steel 316L,0.8,150,Large Short pipe for PU injection
PIPE-01948,26,30.0,2.0,160,530.93,0.0849,Large,Short,8.0,Stainless Steel 316L,0.8,150,Large Short pipe for PU injection
PIPE-01949,26,30.0,2.0,170,530.93,0.0903,Large,Short,8.0,Stainless Steel 316L,0.8,150,Large Short pipe for PU injection
PIPE-01950,26,30.0,2.0,180,530.93,0.0956,Large,Short,8.0,Stainless Steel 316L,0.8,150,Large Short pipe for PU injection
PIPE-01951,26,30.0,2.0,190,530.93,0.1009,Large,Short,8.0,Stainless Steel 316L,0.8,150,Large Short pipe for PU injection
PIPE-01952,26,30.0,2.0,200,530.93,0.1062,Large,Medium,8.0,Stainless Steel 316L,0.8,150,Large Medium pipe for PU injection
PIPE-01953,26,30.0,2.0,210,530.93,0.1115,Large,Medium,8.0,Stainless Steel 316L,0.8,150,Large Medium pipe for PU injection
PIPE-01954,26,30.0,2.0,220,530.93,0.1168,Large,Medium,8.0,Stainless Steel 316L,0.8,150,Large Medium pipe for PU injection
PIPE-01955,26,30.0,2.0,230,530.93,0.1221,Large,Medium,8.0,Stainless Steel 316L,0.8,150,Large Medium pipe for PU injection
PIPE-01956,26,30.0,2.0,240,530.93,0.1274,Large,Medium,8.0,Stainless Steel 316L,0.8,150,Large Medium pipe for PU injection
PIPE-01957,26,30.0,2.0,250,530.93,0.1327,Large,Medium,8.0,Stainless Steel 316L,0.8,150,Large Medium pipe for PU injection
PIPE-01958,26,30.0,2.0,260,530.93,0.138,Large,Medium,8.0,Stainless Steel 316L,0.8,150,Large Medium pipe for PU injection
PIPE-01959,26,30.0,2.0,270,530.93,0.1434,Large,Medium,8.0,Stainless Steel 316L,0.8,150,Large Medium pipe for PU injection
PIPE-01960,26,30.0,2.0,280,530.93,0.1487,Large,Medium,8.0,Stainless Steel 316L,0.8,150,Large Medium pipe for PU injection
PIPE-01961,26,30.0,2.0,290,530.93,0.154,Large,Medium,8.0,Stainless Steel 316L,0.8,150,Large Medium pipe for PU injection
PIPE-01962,26,30.0,2.0,300,530.93,0.1593,Large,Medium,8.0,Stainless Steel 316L,0.8,150,Large Medium pipe for PU injection
PIPE-01963,26,30.0,2.0,310,530.93,0.1646,Large,Medium,8.0,Stainless Steel 316L,0.8,150,Large Medium pipe for PU injection
PIPE-01964,26,30.0,2.0,320,530.93,0.1699,Large,Medium,8.0,Stainless Steel 316L,0.8,150,Large Medium pipe for PU injection
PIPE-01965,26,30.0,2.0,330,530.93,0.1752,Large,Medium,8.0,Stainless Steel 316L,0.8,150,Large Medium pipe for PU injection
PIPE-01966,26,30.0,2.0,340,530.93,0.1805,Large,Medium,8.0,Stainless Steel 316L,0.8,150,Large Medium pipe for PU injection
PIPE-01967,26,30.0,2.0,350,530.93,0.1858,Large,Medium,8.0,Stainless Steel 316L,0.8,150,Large Medium pipe for PU injection
PIPE-01968,26,30.0,2.0,360,530.93,0.1911,Large,Medium,8.0,Stainless Steel 316L,0.8,150,Large Medium pipe for PU injection
PIPE-01969,26,30.0,2.0,370,530.93,0.1964,Large,Medium,8.0,Stainless Steel 316L,0.8,150,Large Medium pipe for PU injection
PIPE-01970,26,30.0,2.0,380,530.93,0.2018,Large,Medium,8.0,Stainless Steel 316L,0.8,150,Large Medium pipe for PU injection
PIPE-01971,26,30.0,2.0,390,530.93,0.2071,Large,Medium,8.0,Stainless Steel 316L,0.8,150,Large Medium pipe for PU injection
PIPE-01972,26,30.0,2.0,400,530.93,0.2124,Large,Medium,8.0,Stainless Steel 316L,0.8,150,Large Medium pipe for PU injection
PIPE-01973,26,30.0,2.0,410,530.93,0.2177,Large,Medium,8.0,Stainless Steel 316L,0.8,150,Large Medium pipe for PU injection
PIPE-01974,26,30.0,2.0,420,530.93,0.223,Large,Medium,8.0,Stainless Steel 316L,0.8,150,Large Medium pipe for PU injection
PIPE-01975,26,30.0,2.0,430,530.93,0.2283,Large,Medium,8.0,Stainless Steel 316L,0.8,150,Large Medium pipe for PU injection
PIPE-01976,26,30.0,2.0,440,530.93,0.2336,Large,Medium,8.0,Stainless Steel 316L,0.8,150,Large Medium pipe for PU injection
PIPE-01977,26,30.0,2.0,450,530.93,0.2389,Large,Medium,8.0,Stainless Steel 316L,0.8,150,Large Medium pipe for PU injection
PIPE-01978,26,30.0,2.0,460,530.93,0.2442,Large,Medium,8.0,Stainless Steel 316L,0.8,150,Large Medium pipe for PU injection
PIPE-01979,26,30.0,2.0,470,530.93,0.2495,Large,Medium,8.0,Stainless Steel 316L,0.8,150,Large Medium pipe for PU injection
PIPE-01980,26,30.0,2.0,480,530.93,0.2548,Large,Medium,8.0,Stainless Steel 316L,0.8,150,Large Medium pipe for PU injection
PIPE-01981,26,30.0,2.0,490,530.93,0.2602,Large,Medium,8.0,Stainless Steel 316L,0.8,150,Large Medium pipe for PU injection
PIPE-01982,26,30.0,2.0,500,530.93,0.2655,Large,Long,8.0,Stainless Steel 316L,0.8,150,Large Long pipe for PU injection
PIPE-01983,26,30.0,2.0,500,530.93,0.2655,Large,Long,8.0,Stainless Steel 316L,0.8,150,Large Long pipe for PU injection
PIPE-01984,26,30.0,2.0,525,530.93,0.2787,Large,Long,8.0,Stainless Steel 316L,0.8,150,Large Long pipe for PU injection
PIPE-01985,26,30.0,2.0,550,530.93,0.292,Large,Long,8.0,Stainless Steel 316L,0.8,150,Large Long pipe for PU injection
PIPE-01986,26,30.0,2.0,575,530.93,0.3053,Large,Long,8.0,Stainless Steel 316L,0.8,150,Large Long pipe for PU injection
PIPE-01987,26,30.0,2.0,600,530.93,0.3186,Large,Long,8.0,Stainless Steel 316L,0.8,150,Large Long pipe for PU injection
PIPE-01988,26,30.0,2.0,625,530.93,0.3318,Large,Long,8.0,Stainless Steel 316L,0.8,150,Large Long pipe for PU injection
PIPE-01989,26,30.0,2.0,650,530.93,0.3451,Large,Long,8.0,Stainless Steel 316L,0.8,150,Large Long pipe for PU injection
PIPE-01990,26,30.0,2.0,675,530.93,0.3584,Large,Long,8.0,Stainless Steel 316L,0.8,150,Large Long pipe for PU injection
PIPE-01991,26,30.0,2.0,700,530.93,0.3717,Large,Long,8.0,Stainless Steel 316L,0.8,150,Large Long pipe for PU injection
PIPE-01992,26,30.0,2.0,725,530.93,0.3849,Large,Long,8.0,Stainless Steel 316L,0.8,150,Large Long pipe for PU injection
PIPE-01993,26,30.0,2.0,750,530.93,0.3982,Large,Long,8.0,Stainless Steel 316L,0.8,150,Large Long pipe for PU injection
PIPE-01994,26,30.0,2.0,775,530.93,0.4115,Large,Long,8.0,Stainless Steel 316L,0.8,150,Large Long pipe for PU injection
PIPE-01995,26,30.0,2.0,800,530.93,0.4247,Large,Long,8.0,Stainless Steel 316L,0.8,150,Large Long pipe for PU injection
PIPE-01996,26,30.0,2.0,825,530.93,0.438,Large,Long,8.0,Stainless Steel 316L,0.8,150,Large Long pipe for PU injection
PIPE-01997,26,30.0,2.0,850,530.93,0.4513,Large,Long,8.0,Stainless Steel 316L,0.8,150,Large Long pipe for PU injection
PIPE-01998,26,30.0,2.0,875,530.93,0.4646,Large,Long,8.0,Stainless Steel 316L,0.8,150,Large Long pipe for PU injection
PIPE-01999,26,30.0,2.0,900,530.93,0.4778,Large,Long,8.0,Stainless Steel 316L,0.8,150,Large Long pipe for PU injection
PIPE-02000,26,30.0,2.0,925,530.93,0.4911,Large,Long,8.0,Stainless Steel 316L,0.8,150,Large Long pipe for PU injection
PIPE-02001,26,30.0,2.0,950,530.93,0.5044,Large,Long,8.0,Stainless Steel 316L,0.8,150,Large Long pipe for PU injection
PIPE-02002,26,30.0,2.0,975,530.93,0.5177,Large,Long,8.0,Stainless Steel 316L,0.8,150,Large Long pipe for PU injection
PIPE-02003,26,30.0,2.0,1000,530.93,0.5309,Large,Extra Long,8.0,Stainless Steel 316L,0.8,150,Large Extra Long pipe for PU injection
PIPE-02004,26,30.0,2.0,1000,530.93,0.5309,Large,Extra Long,8.0,Stainless Steel 316L,0.8,150,Large Extra Long pipe for PU injection
PIPE-02005,26,30.0,2.0,1050,530.93,0.5575,Large,Extra Long,8.0,Stainless Steel 316L,0.8,150,Large Extra Long pipe for PU injection
PIPE-02006,26,30.0,2.0,1100,530.93,0.584,Large,Extra Long,8.0,Stainless Steel 316L,0.8,150,Large Extra Long pipe for PU injection
PIPE-02007,26,30.0,2.0,1150,530.93,0.6106,Large,Extra Long,8.0,Stainless Steel 316L,0.8,150,Large Extra Long pipe for PU injection
PIPE-02008,26,30.0,2.0,1200,530.93,0.6371,Large,Extra Long,8.0,Stainless Steel 316L,0.8,150,Large Extra Long pipe for PU injection
PIPE-02009,26,30.0,2.0,1250,530.93,0.6637,Large,Extra Long,8.0,Stainless Steel 316L,0.8,150,Large Extra Long pipe for PU injection
PIPE-02010,26,30.0,2.0,1300,530.93,0.6902,Large,Extra Long,8.0,Stainless Steel 316L,0.8,150,Large Extra Long pipe for PU injection
PIPE-02011,26,30.0,2.0,1350,530.93,0.7168,Large,Extra Long,8.0,Stainless Steel 316L,0.8,150,Large Extra Long pipe for PU injection
PIPE-02012,26,30.0,2.0,1400,530.93,0.7433,Large,Extra Long,8.0,Stainless Steel 316L,0.8,150,Large Extra Long pipe for PU injection
PIPE-02013,26,30.0,2.0,1450,530.93,0.7698,Large,Extra Long,8.0,Stainless Steel 316L,0.8,150,Large Extra Long pipe for PU injection
PIPE-02014,26,30.0,2.0,1500,530.93,0.7964,Large,Extra Long,8.0,Stainless Steel 316L,0.8,150,Large Extra Long pipe for PU injection
PIPE-02015,26,30.0,2.0,1550,530.93,0.8229,Large,Extra Long,8.0,Stainless Steel 316L,0.8,150,Large Extra Long pipe for PU injection
PIPE-02016,26,30.0,2.0,1600,530.93,0.8495,Large,Extra Long,8.0,Stainless Steel 316L,0.8,150,Large Extra Long pipe for PU injection
PIPE-02017,26,30.0,2.0,1650,530.93,0.876,Large,Extra Long,8.0,Stainless Steel 316L,0.8,150,Large Extra Long pipe for PU injection
PIPE-02018,26,30.0,2.0,1700,530.93,0.9026,Large,Extra Long,8.0,Stainless Steel 316L,0.8,150,Large Extra Long pipe for PU injection
PIPE-02019,26,30.0,2.0,1750,530.93,0.9291,Large,Extra Long,8.0,Stainless Steel 316L,0.8,150,Large Extra Long pipe for PU injection
PIPE-02020,26,30.0,2.0,1800,530.93,0.9557,Large,Extra Long,8.0,Stainless Steel 316L,0.8,150,Large Extra Long pipe for PU injection
PIPE-02021,26,30.0,2.0,1850,530.93,0.9822,Large,Extra Long,8.0,Stainless Steel 316L,0.8,150,Large Extra Long pipe for PU injection
PIPE-02022,26,30.0,2.0,1900,530.93,1.0088,Large,Extra Long,8.0,Stainless Steel 316L,0.8,150,Large Extra Long pipe for PU injection
PIPE-02023,26,30.0,2.0,1950,530.93,1.0353,Large,Extra Long,8.0,Stainless Steel 316L,0.8,150,Large Extra Long pipe for PU injection
PIPE-02024,26,30.0,2.0,2000,530.93,1.0619,Large,Extra Long,8.0,Stainless Steel 316L,0.8,150,Large Extra Long pipe for PU injection
PIPE-02025,27,31.0,2.0,50,572.56,0.0286,Large,Short,8.0,Stainless Steel 316L,0.8,150,Large Short pipe for PU injection
PIPE-02026,27,31.0,2.0,60,572.56,0.0344,Large,Short,8.0,Stainless Steel 316L,0.8,150,Large Short pipe for PU injection
PIPE-02027,27,31.0,2.0,70,572.56,0.0401,Large,Short,8.0,Stainless Steel 316L,0.8,150,Large Short pipe for PU injection
PIPE-02028,27,31.0,2.0,80,572.56,0.0458,Large,Short,8.0,Stainless Steel 316L,0.8,150,Large Short pipe for PU injection
PIPE-02029,27,31.0,2.0,90,572.56,0.0515,Large,Short,8.0,Stainless Steel 316L,0.8,150,Large Short pipe for PU injection
PIPE-02030,27,31.0,2.0,100,572.56,0.0573,Large,Short,8.0,Stainless Steel 316L,0.8,150,Large Short pipe for PU injection
PIPE-02031,27,31.0,2.0,110,572.56,0.063,Large,Short,8.0,Stainless Steel 316L,0.8,150,Large Short pipe for PU injection
PIPE-02032,27,31.0,2.0,120,572.56,0.0687,Large,Short,8.0,Stainless Steel 316L,0.8,150,Large Short pipe for PU injection
PIPE-02033,27,31.0,2.0,130,572.56,0.0744,Large,Short,8.0,Stainless Steel 316L,0.8,150,Large Short pipe for PU injection
PIPE-02034,27,31.0,2.0,140,572.56,0.0802,Large,Short,8.0,Stainless Steel 316L,0.8,150,Large Short pipe for PU injection
PIPE-02035,27,31.0,2.0,150,572.56,0.0859,Large,Short,8.0,Stainless Steel 316L,0.8,150,Large Short pipe for PU injection
PIPE-02036,27,31.0,2.0,160,572.56,0.0916,Large,Short,8.0,Stainless Steel 316L,0.8,150,Large Short pipe for PU injection
PIPE-02037,27,31.0,2.0,170,572.56,0.0973,Large,Short,8.0,Stainless Steel 316L,0.8,150,Large Short pipe for PU injection
PIPE-02038,27,31.0,2.0,180,572.56,0.1031,Large,Short,8.0,Stainless Steel 316L,0.8,150,Large Short pipe for PU injection
PIPE-02039,27,31.0,2.0,190,572.56,0.1088,Large,Short,8.0,Stainless Steel 316L,0.8,150,Large Short pipe for PU injection
PIPE-02040,27,31.0,2.0,200,572.56,0.1145,Large,Medium,8.0,Stainless Steel 316L,0.8,150,Large Medium pipe for PU injection
PIPE-02041,27,31.0,2.0,210,572.56,0.1202,Large,Medium,8.0,Stainless Steel 316L,0.8,150,Large Medium pipe for PU injection
PIPE-02042,27,31.0,2.0,220,572.56,0.126,Large,Medium,8.0,Stainless Steel 316L,0.8,150,Large Medium pipe for PU injection
PIPE-02043,27,31.0,2.0,230,572.56,0.1317,Large,Medium,8.0,Stainless Steel 316L,0.8,150,Large Medium pipe for PU injection
PIPE-02044,27,31.0,2.0,240,572.56,0.1374,Large,Medium,8.0,Stainless Steel 316L,0.8,150,Large Medium pipe for PU injection
PIPE-02045,27,31.0,2.0,250,572.56,0.1431,Large,Medium,8.0,Stainless Steel 316L,0.8,150,Large Medium pipe for PU injection
PIPE-02046,27,31.0,2.0,260,572.56,0.1489,Large,Medium,8.0,Stainless Steel 316L,0.8,150,Large Medium pipe for PU injection
PIPE-02047,27,31.0,2.0,270,572.56,0.1546,Large,Medium,8.0,Stainless Steel 316L,0.8,150,Large Medium pipe for PU injection
PIPE-02048,27,31.0,2.0,280,572.56,0.1603,Large,Medium,8.0,Stainless Steel 316L,0.8,150,Large Medium pipe for PU injection
PIPE-02049,27,31.0,2.0,290,572.56,0.166,Large,Medium,8.0,Stainless Steel 316L,0.8,150,Large Medium pipe for PU injection
PIPE-02050,27,31.0,2.0,300,572.56,0.1718,Large,Medium,8.0,Stainless Steel 316L,0.8,150,Large Medium pipe for PU injection
PIPE-02051,27,31.0,2.0,310,572.56,0.1775,Large,Medium,8.0,Stainless Steel 316L,0.8,150,Large Medium pipe for PU injection
PIPE-02052,27,31.0,2.0,320,572.56,0.1832,Large,Medium,8.0,Stainless Steel 316L,0.8,150,Large Medium pipe for PU injection
PIPE-02053,27,31.0,2.0,330,572.56,0.1889,Large,Medium,8.0,Stainless Steel 316L,0.8,150,Large Medium pipe for PU injection
PIPE-02054,27,31.0,2.0,340,572.56,0.1947,Large,Medium,8.0,Stainless Steel 316L,0.8,150,Large Medium pipe for PU injection
PIPE-02055,27,31.0,2.0,350,572.56,0.2004,Large,Medium,8.0,Stainless Steel 316L,0.8,150,Large Medium pipe for PU injection
PIPE-02056,27,31.0,2.0,360,572.56,0.2061,Large,Medium,8.0,Stainless Steel 316L,0.8,150,Large Medium pipe for PU injection
PIPE-02057,27,31.0,2.0,370,572.56,0.2118,Large,Medium,8.0,Stainless Steel 316L,0.8,150,Large Medium pipe for PU injection
PIPE-02058,27,31.0,2.0,380,572.56,0.2176,Large,Medium,8.0,Stainless Steel 316L,0.8,150,Large Medium pipe for PU injection
PIPE-02059,27,31.0,2.0,390,572.56,0.2233,Large,Medium,8.0,Stainless Steel 316L,0.8,150,Large Medium pipe for PU injection
PIPE-02060,27,31.0,2.0,400,572.56,0.229,Large,Medium,8.0,Stainless Steel 316L,0.8,150,Large Medium pipe for PU injection
PIPE-02061,27,31.0,2.0,410,572.56,0.2347,Large,Medium,8.0,Stainless Steel 316L,0.8,150,Large Medium pipe for PU injection
PIPE-02062,27,31.0,2.0,420,572.56,0.2405,Large,Medium,8.0,Stainless Steel 316L,0.8,150,Large Medium pipe for PU injection
PIPE-02063,27,31.0,2.0,430,572.56,0.2462,Large,Medium,8.0,Stainless Steel 316L,0.8,150,Large Medium pipe for PU injection
PIPE-02064,27,31.0,2.0,440,572.56,0.2519,Large,Medium,8.0,Stainless Steel 316L,0.8,150,Large Medium pipe for PU injection
PIPE-02065,27,31.0,2.0,450,572.56,0.2576,Large,Medium,8.0,Stainless Steel 316L,0.8,150,Large Medium pipe for PU injection
PIPE-02066,27,31.0,2.0,460,572.56,0.2634,Large,Medium,8.0,Stainless Steel 316L,0.8,150,Large Medium pipe for PU injection
PIPE-02067,27,31.0,2.0,470,572.56,0.2691,Large,Medium,8.0,Stainless Steel 316L,0.8,150,Large Medium pipe for PU injection
PIPE-02068,27,31.0,2.0,480,572.56,0.2748,Large,Medium,8.0,Stainless Steel 316L,0.8,150,Large Medium pipe for PU injection
PIPE-02069,27,31.0,2.0,490,572.56,0.2806,Large,Medium,8.0,Stainless Steel 316L,0.8,150,Large Medium pipe for PU injection
PIPE-02070,27,31.0,2.0,500,572.56,0.2863,Large,Long,8.0,Stainless Steel 316L,0.8,150,Large Long pipe for PU injection
PIPE-02071,27,31.0,2.0,500,572.56,0.2863,Large,Long,8.0,Stainless Steel 316L,0.8,150,Large Long pipe for PU injection
PIPE-02072,27,31.0,2.0,525,572.56,0.3006,Large,Long,8.0,Stainless Steel 316L,0.8,150,Large Long pipe for PU injection
PIPE-02073,27,31.0,2.0,550,572.56,0.3149,Large,Long,8.0,Stainless Steel 316L,0.8,150,Large Long pipe for PU injection
PIPE-02074,27,31.0,2.0,575,572.56,0.3292,Large,Long,8.0,Stainless Steel 316L,0.8,150,Large Long pipe for PU injection
PIPE-02075,27,31.0,2.0,600,572.56,0.3435,Large,Long,8.0,Stainless Steel 316L,0.8,150,Large Long pipe for PU injection
PIPE-02076,27,31.0,2.0,625,572.56,0.3578,Large,Long,8.0,Stainless Steel 316L,0.8,150,Large Long pipe for PU injection
PIPE-02077,27,31.0,2.0,650,572.56,0.3722,Large,Long,8.0,Stainless Steel 316L,0.8,150,Large Long pipe for PU injection
PIPE-02078,27,31.0,2.0,675,572.56,0.3865,Large,Long,8.0,Stainless Steel 316L,0.8,150,Large Long pipe for PU injection
PIPE-02079,27,31.0,2.0,700,572.56,0.4008,Large,Long,8.0,Stainless Steel 316L,0.8,150,Large Long pipe for PU injection
PIPE-02080,27,31.0,2.0,725,572.56,0.4151,Large,Long,8.0,Stainless Steel 316L,0.8,150,Large Long pipe for PU injection
PIPE-02081,27,31.0,2.0,750,572.56,0.4294,Large,Long,8.0,Stainless Steel 316L,0.8,150,Large Long pipe for PU injection
PIPE-02082,27,31.0,2.0,775,572.56,0.4437,Large,Long,8.0,Stainless Steel 316L,0.8,150,Large Long pipe for PU injection
PIPE-02083,27,31.0,2.0,800,572.56,0.458,Large,Long,8.0,Stainless Steel 316L,0.8,150,Large Long pipe for PU injection
PIPE-02084,27,31.0,2.0,825,572.56,0.4724,Large,Long,8.0,Stainless Steel 316L,0.8,150,Large Long pipe for PU injection
PIPE-02085,27,31.0,2.0,850,572.56,0.4867,Large,Long,8.0,Stainless Steel 316L,0.8,150,Large Long pipe for PU injection
PIPE-02086,27,31.0,2.0,875,572.56,0.501,Large,Long,8.0,Stainless Steel 316L,0.8,150,Large Long pipe for PU injection
PIPE-02087,27,31.0,2.0,900,572.56,0.5153,Large,Long,8.0,Stainless Steel 316L,0.8,150,Large Long pipe for PU injection
PIPE-02088,27,31.0,2.0,925,572.56,0.5296,Large,Long,8.0,Stainless Steel 316L,0.8,150,Large Long pipe for PU injection
PIPE-02089,27,31.0,2.0,950,572.56,0.5439,Large,Long,8.0,Stainless Steel 316L,0.8,150,Large Long pipe for PU injection
PIPE-02090,27,31.0,2.0,975,572.56,0.5582,Large,Long,8.0,Stainless Steel 316L,0.8,150,Large Long pipe for PU injection
PIPE-02091,27,31.0,2.0,1000,572.56,0.5726,Large,Extra Long,8.0,Stainless Steel 316L,0.8,150,Large Extra Long pipe for PU injection
PIPE-02092,27,31.0,2.0,1000,572.56,0.5726,Large,Extra Long,8.0,Stainless Steel 316L,0.8,150,Large Extra Long pipe for PU injection
PIPE-02093,27,31.0,2.0,1050,572.56,0.6012,Large,Extra Long,8.0,Stainless Steel 316L,0.8,150,Large Extra Long pipe for PU injection
PIPE-02094,27,31.0,2.0,1100,572.56,0.6298,Large,Extra Long,8.0,Stainless Steel 316L,0.8,150,Large Extra Long pipe for PU injection
PIPE-02095,27,31.0,2.0,1150,572.56,0.6584,Large,Extra Long,8.0,Stainless Steel 316L,0.8,150,Large Extra Long pipe for PU injection
PIPE-02096,27,31.0,2.0,1200,572.56,0.6871,Large,Extra Long,8.0,Stainless Steel 316L,0.8,150,Large Extra Long pipe for PU injection
PIPE-02097,27,31.0,2.0,1250,572.56,0.7157,Large,Extra Long,8.0,Stainless Steel 316L,0.8,150,Large Extra Long pipe for PU injection
PIPE-02098,27,31.0,2.0,1300,572.56,0.7443,Large,Extra Long,8.0,Stainless Steel 316L,0.8,150,Large Extra Long pipe for PU injection
PIPE-02099,27,31.0,2.0,1350,572.56,0.7729,Large,Extra Long,8.0,Stainless Steel 316L,0.8,150,Large Extra Long pipe for PU injection
PIPE-02100,27,31.0,2.0,1400,572.56,0.8016,Large,Extra Long,8.0,Stainless Steel 316L,0.8,150,Large Extra Long pipe for PU injection
PIPE-02101,27,31.0,2.0,1450,572.56,0.8302,Large,Extra Long,8.0,Stainless Steel 316L,0.8,150,Large Extra Long pipe for PU injection
PIPE-02102,27,31.0,2.0,1500,572.56,0.8588,Large,Extra Long,8.0,Stainless Steel 316L,0.8,150,Large Extra Long pipe for PU injection
PIPE-02103,27,31.0,2.0,1550,572.56,0.8875,Large,Extra Long,8.0,Stainless Steel 316L,0.8,150,Large Extra Long pipe for PU injection
PIPE-02104,27,31.0,2.0,1600,572.56,0.9161,Large,Extra Long,8.0,Stainless Steel 316L,0.8,150,Large Extra Long pipe for PU injection
PIPE-02105,27,31.0,2.0,1650,572.56,0.9447,Large,Extra Long,8.0,Stainless Steel 316L,0.8,150,Large Extra Long pipe for PU injection
PIPE-02106,27,31.0,2.0,1700,572.56,0.9733,Large,Extra Long,8.0,Stainless Steel 316L,0.8,150,Large Extra Long pipe for PU injection
PIPE-02107,27,31.0,2.0,1750,572.56,1.002,Large,Extra Long,8.0,Stainless Steel 316L,0.8,150,Large Extra Long pipe for PU injection
PIPE-02108,27,31.0,2.0,1800,572.56,1.0306,Large,Extra Long,8.0,Stainless Steel 316L,0.8,150,Large Extra Long pipe for PU injection
PIPE-02109,27,31.0,2.0,1850,572.56,1.0592,Large,Extra Long,8.0,Stainless Steel 316L,0.8,150,Large Extra Long pipe for PU injection
PIPE-02110,27,31.0,2.0,1900,572.56,1.0879,Large,Extra Long,8.0,Stainless Steel 316L,0.8,150,Large Extra Long pipe for PU injection
PIPE-02111,27,31.0,2.0,1950,572.56,1.1165,Large,Extra Long,8.0,Stainless Steel 316L,0.8,150,Large Extra Long pipe for PU injection
PIPE-02112,27,31.0,2.0,2000,572.56,1.1451,Large,Extra Long,8.0,Stainless Steel 316L,0.8,150,Large Extra Long pipe for PU injection
PIPE-02113,28,32.0,2.0,50,615.75,0.0308,Large,Short,8.0,Stainless Steel 316L,0.8,150,Large Short pipe for PU injection
PIPE-02114,28,32.0,2.0,60,615.75,0.0369,Large,Short,8.0,Stainless Steel 316L,0.8,150,Large Short pipe for PU injection
PIPE-02115,28,32.0,2.0,70,615.75,0.0431,Large,Short,8.0,Stainless Steel 316L,0.8,150,Large Short pipe for PU injection
PIPE-02116,28,32.0,2.0,80,615.75,0.0493,Large,Short,8.0,Stainless Steel 316L,0.8,150,Large Short pipe for PU injection
PIPE-02117,28,32.0,2.0,90,615.75,0.0554,Large,Short,8.0,Stainless Steel 316L,0.8,150,Large Short pipe for PU injection
PIPE-02118,28,32.0,2.0,100,615.75,0.0616,Large,Short,8.0,Stainless Steel 316L,0.8,150,Large Short pipe for PU injection
PIPE-02119,28,32.0,2.0,110,615.75,0.0677,Large,Short,8.0,Stainless Steel 316L,0.8,150,Large Short pipe for PU injection
PIPE-02120,28,32.0,2.0,120,615.75,0.0739,Large,Short,8.0,Stainless Steel 316L,0.8,150,Large Short pipe for PU injection
PIPE-02121,28,32.0,2.0,130,615.75,0.08,Large,Short,8.0,Stainless Steel 316L,0.8,150,Large Short pipe for PU injection
PIPE-02122,28,32.0,2.0,140,615.75,0.0862,Large,Short,8.0,Stainless Steel 316L,0.8,150,Large Short pipe for PU injection
PIPE-02123,28,32.0,2.0,150,615.75,0.0924,Large,Short,8.0,Stainless Steel 316L,0.8,150,Large Short pipe for PU injection
PIPE-02124,28,32.0,2.0,160,615.75,0.0985,Large,Short,8.0,Stainless Steel 316L,0.8,150,Large Short pipe for PU injection
PIPE-02125,28,32.0,2.0,170,615.75,0.1047,Large,Short,8.0,Stainless Steel 316L,0.8,150,Large Short pipe for PU injection
PIPE-02126,28,32.0,2.0,180,615.75,0.1108,Large,Short,8.0,Stainless Steel 316L,0.8,150,Large Short pipe for PU injection
PIPE-02127,28,32.0,2.0,190,615.75,0.117,Large,Short,8.0,Stainless Steel 316L,0.8,150,Large Short pipe for PU injection
PIPE-02128,28,32.0,2.0,200,615.75,0.1232,Large,Medium,8.0,Stainless Steel 316L,0.8,150,Large Medium pipe for PU injection
PIPE-02129,28,32.0,2.0,210,615.75,0.1293,Large,Medium,8.0,Stainless Steel 316L,0.8,150,Large Medium pipe for PU injection
PIPE-02130,28,32.0,2.0,220,615.75,0.1355,Large,Medium,8.0,Stainless Steel 316L,0.8,150,Large Medium pipe for PU injection
PIPE-02131,28,32.0,2.0,230,615.75,0.1416,Large,Medium,8.0,Stainless Steel 316L,0.8,150,Large Medium pipe for PU injection
PIPE-02132,28,32.0,2.0,240,615.75,0.1478,Large,Medium,8.0,Stainless Steel 316L,0.8,150,Large Medium pipe for PU injection
PIPE-02133,28,32.0,2.0,250,615.75,0.1539,Large,Medium,8.0,Stainless Steel 316L,0.8,150,Large Medium pipe for PU injection
PIPE-02134,28,32.0,2.0,260,615.75,0.1601,Large,Medium,8.0,Stainless Steel 316L,0.8,150,Large Medium pipe for PU injection
PIPE-02135,28,32.0,2.0,270,615.75,0.1663,Large,Medium,8.0,Stainless Steel 316L,0.8,150,Large Medium pipe for PU injection
PIPE-02136,28,32.0,2.0,280,615.75,0.1724,Large,Medium,8.0,Stainless Steel 316L,0.8,150,Large Medium pipe for PU injection
PIPE-02137,28,32.0,2.0,290,615.75,0.1786,Large,Medium,8.0,Stainless Steel 316L,0.8,150,Large Medium pipe for PU injection
PIPE-02138,28,32.0,2.0,300,615.75,0.1847,Large,Medium,8.0,Stainless Steel 316L,0.8,150,Large Medium pipe for PU injection
PIPE-02139,28,32.0,2.0,310,615.75,0.1909,Large,Medium,8.0,Stainless Steel 316L,0.8,150,Large Medium pipe for PU injection
PIPE-02140,28,32.0,2.0,320,615.75,0.197,Large,Medium,8.0,Stainless Steel 316L,0.8,150,Large Medium pipe for PU injection
PIPE-02141,28,32.0,2.0,330,615.75,0.2032,Large,Medium,8.0,Stainless Steel 316L,0.8,150,Large Medium pipe for PU injection
PIPE-02142,28,32.0,2.0,340,615.75,0.2094,Large,Medium,8.0,Stainless Steel 316L,0.8,150,Large Medium pipe for PU injection
PIPE-02143,28,32.0,2.0,350,615.75,0.2155,Large,Medium,8.0,Stainless Steel 316L,0.8,150,Large Medium pipe for PU injection
PIPE-02144,28,32.0,2.0,360,615.75,0.2217,Large,Medium,8.0,Stainless Steel 316L,0.8,150,Large Medium pipe for PU injection
PIPE-02145,28,32.0,2.0,370,615.75,0.2278,Large,Medium,8.0,Stainless Steel 316L,0.8,150,Large Medium pipe for PU injection
PIPE-02146,28,32.0,2.0,380,615.75,0.234,Large,Medium,8.0,Stainless Steel 316L,0.8,150,Large Medium pipe for PU injection
PIPE-02147,28,32.0,2.0,390,615.75,0.2401,Large,Medium,8.0,Stainless Steel 316L,0.8,150,Large Medium pipe for PU injection
PIPE-02148,28,32.0,2.0,400,615.75,0.2463,Large,Medium,8.0,Stainless Steel 316L,0.8,150,Large Medium pipe for PU injection
PIPE-02149,28,32.0,2.0,410,615.75,0.2525,Large,Medium,8.0,Stainless Steel 316L,0.8,150,Large Medium pipe for PU injection
PIPE-02150,28,32.0,2.0,420,615.75,0.2586,Large,Medium,8.0,Stainless Steel 316L,0.8,150,Large Medium pipe for PU injection
PIPE-02151,28,32.0,2.0,430,615.75,0.2648,Large,Medium,8.0,Stainless Steel 316L,0.8,150,Large Medium pipe for PU injection
PIPE-02152,28,32.0,2.0,440,615.75,0.2709,Large,Medium,8.0,Stainless Steel 316L,0.8,150,Large Medium pipe for PU injection
PIPE-02153,28,32.0,2.0,450,615.75,0.2771,Large,Medium,8.0,Stainless Steel 316L,0.8,150,Large Medium pipe for PU injection
PIPE-02154,28,32.0,2.0,460,615.75,0.2832,Large,Medium,8.0,Stainless Steel 316L,0.8,150,Large Medium pipe for PU injection
PIPE-02155,28,32.0,2.0,470,615.75,0.2894,Large,Medium,8.0,Stainless Steel 316L,0.8,150,Large Medium pipe for PU injection
PIPE-02156,28,32.0,2.0,480,615.75,0.2956,Large,Medium,8.0,Stainless Steel 316L,0.8,150,Large Medium pipe for PU injection
PIPE-02157,28,32.0,2.0,490,615.75,0.3017,Large,Medium,8.0,Stainless Steel 316L,0.8,150,Large Medium pipe for PU injection
PIPE-02158,28,32.0,2.0,500,615.75,0.3079,Large,Long,8.0,Stainless Steel 316L,0.8,150,Large Long pipe for PU injection
PIPE-02159,28,32.0,2.0,500,615.75,0.3079,Large,Long,8.0,Stainless Steel 316L,0.8,150,Large Long pipe for PU injection
PIPE-02160,28,32.0,2.0,525,615.75,0.3233,Large,Long,8.0,Stainless Steel 316L,0.8,150,Large Long pipe for PU injection
PIPE-02161,28,32.0,2.0,550,615.75,0.3387,Large,Long,8.0,Stainless Steel 316L,0.8,150,Large Long pipe for PU injection
PIPE-02162,28,32.0,2.0,575,615.75,0.3541,Large,Long,8.0,Stainless Steel 316L,0.8,150,Large Long pipe for PU injection
PIPE-02163,28,32.0,2.0,600,615.75,0.3695,Large,Long,8.0,Stainless Steel 316L,0.8,150,Large Long pipe for PU injection
PIPE-02164,28,32.0,2.0,625,615.75,0.3848,Large,Long,8.0,Stainless Steel 316L,0.8,150,Large Long pipe for PU injection
PIPE-02165,28,32.0,2.0,650,615.75,0.4002,Large,Long,8.0,Stainless Steel 316L,0.8,150,Large Long pipe for PU injection
PIPE-02166,28,32.0,2.0,675,615.75,0.4156,Large,Long,8.0,Stainless Steel 316L,0.8,150,Large Long pipe for PU injection
PIPE-02167,28,32.0,2.0,700,615.75,0.431,Large,Long,8.0,Stainless Steel 316L,0.8,150,Large Long pipe for PU injection
PIPE-02168,28,32.0,2.0,725,615.75,0.4464,Large,Long,8.0,Stainless Steel 316L,0.8,150,Large Long pipe for PU injection
PIPE-02169,28,32.0,2.0,750,615.75,0.4618,Large,Long,8.0,Stainless Steel 316L,0.8,150,Large Long pipe for PU injection
PIPE-02170,28,32.0,2.0,775,615.75,0.4772,Large,Long,8.0,Stainless Steel 316L,0.8,150,Large Long pipe for PU injection
PIPE-02171,28,32.0,2.0,800,615.75,0.4926,Large,Long,8.0,Stainless Steel 316L,0.8,150,Large Long pipe for PU injection
PIPE-02172,28,32.0,2.0,825,615.75,0.508,Large,Long,8.0,Stainless Steel 316L,0.8,150,Large Long pipe for PU injection
PIPE-02173,28,32.0,2.0,850,615.75,0.5234,Large,Long,8.0,Stainless Steel 316L,0.8,150,Large Long pipe for PU injection
PIPE-02174,28,32.0,2.0,875,615.75,0.5388,Large,Long,8.0,Stainless Steel 316L,0.8,150,Large Long pipe for PU injection
PIPE-02175,28,32.0,2.0,900,615.75,0.5542,Large,Long,8.0,Stainless Steel 316L,0.8,150,Large Long pipe for PU injection
PIPE-02176,28,32.0,2.0,925,615.75,0.5696,Large,Long,8.0,Stainless Steel 316L,0.8,150,Large Long pipe for PU injection
PIPE-02177,28,32.0,2.0,950,615.75,0.585,Large,Long,8.0,Stainless Steel 316L,0.8,150,Large Long pipe for PU injection
PIPE-02178,28,32.0,2.0,975,615.75,0.6004,Large,Long,8.0,Stainless Steel 316L,0.8,150,Large Long pipe for PU injection
PIPE-02179,28,32.0,2.0,1000,615.75,0.6158,Large,Extra Long,8.0,Stainless Steel 316L,0.8,150,Large Extra Long pipe for PU injection
PIPE-02180,28,32.0,2.0,1000,615.75,0.6158,Large,Extra Long,8.0,Stainless Steel 316L,0.8,150,Large Extra Long pipe for PU injection
PIPE-02181,28,32.0,2.0,1050,615.75,0.6465,Large,Extra Long,8.0,Stainless Steel 316L,0.8,150,Large Extra Long pipe for PU injection
PIPE-02182,28,32.0,2.0,1100,615.75,0.6773,Large,Extra Long,8.0,Stainless Steel 316L,0.8,150,Large Extra Long pipe for PU injection
PIPE-02183,28,32.0,2.0,1150,615.75,0.7081,Large,Extra Long,8.0,Stainless Steel 316L,0.8,150,Large Extra Long pipe for PU injection
PIPE-02184,28,32.0,2.0,1200,615.75,0.7389,Large,Extra Long,8.0,Stainless Steel 316L,0.8,150,Large Extra Long pipe for PU injection
PIPE-02185,28,32.0,2.0,1250,615.75,0.7697,Large,Extra Long,8.0,Stainless Steel 316L,0.8,150,Large Extra Long pipe for PU injection
PIPE-02186,28,32.0,2.0,1300,615.75,0.8005,Large,Extra Long,8.0,Stainless Steel 316L,0.8,150,Large Extra Long pipe for PU injection
PIPE-02187,28,32.0,2.0,1350,615.75,0.8313,Large,Extra Long,8.0,Stainless Steel 316L,0.8,150,Large Extra Long pipe for PU injection
PIPE-02188,28,32.0,2.0,1400,615.75,0.8621,Large,Extra Long,8.0,Stainless Steel 316L,0.8,150,Large Extra Long pipe for PU injection
PIPE-02189,28,32.0,2.0,1450,615.75,0.8928,Large,Extra Long,8.0,Stainless Steel 316L,0.8,150,Large Extra Long pipe for PU injection
PIPE-02190,28,32.0,2.0,1500,615.75,0.9236,Large,Extra Long,8.0,Stainless Steel 316L,0.8,150,Large Extra Long pipe for PU injection
PIPE-02191,28,32.0,2.0,1550,615.75,0.9544,Large,Extra Long,8.0,Stainless Steel 316L,0.8,150,Large Extra Long pipe for PU injection
PIPE-02192,28,32.0,2.0,1600,615.75,0.9852,Large,Extra Long,8.0,Stainless Steel 316L,0.8,150,Large Extra Long pipe for PU injection
PIPE-02193,28,32.0,2.0,1650,615.75,1.016,Large,Extra Long,8.0,Stainless Steel 316L,0.8,150,Large Extra Long pipe for PU injection
PIPE-02194,28,32.0,2.0,1700,615.75,1.0468,Large,Extra Long,8.0,Stainless Steel 316L,0.8,150,Large Extra Long pipe for PU injection
PIPE-02195,28,32.0,2.0,1750,615.75,1.0776,Large,Extra Long,8.0,Stainless Steel 316L,0.8,150,Large Extra Long pipe for PU injection
PIPE-02196,28,32.0,2.0,1800,615.75,1.1084,Large,Extra Long,8.0,Stainless Steel 316L,0.8,150,Large Extra Long pipe for PU injection
PIPE-02197,28,32.0,2.0,1850,615.75,1.1391,Large,Extra Long,8.0,Stainless Steel 316L,0.8,150,Large Extra Long pipe for PU injection
PIPE-02198,28,32.0,2.0,1900,615.75,1.1699,Large,Extra Long,8.0,Stainless Steel 316L,0.8,150,Large Extra Long pipe for PU injection
PIPE-02199,28,32.0,2.0,1950,615.75,1.2007,Large,Extra Long,8.0,Stainless Steel 316L,0.8,150,Large Extra Long pipe for PU injection
PIPE-02200,28,32.0,2.0,2000,615.75,1.2315,Large,Extra Long,8.0,Stainless Steel 316L,0.8,150,Large Extra Long pipe for PU injection
PIPE-02201,29,33.0,2.0,50,660.52,0.033,Large,Short,8.0,Stainless Steel 316L,0.8,150,Large Short pipe for PU injection
PIPE-02202,29,33.0,2.0,60,660.52,0.0396,Large,Short,8.0,Stainless Steel 316L,0.8,150,Large Short pipe for PU injection
PIPE-02203,29,33.0,2.0,70,660.52,0.0462,Large,Short,8.0,Stainless Steel 316L,0.8,150,Large Short pipe for PU injection
PIPE-02204,29,33.0,2.0,80,660.52,0.0528,Large,Short,8.0,Stainless Steel 316L,0.8,150,Large Short pipe for PU injection
PIPE-02205,29,33.0,2.0,90,660.52,0.0594,Large,Short,8.0,Stainless Steel 316L,0.8,150,Large Short pipe for PU injection
PIPE-02206,29,33.0,2.0,100,660.52,0.0661,Large,Short,8.0,Stainless Steel 316L,0.8,150,Large Short pipe for PU injection
PIPE-02207,29,33.0,2.0,110,660.52,0.0727,Large,Short,8.0,Stainless Steel 316L,0.8,150,Large Short pipe for PU injection
PIPE-02208,29,33.0,2.0,120,660.52,0.0793,Large,Short,8.0,Stainless Steel 316L,0.8,150,Large Short pipe for PU injection
PIPE-02209,29,33.0,2.0,130,660.52,0.0859,Large,Short,8.0,Stainless Steel 316L,0.8,150,Large Short pipe for PU injection
PIPE-02210,29,33.0,2.0,140,660.52,0.0925,Large,Short,8.0,Stainless Steel 316L,0.8,150,Large Short pipe for PU injection
PIPE-02211,29,33.0,2.0,150,660.52,0.0991,Large,Short,8.0,Stainless Steel 316L,0.8,150,Large Short pipe for PU injection
PIPE-02212,29,33.0,2.0,160,660.52,0.1057,Large,Short,8.0,Stainless Steel 316L,0.8,150,Large Short pipe for PU injection
PIPE-02213,29,33.0,2.0,170,660.52,0.1123,Large,Short,8.0,Stainless Steel 316L,0.8,150,Large Short pipe for PU injection
PIPE-02214,29,33.0,2.0,180,660.52,0.1189,Large,Short,8.0,Stainless Steel 316L,0.8,150,Large Short pipe for PU injection
PIPE-02215,29,33.0,2.0,190,660.52,0.1255,Large,Short,8.0,Stainless Steel 316L,0.8,150,Large Short pipe for PU injection
PIPE-02216,29,33.0,2.0,200,660.52,0.1321,Large,Medium,8.0,Stainless Steel 316L,0.8,150,Large Medium pipe for PU injection
PIPE-02217,29,33.0,2.0,210,660.52,0.1387,Large,Medium,8.0,Stainless Steel 316L,0.8,150,Large Medium pipe for PU injection
PIPE-02218,29,33.0,2.0,220,660.52,0.1453,Large,Medium,8.0,Stainless Steel 316L,0.8,150,Large Medium pipe for PU injection
PIPE-02219,29,33.0,2.0,230,660.52,0.1519,Large,Medium,8.0,Stainless Steel 316L,0.8,150,Large Medium pipe for PU injection
PIPE-02220,29,33.0,2.0,240,660.52,0.1585,Large,Medium,8.0,Stainless Steel 316L,0.8,150,Large Medium pipe for PU injection
PIPE-02221,29,33.0,2.0,250,660.52,0.1651,Large,Medium,8.0,Stainless Steel 316L,0.8,150,Large Medium pipe for PU injection
PIPE-02222,29,33.0,2.0,260,660.52,0.1717,Large,Medium,8.0,Stainless Steel 316L,0.8,150,Large Medium pipe for PU injection
PIPE-02223,29,33.0,2.0,270,660.52,0.1783,Large,Medium,8.0,Stainless Steel 316L,0.8,150,Large Medium pipe for PU injection
PIPE-02224,29,33.0,2.0,280,660.52,0.1849,Large,Medium,8.0,Stainless Steel 316L,0.8,150,Large Medium pipe for PU injection
PIPE-02225,29,33.0,2.0,290,660.52,0.1916,Large,Medium,8.0,Stainless Steel 316L,0.8,150,Large Medium pipe for PU injection
PIPE-02226,29,33.0,2.0,300,660.52,0.1982,Large,Medium,8.0,Stainless Steel 316L,0.8,150,Large Medium pipe for PU injection
PIPE-02227,29,33.0,2.0,310,660.52,0.2048,Large,Medium,8.0,Stainless Steel 316L,0.8,150,Large Medium pipe for PU injection
PIPE-02228,29,33.0,2.0,320,660.52,0.2114,Large,Medium,8.0,Stainless Steel 316L,0.8,150,Large Medium pipe for PU injection
PIPE-02229,29,33.0,2.0,330,660.52,0.218,Large,Medium,8.0,Stainless Steel 316L,0.8,150,Large Medium pipe for PU injection
PIPE-02230,29,33.0,2.0,340,660.52,0.2246,Large,Medium,8.0,Stainless Steel 316L,0.8,150,Large Medium pipe for PU injection
PIPE-02231,29,33.0,2.0,350,660.52,0.2312,Large,Medium,8.0,Stainless Steel 316L,0.8,150,Large Medium pipe for PU injection
PIPE-02232,29,33.0,2.0,360,660.52,0.2378,Large,Medium,8.0,Stainless Steel 316L,0.8,150,Large Medium pipe for PU injection
PIPE-02233,29,33.0,2.0,370,660.52,0.2444,Large,Medium,8.0,Stainless Steel 316L,0.8,150,Large Medium pipe for PU injection
PIPE-02234,29,33.0,2.0,380,660.52,0.251,Large,Medium,8.0,Stainless Steel 316L,0.8,150,Large Medium pipe for PU injection
PIPE-02235,29,33.0,2.0,390,660.52,0.2576,Large,Medium,8.0,Stainless Steel 316L,0.8,150,Large Medium pipe for PU injection
PIPE-02236,29,33.0,2.0,400,660.52,0.2642,Large,Medium,8.0,Stainless Steel 316L,0.8,150,Large Medium pipe for PU injection
PIPE-02237,29,33.0,2.0,410,660.52,0.2708,Large,Medium,8.0,Stainless Steel 316L,0.8,150,Large Medium pipe for PU injection
PIPE-02238,29,33.0,2.0,420,660.52,0.2774,Large,Medium,8.0,Stainless Steel 316L,0.8,150,Large Medium pipe for PU injection
PIPE-02239,29,33.0,2.0,430,660.52,0.284,Large,Medium,8.0,Stainless Steel 316L,0.8,150,Large Medium pipe for PU injection
PIPE-02240,29,33.0,2.0,440,660.52,0.2906,Large,Medium,8.0,Stainless Steel 316L,0.8,150,Large Medium pipe for PU injection
PIPE-02241,29,33.0,2.0,450,660.52,0.2972,Large,Medium,8.0,Stainless Steel 316L,0.8,150,Large Medium pipe for PU injection
PIPE-02242,29,33.0,2.0,460,660.52,0.3038,Large,Medium,8.0,Stainless Steel 316L,0.8,150,Large Medium pipe for PU injection
PIPE-02243,29,33.0,2.0,470,660.52,0.3104,Large,Medium,8.0,Stainless Steel 316L,0.8,150,Large Medium pipe for PU injection
PIPE-02244,29,33.0,2.0,480,660.52,0.317,Large,Medium,8.0,Stainless Steel 316L,0.8,150,Large Medium pipe for PU injection
PIPE-02245,29,33.0,2.0,490,660.52,0.3237,Large,Medium,8.0,Stainless Steel 316L,0.8,150,Large Medium pipe for PU injection
PIPE-02246,29,33.0,2.0,500,660.52,0.3303,Large,Long,8.0,Stainless Steel 316L,0.8,150,Large Long pipe for PU injection
PIPE-02247,29,33.0,2.0,500,660.52,0.3303,Large,Long,8.0,Stainless Steel 316L,0.8,150,Large Long pipe for PU injection
PIPE-02248,29,33.0,2.0,525,660.52,0.3468,Large,Long,8.0,Stainless Steel 316L,0.8,150,Large Long pipe for PU injection
PIPE-02249,29,33.0,2.0,550,660.52,0.3633,Large,Long,8.0,Stainless Steel 316L,0.8,150,Large Long pipe for PU injection
PIPE-02250,29,33.0,2.0,575,660.52,0.3798,Large,Long,8.0,Stainless Steel 316L,0.8,150,Large Long pipe for PU injection
PIPE-02251,29,33.0,2.0,600,660.52,0.3963,Large,Long,8.0,Stainless Steel 316L,0.8,150,Large Long pipe for PU injection
PIPE-02252,29,33.0,2.0,625,660.52,0.4128,Large,Long,8.0,Stainless Steel 316L,0.8,150,Large Long pipe for PU injection
PIPE-02253,29,33.0,2.0,650,660.52,0.4293,Large,Long,8.0,Stainless Steel 316L,0.8,150,Large Long pipe for PU injection
PIPE-02254,29,33.0,2.0,675,660.52,0.4459,Large,Long,8.0,Stainless Steel 316L,0.8,150,Large Long pipe for PU injection
PIPE-02255,29,33.0,2.0,700,660.52,0.4624,Large,Long,8.0,Stainless Steel 316L,0.8,150,Large Long pipe for PU injection
PIPE-02256,29,33.0,2.0,725,660.52,0.4789,Large,Long,8.0,Stainless Steel 316L,0.8,150,Large Long pipe for PU injection
PIPE-02257,29,33.0,2.0,750,660.52,0.4954,Large,Long,8.0,Stainless Steel 316L,0.8,150,Large Long pipe for PU injection
PIPE-02258,29,33.0,2.0,775,660.52,0.5119,Large,Long,8.0,Stainless Steel 316L,0.8,150,Large Long pipe for PU injection
PIPE-02259,29,33.0,2.0,800,660.52,0.5284,Large,Long,8.0,Stainless Steel 316L,0.8,150,Large Long pipe for PU injection
PIPE-02260,29,33.0,2.0,825,660.52,0.5449,Large,Long,8.0,Stainless Steel 316L,0.8,150,Large Long pipe for PU injection
PIPE-02261,29,33.0,2.0,850,660.52,0.5614,Large,Long,8.0,Stainless Steel 316L,0.8,150,Large Long pipe for PU injection
PIPE-02262,29,33.0,2.0,875,660.52,0.578,Large,Long,8.0,Stainless Steel 316L,0.8,150,Large Long pipe for PU injection
PIPE-02263,29,33.0,2.0,900,660.52,0.5945,Large,Long,8.0,Stainless Steel 316L,0.8,150,Large Long pipe for PU injection
PIPE-02264,29,33.0,2.0,925,660.52,0.611,Large,Long,8.0,Stainless Steel 316L,0.8,150,Large Long pipe for PU injection
PIPE-02265,29,33.0,2.0,950,660.52,0.6275,Large,Long,8.0,Stainless Steel 316L,0.8,150,Large Long pipe for PU injection
PIPE-02266,29,33.0,2.0,975,660.52,0.644,Large,Long,8.0,Stainless Steel 316L,0.8,150,Large Long pipe for PU injection
PIPE-02267,29,33.0,2.0,1000,660.52,0.6605,Large,Extra Long,8.0,Stainless Steel 316L,0.8,150,Large Extra Long pipe for PU injection
PIPE-02268,29,33.0,2.0,1000,660.52,0.6605,Large,Extra Long,8.0,Stainless Steel 316L,0.8,150,Large Extra Long pipe for PU injection
PIPE-02269,29,33.0,2.0,1050,660.52,0.6935,Large,Extra Long,8.0,Stainless Steel 316L,0.8,150,Large Extra Long pipe for PU injection
PIPE-02270,29,33.0,2.0,1100,660.52,0.7266,Large,Extra Long,8.0,Stainless Steel 316L,0.8,150,Large Extra Long pipe for PU injection
PIPE-02271,29,33.0,2.0,1150,660.52,0.7596,Large,Extra Long,8.0,Stainless Steel 316L,0.8,150,Large Extra Long pipe for PU injection
PIPE-02272,29,33.0,2.0,1200,660.52,0.7926,Large,Extra Long,8.0,Stainless Steel 316L,0.8,150,Large Extra Long pipe for PU injection
PIPE-02273,29,33.0,2.0,1250,660.52,0.8256,Large,Extra Long,8.0,Stainless Steel 316L,0.8,150,Large Extra Long pipe for PU injection
PIPE-02274,29,33.0,2.0,1300,660.52,0.8587,Large,Extra Long,8.0,Stainless Steel 316L,0.8,150,Large Extra Long pipe for PU injection
PIPE-02275,29,33.0,2.0,1350,660.52,0.8917,Large,Extra Long,8.0,Stainless Steel 316L,0.8,150,Large Extra Long pipe for PU injection
PIPE-02276,29,33.0,2.0,1400,660.52,0.9247,Large,Extra Long,8.0,Stainless Steel 316L,0.8,150,Large Extra Long pipe for PU injection
PIPE-02277,29,33.0,2.0,1450,660.52,0.9578,Large,Extra Long,8.0,Stainless Steel 316L,0.8,150,Large Extra Long pipe for PU injection
PIPE-02278,29,33.0,2.0,1500,660.52,0.9908,Large,Extra Long,8.0,Stainless Steel 316L,0.8,150,Large Extra Long pipe for PU injection
PIPE-02279,29,33.0,2.0,1550,660.52,1.0238,Large,Extra Long,8.0,Stainless Steel 316L,0.8,150,Large Extra Long pipe for PU injection
PIPE-02280,29,33.0,2.0,1600,660.52,1.0568,Large,Extra Long,8.0,Stainless Steel 316L,0.8,150,Large Extra Long pipe for PU injection
PIPE-02281,29,33.0,2.0,1650,660.52,1.0899,Large,Extra Long,8.0,Stainless Steel 316L,0.8,150,Large Extra Long pipe for PU injection
PIPE-02282,29,33.0,2.0,1700,660.52,1.1229,Large,Extra Long,8.0,Stainless Steel 316L,0.8,150,Large Extra Long pipe for PU injection
PIPE-02283,29,33.0,2.0,1750,660.52,1.1559,Large,Extra Long,8.0,Stainless Steel 316L,0.8,150,Large Extra Long pipe for PU injection
PIPE-02284,29,33.0,2.0,1800,660.52,1.1889,Large,Extra Long,8.0,Stainless Steel 316L,0.8,150,Large Extra Long pipe for PU injection
PIPE-02285,29,33.0,2.0,1850,660.52,1.222,Large,Extra Long,8.0,Stainless Steel 316L,0.8,150,Large Extra Long pipe for PU injection
PIPE-02286,29,33.0,2.0,1900,660.52,1.255,Large,Extra Long,8.0,Stainless Steel 316L,0.8,150,Large Extra Long pipe for PU injection
PIPE-02287,29,33.0,2.0,1950,660.52,1.288,Large,Extra Long,8.0,Stainless Steel 316L,0.8,150,Large Extra Long pipe for PU injection
PIPE-02288,29,33.0,2.0,2000,660.52,1.321,Large,Extra Long,8.0,Stainless Steel 316L,0.8,150,Large Extra Long pipe for PU injection
PIPE-02289,30,34.0,2.0,50,706.86,0.0353,Large,Short,8.0,Stainless Steel 316L,0.8,150,Large Short pipe for PU injection
PIPE-02290,30,34.0,2.0,60,706.86,0.0424,Large,Short,8.0,Stainless Steel 316L,0.8,150,Large Short pipe for PU injection
PIPE-02291,30,34.0,2.0,70,706.86,0.0495,Large,Short,8.0,Stainless Steel 316L,0.8,150,Large Short pipe for PU injection
PIPE-02292,30,34.0,2.0,80,706.86,0.0565,Large,Short,8.0,Stainless Steel 316L,0.8,150,Large Short pipe for PU injection
PIPE-02293,30,34.0,2.0,90,706.86,0.0636,Large,Short,8.0,Stainless Steel 316L,0.8,150,Large Short pipe for PU injection
PIPE-02294,30,34.0,2.0,100,706.86,0.0707,Large,Short,8.0,Stainless Steel 316L,0.8,150,Large Short pipe for PU injection
PIPE-02295,30,34.0,2.0,110,706.86,0.0778,Large,Short,8.0,Stainless Steel 316L,0.8,150,Large Short pipe for PU injection
PIPE-02296,30,34.0,2.0,120,706.86,0.0848,Large,Short,8.0,Stainless Steel 316L,0.8,150,Large Short pipe for PU injection
PIPE-02297,30,34.0,2.0,130,706.86,0.0919,Large,Short,8.0,Stainless Steel 316L,0.8,150,Large Short pipe for PU injection
PIPE-02298,30,34.0,2.0,140,706.86,0.099,Large,Short,8.0,Stainless Steel 316L,0.8,150,Large Short pipe for PU injection
PIPE-02299,30,34.0,2.0,150,706.86,0.106,Large,Short,8.0,Stainless Steel 316L,0.8,150,Large Short pipe for PU injection
PIPE-02300,30,34.0,2.0,160,706.86,0.1131,Large,Short,8.0,Stainless Steel 316L,0.8,150,Large Short pipe for PU injection
PIPE-02301,30,34.0,2.0,170,706.86,0.1202,Large,Short,8.0,Stainless Steel 316L,0.8,150,Large Short pipe for PU injection
PIPE-02302,30,34.0,2.0,180,706.86,0.1272,Large,Short,8.0,Stainless Steel 316L,0.8,150,Large Short pipe for PU injection
PIPE-02303,30,34.0,2.0,190,706.86,0.1343,Large,Short,8.0,Stainless Steel 316L,0.8,150,Large Short pipe for PU injection
PIPE-02304,30,34.0,2.0,200,706.86,0.1414,Large,Medium,8.0,Stainless Steel 316L,0.8,150,Large Medium pipe for PU injection
PIPE-02305,30,34.0,2.0,210,706.86,0.1484,Large,Medium,8.0,Stainless Steel 316L,0.8,150,Large Medium pipe for PU injection
PIPE-02306,30,34.0,2.0,220,706.86,0.1555,Large,Medium,8.0,Stainless Steel 316L,0.8,150,Large Medium pipe for PU injection
PIPE-02307,30,34.0,2.0,230,706.86,0.1626,Large,Medium,8.0,Stainless Steel 316L,0.8,150,Large Medium pipe for PU injection
PIPE-02308,30,34.0,2.0,240,706.86,0.1696,Large,Medium,8.0,Stainless Steel 316L,0.8,150,Large Medium pipe for PU injection
PIPE-02309,30,34.0,2.0,250,706.86,0.1767,Large,Medium,8.0,Stainless Steel 316L,0.8,150,Large Medium pipe for PU injection
PIPE-02310,30,34.0,2.0,260,706.86,0.1838,Large,Medium,8.0,Stainless Steel 316L,0.8,150,Large Medium pipe for PU injection
PIPE-02311,30,34.0,2.0,270,706.86,0.1909,Large,Medium,8.0,Stainless Steel 316L,0.8,150,Large Medium pipe for PU injection
PIPE-02312,30,34.0,2.0,280,706.86,0.1979,Large,Medium,8.0,Stainless Steel 316L,0.8,150,Large Medium pipe for PU injection
PIPE-02313,30,34.0,2.0,290,706.86,0.205,Large,Medium,8.0,Stainless Steel 316L,0.8,150,Large Medium pipe for PU injection
PIPE-02314,30,34.0,2.0,300,706.86,0.2121,Large,Medium,8.0,Stainless Steel 316L,0.8,150,Large Medium pipe for PU injection
PIPE-02315,30,34.0,2.0,310,706.86,0.2191,Large,Medium,8.0,Stainless Steel 316L,0.8,150,Large Medium pipe for PU injection
PIPE-02316,30,34.0,2.0,320,706.86,0.2262,Large,Medium,8.0,Stainless Steel 316L,0.8,150,Large Medium pipe for PU injection
PIPE-02317,30,34.0,2.0,330,706.86,0.2333,Large,Medium,8.0,Stainless Steel 316L,0.8,150,Large Medium pipe for PU injection
PIPE-02318,30,34.0,2.0,340,706.86,0.2403,Large,Medium,8.0,Stainless Steel 316L,0.8,150,Large Medium pipe for PU injection
PIPE-02319,30,34.0,2.0,350,706.86,0.2474,Large,Medium,8.0,Stainless Steel 316L,0.8,150,Large Medium pipe for PU injection
PIPE-02320,30,34.0,2.0,360,706.86,0.2545,Large,Medium,8.0,Stainless Steel 316L,0.8,150,Large Medium pipe for PU injection
PIPE-02321,30,34.0,2.0,370,706.86,0.2615,Large,Medium,8.0,Stainless Steel 316L,0.8,150,Large Medium pipe for PU injection
PIPE-02322,30,34.0,2.0,380,706.86,0.2686,Large,Medium,8.0,Stainless Steel 316L,0.8,150,Large Medium pipe for PU injection
PIPE-02323,30,34.0,2.0,390,706.86,0.2757,Large,Medium,8.0,Stainless Steel 316L,0.8,150,Large Medium pipe for PU injection
PIPE-02324,30,34.0,2.0,400,706.86,0.2827,Large,Medium,8.0,Stainless Steel 316L,0.8,150,Large Medium pipe for PU injection
PIPE-02325,30,34.0,2.0,410,706.86,0.2898,Large,Medium,8.0,Stainless Steel 316L,0.8,150,Large Medium pipe for PU injection
PIPE-02326,30,34.0,2.0,420,706.86,0.2969,Large,Medium,8.0,Stainless Steel 316L,0.8,150,Large Medium pipe for PU injection
PIPE-02327,30,34.0,2.0,430,706.86,0.3039,Large,Medium,8.0,Stainless Steel 316L,0.8,150,Large Medium pipe for PU injection
PIPE-02328,30,34.0,2.0,440,706.86,0.311,Large,Medium,8.0,Stainless Steel 316L,0.8,150,Large Medium pipe for PU injection
PIPE-02329,30,34.0,2.0,450,706.86,0.3181,Large,Medium,8.0,Stainless Steel 316L,0.8,150,Large Medium pipe for PU injection
PIPE-02330,30,34.0,2.0,460,706.86,0.3252,Large,Medium,8.0,Stainless Steel 316L,0.8,150,Large Medium pipe for PU injection
PIPE-02331,30,34.0,2.0,470,706.86,0.3322,Large,Medium,8.0,Stainless Steel 316L,0.8,150,Large Medium pipe for PU injection
PIPE-02332,30,34.0,2.0,480,706.86,0.3393,Large,Medium,8.0,Stainless Steel 316L,0.8,150,Large Medium pipe for PU injection
PIPE-02333,30,34.0,2.0,490,706.86,0.3464,Large,Medium,8.0,Stainless Steel 316L,0.8,150,Large Medium pipe for PU injection
PIPE-02334,30,34.0,2.0,500,706.86,0.3534,Large,Long,8.0,Stainless Steel 316L,0.8,150,Large Long pipe for PU injection
PIPE-02335,30,34.0,2.0,500,706.86,0.3534,Large,Long,8.0,Stainless Steel 316L,0.8,150,Large Long pipe for PU injection
PIPE-02336,30,34.0,2.0,525,706.86,0.3711,Large,Long,8.0,Stainless Steel 316L,0.8,150,Large Long pipe for PU injection
PIPE-02337,30,34.0,2.0,550,706.86,0.3888,Large,Long,8.0,Stainless Steel 316L,0.8,150,Large Long pipe for PU injection
PIPE-02338,30,34.0,2.0,575,706.86,0.4064,Large,Long,8.0,Stainless Steel 316L,0.8,150,Large Long pipe for PU injection
PIPE-02339,30,34.0,2.0,600,706.86,0.4241,Large,Long,8.0,Stainless Steel 316L,0.8,150,Large Long pipe for PU injection
PIPE-02340,30,34.0,2.0,625,706.86,0.4418,Large,Long,8.0,Stainless Steel 316L,0.8,150,Large Long pipe for PU injection
PIPE-02341,30,34.0,2.0,650,706.86,0.4595,Large,Long,8.0,Stainless Steel 316L,0.8,150,Large Long pipe for PU injection
PIPE-02342,30,34.0,2.0,675,706.86,0.4771,Large,Long,8.0,Stainless Steel 316L,0.8,150,Large Long pipe for PU injection
PIPE-02343,30,34.0,2.0,700,706.86,0.4948,Large,Long,8.0,Stainless Steel 316L,0.8,150,Large Long pipe for PU injection
PIPE-02344,30,34.0,2.0,725,706.86,0.5125,Large,Long,8.0,Stainless Steel 316L,0.8,150,Large Long pipe for PU injection
PIPE-02345,30,34.0,2.0,750,706.86,0.5301,Large,Long,8.0,Stainless Steel 316L,0.8,150,Large Long pipe for PU injection
PIPE-02346,30,34.0,2.0,775,706.86,0.5478,Large,Long,8.0,Stainless Steel 316L,0.8,150,Large Long pipe for PU injection
PIPE-02347,30,34.0,2.0,800,706.86,0.5655,Large,Long,8.0,Stainless Steel 316L,0.8,150,Large Long pipe for PU injection
PIPE-02348,30,34.0,2.0,825,706.86,0.5832,Large,Long,8.0,Stainless Steel 316L,0.8,150,Large Long pipe for PU injection
PIPE-02349,30,34.0,2.0,850,706.86,0.6008,Large,Long,8.0,Stainless Steel 316L,0.8,150,Large Long pipe for PU injection
PIPE-02350,30,34.0,2.0,875,706.86,0.6185,Large,Long,8.0,Stainless Steel 316L,0.8,150,Large Long pipe for PU injection
PIPE-02351,30,34.0,2.0,900,706.86,0.6362,Large,Long,8.0,Stainless Steel 316L,0.8,150,Large Long pipe for PU injection
PIPE-02352,30,34.0,2.0,925,706.86,0.6538,Large,Long,8.0,Stainless Steel 316L,0.8,150,Large Long pipe for PU injection
PIPE-02353,30,34.0,2.0,950,706.86,0.6715,Large,Long,8.0,Stainless Steel 316L,0.8,150,Large Long pipe for PU injection
PIPE-02354,30,34.0,2.0,975,706.86,0.6892,Large,Long,8.0,Stainless Steel 316L,0.8,150,Large Long pipe for PU injection
PIPE-02355,30,34.0,2.0,1000,706.86,0.7069,Large,Extra Long,8.0,Stainless Steel 316L,0.8,150,Large Extra Long pipe for PU injection
PIPE-02356,30,34.0,2.0,1000,706.86,0.7069,Large,Extra Long,8.0,Stainless Steel 316L,0.8,150,Large Extra Long pipe for PU injection
PIPE-02357,30,34.0,2.0,1050,706.86,0.7422,Large,Extra Long,8.0,Stainless Steel 316L,0.8,150,Large Extra Long pipe for PU injection
PIPE-02358,30,34.0,2.0,1100,706.86,0.7775,Large,Extra Long,8.0,Stainless Steel 316L,0.8,150,Large Extra Long pipe for PU injection
PIPE-02359,30,34.0,2.0,1150,706.86,0.8129,Large,Extra Long,8.0,Stainless Steel 316L,0.8,150,Large Extra Long pipe for PU injection
PIPE-02360,30,34.0,2.0,1200,706.86,0.8482,Large,Extra Long,8.0,Stainless Steel 316L,0.8,150,Large Extra Long pipe for PU injection
PIPE-02361,30,34.0,2.0,1250,706.86,0.8836,Large,Extra Long,8.0,Stainless Steel 316L,0.8,150,Large Extra Long pipe for PU injection
PIPE-02362,30,34.0,2.0,1300,706.86,0.9189,Large,Extra Long,8.0,Stainless Steel 316L,0.8,150,Large Extra Long pipe for PU injection
PIPE-02363,30,34.0,2.0,1350,706.86,0.9543,Large,Extra Long,8.0,Stainless Steel 316L,0.8,150,Large Extra Long pipe for PU injection
PIPE-02364,30,34.0,2.0,1400,706.86,0.9896,Large,Extra Long,8.0,Stainless Steel 316L,0.8,150,Large Extra Long pipe for PU injection
PIPE-02365,30,34.0,2.0,1450,706.86,1.0249,Large,Extra Long,8.0,Stainless Steel 316L,0.8,150,Large Extra Long pipe for PU injection
PIPE-02366,30,34.0,2.0,1500,706.86,1.0603,Large,Extra Long,8.0,Stainless Steel 316L,0.8,150,Large Extra Long pipe for PU injection
PIPE-02367,30,34.0,2.0,1550,706.86,1.0956,Large,Extra Long,8.0,Stainless Steel 316L,0.8,150,Large Extra Long pipe for PU injection
PIPE-02368,30,34.0,2.0,1600,706.86,1.131,Large,Extra Long,8.0,Stainless Steel 316L,0.8,150,Large Extra Long pipe for PU injection
PIPE-02369,30,34.0,2.0,1650,706.86,1.1663,Large,Extra Long,8.0,Stainless Steel 316L,0.8,150,Large Extra Long pipe for PU injection
PIPE-02370,30,34.0,2.0,1700,706.86,1.2017,Large,Extra Long,8.0,Stainless Steel 316L,0.8,150,Large Extra Long pipe for PU injection
PIPE-02371,30,34.0,2.0,1750,706.86,1.237,Large,Extra Long,8.0,Stainless Steel 316L,0.8,150,Large Extra Long pipe for PU injection
PIPE-02372,30,34.0,2.0,1800,706.86,1.2723,Large,Extra Long,8.0,Stainless Steel 316L,0.8,150,Large Extra Long pipe for PU injection
PIPE-02373,30,34.0,2.0,1850,706.86,1.3077,Large,Extra Long,8.0,Stainless Steel 316L,0.8,150,Large Extra Long pipe for PU injection
PIPE-02374,30,34.0,2.0,1900,706.86,1.343,Large,Extra Long,8.0,Stainless Steel 316L,0.8,150,Large Extra Long pipe for PU injection
PIPE-02375,30,34.0,2.0,1950,706.86,1.3784,Large,Extra Long,8.0,Stainless Steel 316L,0.8,150,Large Extra Long pipe for PU injection
PIPE-02376,30,34.0,2.0,2000,706.86,1.4137,Large,Extra Long,8.0,Stainless Steel 316L,0.8,150,Large Extra Long pipe for PU injection
PIPE-02377,31,36.0,2.5,50,754.77,0.0377,Large,Short,8.0,Stainless Steel 316L,0.8,150,Large Short pipe for PU injection
PIPE-02378,31,36.0,2.5,60,754.77,0.0453,Large,Short,8.0,Stainless Steel 316L,0.8,150,Large Short pipe for PU injection
PIPE-02379,31,36.0,2.5,70,754.77,0.0528,Large,Short,8.0,Stainless Steel 316L,0.8,150,Large Short pipe for PU injection
PIPE-02380,31,36.0,2.5,80,754.77,0.0604,Large,Short,8.0,Stainless Steel 316L,0.8,150,Large Short pipe for PU injection
PIPE-02381,31,36.0,2.5,90,754.77,0.0679,Large,Short,8.0,Stainless Steel 316L,0.8,150,Large Short pipe for PU injection
PIPE-02382,31,36.0,2.5,100,754.77,0.0755,Large,Short,8.0,Stainless Steel 316L,0.8,150,Large Short pipe for PU injection
PIPE-02383,31,36.0,2.5,110,754.77,0.083,Large,Short,8.0,Stainless Steel 316L,0.8,150,Large Short pipe for PU injection
PIPE-02384,31,36.0,2.5,120,754.77,0.0906,Large,Short,8.0,Stainless Steel 316L,0.8,150,Large Short pipe for PU injection
PIPE-02385,31,36.0,2.5,130,754.77,0.0981,Large,Short,8.0,Stainless Steel 316L,0.8,150,Large Short pipe for PU injection
PIPE-02386,31,36.0,2.5,140,754.77,0.1057,Large,Short,8.0,Stainless Steel 316L,0.8,150,Large Short pipe for PU injection
PIPE-02387,31,36.0,2.5,150,754.77,0.1132,Large,Short,8.0,Stainless Steel 316L,0.8,150,Large Short pipe for PU injection
PIPE-02388,31,36.0,2.5,160,754.77,0.1208,Large,Short,8.0,Stainless Steel 316L,0.8,150,Large Short pipe for PU injection
PIPE-02389,31,36.0,2.5,170,754.77,0.1283,Large,Short,8.0,Stainless Steel 316L,0.8,150,Large Short pipe for PU injection
PIPE-02390,31,36.0,2.5,180,754.77,0.1359,Large,Short,8.0,Stainless Steel 316L,0.8,150,Large Short pipe for PU injection
PIPE-02391,31,36.0,2.5,190,754.77,0.1434,Large,Short,8.0,Stainless Steel 316L,0.8,150,Large Short pipe for PU injection
PIPE-02392,31,36.0,2.5,200,754.77,0.151,Large,Medium,8.0,Stainless Steel 316L,0.8,150,Large Medium pipe for PU injection
PIPE-02393,31,36.0,2.5,210,754.77,0.1585,Large,Medium,8.0,Stainless Steel 316L,0.8,150,Large Medium pipe for PU injection
PIPE-02394,31,36.0,2.5,220,754.77,0.166,Large,Medium,8.0,Stainless Steel 316L,0.8,150,Large Medium pipe for PU injection
PIPE-02395,31,36.0,2.5,230,754.77,0.1736,Large,Medium,8.0,Stainless Steel 316L,0.8,150,Large Medium pipe for PU injection
PIPE-02396,31,36.0,2.5,240,754.77,0.1811,Large,Medium,8.0,Stainless Steel 316L,0.8,150,Large Medium pipe for PU injection
PIPE-02397,31,36.0,2.5,250,754.77,0.1887,Large,Medium,8.0,Stainless Steel 316L,0.8,150,Large Medium pipe for PU injection
PIPE-02398,31,36.0,2.5,260,754.77,0.1962,Large,Medium,8.0,Stainless Steel 316L,0.8,150,Large Medium pipe for PU injection
PIPE-02399,31,36.0,2.5,270,754.77,0.2038,Large,Medium,8.0,Stainless Steel 316L,0.8,150,Large Medium pipe for PU injection
PIPE-02400,31,36.0,2.5,280,754.77,0.2113,Large,Medium,8.0,Stainless Steel 316L,0.8,150,Large Medium pipe for PU injection
PIPE-02401,31,36.0,2.5,290,754.77,0.2189,Large,Medium,8.0,Stainless Steel 316L,0.8,150,Large Medium pipe for PU injection
PIPE-02402,31,36.0,2.5,300,754.77,0.2264,Large,Medium,8.0,Stainless Steel 316L,0.8,150,Large Medium pipe for PU injection
PIPE-02403,31,36.0,2.5,310,754.77,0.234,Large,Medium,8.0,Stainless Steel 316L,0.8,150,Large Medium pipe for PU injection
PIPE-02404,31,36.0,2.5,320,754.77,0.2415,Large,Medium,8.0,Stainless Steel 316L,0.8,150,Large Medium pipe for PU injection
PIPE-02405,31,36.0,2.5,330,754.77,0.2491,Large,Medium,8.0,Stainless Steel 316L,0.8,150,Large Medium pipe for PU injection
PIPE-02406,31,36.0,2.5,340,754.77,0.2566,Large,Medium,8.0,Stainless Steel 316L,0.8,150,Large Medium pipe for PU injection
PIPE-02407,31,36.0,2.5,350,754.77,0.2642,Large,Medium,8.0,Stainless Steel 316L,0.8,150,Large Medium pipe for PU injection
PIPE-02408,31,36.0,2.5,360,754.77,0.2717,Large,Medium,8.0,Stainless Steel 316L,0.8,150,Large Medium pipe for PU injection
PIPE-02409,31,36.0,2.5,370,754.77,0.2793,Large,Medium,8.0,Stainless Steel 316L,0.8,150,Large Medium pipe for PU injection
PIPE-02410,31,36.0,2.5,380,754.77,0.2868,Large,Medium,8.0,Stainless Steel 316L,0.8,150,Large Medium pipe for PU injection
PIPE-02411,31,36.0,2.5,390,754.77,0.2944,Large,Medium,8.0,Stainless Steel 316L,0.8,150,Large Medium pipe for PU injection
PIPE-02412,31,36.0,2.5,400,754.77,0.3019,Large,Medium,8.0,Stainless Steel 316L,0.8,150,Large Medium pipe for PU injection
PIPE-02413,31,36.0,2.5,410,754.77,0.3095,Large,Medium,8.0,Stainless Steel 316L,0.8,150,Large Medium pipe for PU injection
PIPE-02414,31,36.0,2.5,420,754.77,0.317,Large,Medium,8.0,Stainless Steel 316L,0.8,150,Large Medium pipe for PU injection
PIPE-02415,31,36.0,2.5,430,754.77,0.3246,Large,Medium,8.0,Stainless Steel 316L,0.8,150,Large Medium pipe for PU injection
PIPE-02416,31,36.0,2.5,440,754.77,0.3321,Large,Medium,8.0,Stainless Steel 316L,0.8,150,Large Medium pipe for PU injection
PIPE-02417,31,36.0,2.5,450,754.77,0.3396,Large,Medium,8.0,Stainless Steel 316L,0.8,150,Large Medium pipe for PU injection
PIPE-02418,31,36.0,2.5,460,754.77,0.3472,Large,Medium,8.0,Stainless Steel 316L,0.8,150,Large Medium pipe for PU injection
PIPE-02419,31,36.0,2.5,470,754.77,0.3547,Large,Medium,8.0,Stainless Steel 316L,0.8,150,Large Medium pipe for PU injection
PIPE-02420,31,36.0,2.5,480,754.77,0.3623,Large,Medium,8.0,Stainless Steel 316L,0.8,150,Large Medium pipe for PU injection
PIPE-02421,31,36.0,2.5,490,754.77,0.3698,Large,Medium,8.0,Stainless Steel 316L,0.8,150,Large Medium pipe for PU injection
PIPE-02422,31,36.0,2.5,500,754.77,0.3774,Large,Long,8.0,Stainless Steel 316L,0.8,150,Large Long pipe for PU injection
PIPE-02423,31,36.0,2.5,500,754.77,0.3774,Large,Long,8.0,Stainless Steel 316L,0.8,150,Large Long pipe for PU injection
PIPE-02424,31,36.0,2.5,525,754.77,0.3963,Large,Long,8.0,Stainless Steel 316L,0.8,150,Large Long pipe for PU injection
PIPE-02425,31,36.0,2.5,550,754.77,0.4151,Large,Long,8.0,Stainless Steel 316L,0.8,150,Large Long pipe for PU injection
PIPE-02426,31,36.0,2.5,575,754.77,0.434,Large,Long,8.0,Stainless Steel 316L,0.8,150,Large Long pipe for PU injection
PIPE-02427,31,36.0,2.5,600,754.77,0.4529,Large,Long,8.0,Stainless Steel 316L,0.8,150,Large Long pipe for PU injection
PIPE-02428,31,36.0,2.5,625,754.77,0.4717,Large,Long,8.0,Stainless Steel 316L,0.8,150,Large Long pipe for PU injection
PIPE-02429,31,36.0,2.5,650,754.77,0.4906,Large,Long,8.0,Stainless Steel 316L,0.8,150,Large Long pipe for PU injection
PIPE-02430,31,36.0,2.5,675,754.77,0.5095,Large,Long,8.0,Stainless Steel 316L,0.8,150,Large Long pipe for PU injection
PIPE-02431,31,36.0,2.5,700,754.77,0.5283,Large,Long,8.0,Stainless Steel 316L,0.8,150,Large Long pipe for PU injection
PIPE-02432,31,36.0,2.5,725,754.77,0.5472,Large,Long,8.0,Stainless Steel 316L,0.8,150,Large Long pipe for PU injection
PIPE-02433,31,36.0,2.5,750,754.77,0.5661,Large,Long,8.0,Stainless Steel 316L,0.8,150,Large Long pipe for PU injection
PIPE-02434,31,36.0,2.5,775,754.77,0.5849,Large,Long,8.0,Stainless Steel 316L,0.8,150,Large Long pipe for PU injection
PIPE-02435,31,36.0,2.5,800,754.77,0.6038,Large,Long,8.0,Stainless Steel 316L,0.8,150,Large Long pipe for PU injection
PIPE-02436,31,36.0,2.5,825,754.77,0.6227,Large,Long,8.0,Stainless Steel 316L,0.8,150,Large Long pipe for PU injection
PIPE-02437,31,36.0,2.5,850,754.77,0.6416,Large,Long,8.0,Stainless Steel 316L,0.8,150,Large Long pipe for PU injection
PIPE-02438,31,36.0,2.5,875,754.77,0.6604,Large,Long,8.0,Stainless Steel 316L,0.8,150,Large Long pipe for PU injection
PIPE-02439,31,36.0,2.5,900,754.77,0.6793,Large,Long,8.0,Stainless Steel 316L,0.8,150,Large Long pipe for PU injection
PIPE-02440,31,36.0,2.5,925,754.77,0.6982,Large,Long,8.0,Stainless Steel 316L,0.8,150,Large Long pipe for PU injection
PIPE-02441,31,36.0,2.5,950,754.77,0.717,Large,Long,8.0,Stainless Steel 316L,0.8,150,Large Long pipe for PU injection
PIPE-02442,31,36.0,2.5,975,754.77,0.7359,Large,Long,8.0,Stainless Steel 316L,0.8,150,Large Long pipe for PU injection
PIPE-02443,31,36.0,2.5,1000,754.77,0.7548,Large,Extra Long,8.0,Stainless Steel 316L,0.8,150,Large Extra Long pipe for PU injection
PIPE-02444,31,36.0,2.5,1000,754.77,0.7548,Large,Extra Long,8.0,Stainless Steel 316L,0.8,150,Large Extra Long pipe for PU injection
PIPE-02445,31,36.0,2.5,1050,754.77,0.7925,Large,Extra Long,8.0,Stainless Steel 316L,0.8,150,Large Extra Long pipe for PU injection
PIPE-02446,31,36.0,2.5,1100,754.77,0.8302,Large,Extra Long,8.0,Stainless Steel 316L,0.8,150,Large Extra Long pipe for PU injection
PIPE-02447,31,36.0,2.5,1150,754.77,0.868,Large,Extra Long,8.0,Stainless Steel 316L,0.8,150,Large Extra Long pipe for PU injection
PIPE-02448,31,36.0,2.5,1200,754.77,0.9057,Large,Extra Long,8.0,Stainless Steel 316L,0.8,150,Large Extra Long pipe for PU injection
PIPE-02449,31,36.0,2.5,1250,754.77,0.9435,Large,Extra Long,8.0,Stainless Steel 316L,0.8,150,Large Extra Long pipe for PU injection
PIPE-02450,31,36.0,2.5,1300,754.77,0.9812,Large,Extra Long,8.0,Stainless Steel 316L,0.8,150,Large Extra Long pipe for PU injection
PIPE-02451,31,36.0,2.5,1350,754.77,1.0189,Large,Extra Long,8.0,Stainless Steel 316L,0.8,150,Large Extra Long pipe for PU injection
PIPE-02452,31,36.0,2.5,1400,754.77,1.0567,Large,Extra Long,8.0,Stainless Steel 316L,0.8,150,Large Extra Long pipe for PU injection
PIPE-02453,31,36.0,2.5,1450,754.77,1.0944,Large,Extra Long,8.0,Stainless Steel 316L,0.8,150,Large Extra Long pipe for PU injection
PIPE-02454,31,36.0,2.5,1500,754.77,1.1322,Large,Extra Long,8.0,Stainless Steel 316L,0.8,150,Large Extra Long pipe for PU injection
PIPE-02455,31,36.0,2.5,1550,754.77,1.1699,Large,Extra Long,8.0,Stainless Steel 316L,0.8,150,Large Extra Long pipe for PU injection
PIPE-02456,31,36.0,2.5,1600,754.77,1.2076,Large,Extra Long,8.0,Stainless Steel 316L,0.8,150,Large Extra Long pipe for PU injection
PIPE-02457,31,36.0,2.5,1650,754.77,1.2454,Large,Extra Long,8.0,Stainless Steel 316L,0.8,150,Large Extra Long pipe for PU injection
PIPE-02458,31,36.0,2.5,1700,754.77,1.2831,Large,Extra Long,8.0,Stainless Steel 316L,0.8,150,Large Extra Long pipe for PU injection
PIPE-02459,31,36.0,2.5,1750,754.77,1.3208,Large,Extra Long,8.0,Stainless Steel 316L,0.8,150,Large Extra Long pipe for PU injection
PIPE-02460,31,36.0,2.5,1800,754.77,1.3586,Large,Extra Long,8.0,Stainless Steel 316L,0.8,150,Large Extra Long pipe for PU injection
PIPE-02461,31,36.0,2.5,1850,754.77,1.3963,Large,Extra Long,8.0,Stainless Steel 316L,0.8,150,Large Extra Long pipe for PU injection
PIPE-02462,31,36.0,2.5,1900,754.77,1.4341,Large,Extra Long,8.0,Stainless Steel 316L,0.8,150,Large Extra Long pipe for PU injection
PIPE-02463,31,36.0,2.5,1950,754.77,1.4718,Large,Extra Long,8.0,Stainless Steel 316L,0.8,150,Large Extra Long pipe for PU injection
PIPE-02464,31,36.0,2.5,2000,754.77,1.5095,Large,Extra Long,8.0,Stainless Steel 316L,0.8,150,Large Extra Long pipe for PU injection
PIPE-02465,32,37.0,2.5,50,804.25,0.0402,Large,Short,8.0,Stainless Steel 316L,0.8,150,Large Short pipe for PU injection
PIPE-02466,32,37.0,2.5,60,804.25,0.0483,Large,Short,8.0,Stainless Steel 316L,0.8,150,Large Short pipe for PU injection
PIPE-02467,32,37.0,2.5,70,804.25,0.0563,Large,Short,8.0,Stainless Steel 316L,0.8,150,Large Short pipe for PU injection
PIPE-02468,32,37.0,2.5,80,804.25,0.0643,Large,Short,8.0,Stainless Steel 316L,0.8,150,Large Short pipe for PU injection
PIPE-02469,32,37.0,2.5,90,804.25,0.0724,Large,Short,8.0,Stainless Steel 316L,0.8,150,Large Short pipe for PU injection
PIPE-02470,32,37.0,2.5,100,804.25,0.0804,Large,Short,8.0,Stainless Steel 316L,0.8,150,Large Short pipe for PU injection
PIPE-02471,32,37.0,2.5,110,804.25,0.0885,Large,Short,8.0,Stainless Steel 316L,0.8,150,Large Short pipe for PU injection
PIPE-02472,32,37.0,2.5,120,804.25,0.0965,Large,Short,8.0,Stainless Steel 316L,0.8,150,Large Short pipe for PU injection
PIPE-02473,32,37.0,2.5,130,804.25,0.1046,Large,Short,8.0,Stainless Steel 316L,0.8,150,Large Short pipe for PU injection
PIPE-02474,32,37.0,2.5,140,804.25,0.1126,Large,Short,8.0,Stainless Steel 316L,0.8,150,Large Short pipe for PU injection
PIPE-02475,32,37.0,2.5,150,804.25,0.1206,Large,Short,8.0,Stainless Steel 316L,0.8,150,Large Short pipe for PU injection
PIPE-02476,32,37.0,2.5,160,804.25,0.1287,Large,Short,8.0,Stainless Steel 316L,0.8,150,Large Short pipe for PU injection
PIPE-02477,32,37.0,2.5,170,804.25,0.1367,Large,Short,8.0,Stainless Steel 316L,0.8,150,Large Short pipe for PU injection
PIPE-02478,32,37.0,2.5,180,804.25,0.1448,Large,Short,8.0,Stainless Steel 316L,0.8,150,Large Short pipe for PU injection
PIPE-02479,32,37.0,2.5,190,804.25,0.1528,Large,Short,8.0,Stainless Steel 316L,0.8,150,Large Short pipe for PU injection
PIPE-02480,32,37.0,2.5,200,804.25,0.1608,Large,Medium,8.0,Stainless Steel 316L,0.8,150,Large Medium pipe for PU injection
PIPE-02481,32,37.0,2.5,210,804.25,0.1689,Large,Medium,8.0,Stainless Steel 316L,0.8,150,Large Medium pipe for PU injection
PIPE-02482,32,37.0,2.5,220,804.25,0.1769,Large,Medium,8.0,Stainless Steel 316L,0.8,150,Large Medium pipe for PU injection
PIPE-02483,32,37.0,2.5,230,804.25,0.185,Large,Medium,8.0,Stainless Steel 316L,0.8,150,Large Medium pipe for PU injection
PIPE-02484,32,37.0,2.5,240,804.25,0.193,Large,Medium,8.0,Stainless Steel 316L,0.8,150,Large Medium pipe for PU injection
PIPE-02485,32,37.0,2.5,250,804.25,0.2011,Large,Medium,8.0,Stainless Steel 316L,0.8,150,Large Medium pipe for PU injection
PIPE-02486,32,37.0,2.5,260,804.25,0.2091,Large,Medium,8.0,Stainless Steel 316L,0.8,150,Large Medium pipe for PU injection
PIPE-02487,32,37.0,2.5,270,804.25,0.2171,Large,Medium,8.0,Stainless Steel 316L,0.8,150,Large Medium pipe for PU injection
PIPE-02488,32,37.0,2.5,280,804.25,0.2252,Large,Medium,8.0,Stainless Steel 316L,0.8,150,Large Medium pipe for PU injection
PIPE-02489,32,37.0,2.5,290,804.25,0.2332,Large,Medium,8.0,Stainless Steel 316L,0.8,150,Large Medium pipe for PU injection
PIPE-02490,32,37.0,2.5,300,804.25,0.2413,Large,Medium,8.0,Stainless Steel 316L,0.8,150,Large Medium pipe for PU injection
PIPE-02491,32,37.0,2.5,310,804.25,0.2493,Large,Medium,8.0,Stainless Steel 316L,0.8,150,Large Medium pipe for PU injection
PIPE-02492,32,37.0,2.5,320,804.25,0.2574,Large,Medium,8.0,Stainless Steel 316L,0.8,150,Large Medium pipe for PU injection
PIPE-02493,32,37.0,2.5,330,804.25,0.2654,Large,Medium,8.0,Stainless Steel 316L,0.8,150,Large Medium pipe for PU injection
PIPE-02494,32,37.0,2.5,340,804.25,0.2734,Large,Medium,8.0,Stainless Steel 316L,0.8,150,Large Medium pipe for PU injection
PIPE-02495,32,37.0,2.5,350,804.25,0.2815,Large,Medium,8.0,Stainless Steel 316L,0.8,150,Large Medium pipe for PU injection
PIPE-02496,32,37.0,2.5,360,804.25,0.2895,Large,Medium,8.0,Stainless Steel 316L,0.8,150,Large Medium pipe for PU injection
PIPE-02497,32,37.0,2.5,370,804.25,0.2976,Large,Medium,8.0,Stainless Steel 316L,0.8,150,Large Medium pipe for PU injection
PIPE-02498,32,37.0,2.5,380,804.25,0.3056,Large,Medium,8.0,Stainless Steel 316L,0.8,150,Large Medium pipe for PU injection
PIPE-02499,32,37.0,2.5,390,804.25,0.3137,Large,Medium,8.0,Stainless Steel 316L,0.8,150,Large Medium pipe for PU injection
PIPE-02500,32,37.0,2.5,400,804.25,0.3217,Large,Medium,8.0,Stainless Steel 316L,0.8,150,Large Medium pipe for PU injection
PIPE-02501,32,37.0,2.5,410,804.25,0.3297,Large,Medium,8.0,Stainless Steel 316L,0.8,150,Large Medium pipe for PU injection
PIPE-02502,32,37.0,2.5,420,804.25,0.3378,Large,Medium,8.0,Stainless Steel 316L,0.8,150,Large Medium pipe for PU injection
PIPE-02503,32,37.0,2.5,430,804.25,0.3458,Large,Medium,8.0,Stainless Steel 316L,0.8,150,Large Medium pipe for PU injection
PIPE-02504,32,37.0,2.5,440,804.25,0.3539,Large,Medium,8.0,Stainless Steel 316L,0.8,150,Large Medium pipe for PU injection
PIPE-02505,32,37.0,2.5,450,804.25,0.3619,Large,Medium,8.0,Stainless Steel 316L,0.8,150,Large Medium pipe for PU injection
PIPE-02506,32,37.0,2.5,460,804.25,0.37,Large,Medium,8.0,Stainless Steel 316L,0.8,150,Large Medium pipe for PU injection
PIPE-02507,32,37.0,2.5,470,804.25,0.378,Large,Medium,8.0,Stainless Steel 316L,0.8,150,Large Medium pipe for PU injection
PIPE-02508,32,37.0,2.5,480,804.25,0.386,Large,Medium,8.0,Stainless Steel 316L,0.8,150,Large Medium pipe for PU injection
PIPE-02509,32,37.0,2.5,490,804.25,0.3941,Large,Medium,8.0,Stainless Steel 316L,0.8,150,Large Medium pipe for PU injection
PIPE-02510,32,37.0,2.5,500,804.25,0.4021,Large,Long,8.0,Stainless Steel 316L,0.8,150,Large Long pipe for PU injection
PIPE-02511,32,37.0,2.5,500,804.25,0.4021,Large,Long,8.0,Stainless Steel 316L,0.8,150,Large Long pipe for PU injection
PIPE-02512,32,37.0,2.5,525,804.25,0.4222,Large,Long,8.0,Stainless Steel 316L,0.8,150,Large Long pipe for PU injection
PIPE-02513,32,37.0,2.5,550,804.25,0.4423,Large,Long,8.0,Stainless Steel 316L,0.8,150,Large Long pipe for PU injection
PIPE-02514,32,37.0,2.5,575,804.25,0.4624,Large,Long,8.0,Stainless Steel 316L,0.8,150,Large Long pipe for PU injection
PIPE-02515,32,37.0,2.5,600,804.25,0.4825,Large,Long,8.0,Stainless Steel 316L,0.8,150,Large Long pipe for PU injection
PIPE-02516,32,37.0,2.5,625,804.25,0.5027,Large,Long,8.0,Stainless Steel 316L,0.8,150,Large Long pipe for PU injection
PIPE-02517,32,37.0,2.5,650,804.25,0.5228,Large,Long,8.0,Stainless Steel 316L,0.8,150,Large Long pipe for PU injection
PIPE-02518,32,37.0,2.5,675,804.25,0.5429,Large,Long,8.0,Stainless Steel 316L,0.8,150,Large Long pipe for PU injection
PIPE-02519,32,37.0,2.5,700,804.25,0.563,Large,Long,8.0,Stainless Steel 316L,0.8,150,Large Long pipe for PU injection
PIPE-02520,32,37.0,2.5,725,804.25,0.5831,Large,Long,8.0,Stainless Steel 316L,0.8,150,Large Long pipe for PU injection
PIPE-02521,32,37.0,2.5,750,804.25,0.6032,Large,Long,8.0,Stainless Steel 316L,0.8,150,Large Long pipe for PU injection
PIPE-02522,32,37.0,2.5,775,804.25,0.6233,Large,Long,8.0,Stainless Steel 316L,0.8,150,Large Long pipe for PU injection
PIPE-02523,32,37.0,2.5,800,804.25,0.6434,Large,Long,8.0,Stainless Steel 316L,0.8,150,Large Long pipe for PU injection
PIPE-02524,32,37.0,2.5,825,804.25,0.6635,Large,Long,8.0,Stainless Steel 316L,0.8,150,Large Long pipe for PU injection
PIPE-02525,32,37.0,2.5,850,804.25,0.6836,Large,Long,8.0,Stainless Steel 316L,0.8,150,Large Long pipe for PU injection
PIPE-02526,32,37.0,2.5,875,804.25,0.7037,Large,Long,8.0,Stainless Steel 316L,0.8,150,Large Long pipe for PU injection
PIPE-02527,32,37.0,2.5,900,804.25,0.7238,Large,Long,8.0,Stainless Steel 316L,0.8,150,Large Long pipe for PU injection
PIPE-02528,32,37.0,2.5,925,804.25,0.7439,Large,Long,8.0,Stainless Steel 316L,0.8,150,Large Long pipe for PU injection
PIPE-02529,32,37.0,2.5,950,804.25,0.764,Large,Long,8.0,Stainless Steel 316L,0.8,150,Large Long pipe for PU injection
PIPE-02530,32,37.0,2.5,975,804.25,0.7841,Large,Long,8.0,Stainless Steel 316L,0.8,150,Large Long pipe for PU injection
PIPE-02531,32,37.0,2.5,1000,804.25,0.8042,Large,Extra Long,8.0,Stainless Steel 316L,0.8,150,Large Extra Long pipe for PU injection
PIPE-02532,32,37.0,2.5,1000,804.25,0.8042,Large,Extra Long,8.0,Stainless Steel 316L,0.8,150,Large Extra Long pipe for PU injection
PIPE-02533,32,37.0,2.5,1050,804.25,0.8445,Large,Extra Long,8.0,Stainless Steel 316L,0.8,150,Large Extra Long pipe for PU injection
PIPE-02534,32,37.0,2.5,1100,804.25,0.8847,Large,Extra Long,8.0,Stainless Steel 316L,0.8,150,Large Extra Long pipe for PU injection
PIPE-02535,32,37.0,2.5,1150,804.25,0.9249,Large,Extra Long,8.0,Stainless Steel 316L,0.8,150,Large Extra Long pipe for PU injection
PIPE-02536,32,37.0,2.5,1200,804.25,0.9651,Large,Extra Long,8.0,Stainless Steel 316L,0.8,150,Large Extra Long pipe for PU injection
PIPE-02537,32,37.0,2.5,1250,804.25,1.0053,Large,Extra Long,8.0,Stainless Steel 316L,0.8,150,Large Extra Long pipe for PU injection
PIPE-02538,32,37.0,2.5,1300,804.25,1.0455,Large,Extra Long,8.0,Stainless Steel 316L,0.8,150,Large Extra Long pipe for PU injection
PIPE-02539,32,37.0,2.5,1350,804.25,1.0857,Large,Extra Long,8.0,Stainless Steel 316L,0.8,150,Large Extra Long pipe for PU injection
PIPE-02540,32,37.0,2.5,1400,804.25,1.1259,Large,Extra Long,8.0,Stainless Steel 316L,0.8,150,Large Extra Long pipe for PU injection
PIPE-02541,32,37.0,2.5,1450,804.25,1.1662,Large,Extra Long,8.0,Stainless Steel 316L,0.8,150,Large Extra Long pipe for PU injection
PIPE-02542,32,37.0,2.5,1500,804.25,1.2064,Large,Extra Long,8.0,Stainless Steel 316L,0.8,150,Large Extra Long pipe for PU injection
PIPE-02543,32,37.0,2.5,1550,804.25,1.2466,Large,Extra Long,8.0,Stainless Steel 316L,0.8,150,Large Extra Long pipe for PU injection
PIPE-02544,32,37.0,2.5,1600,804.25,1.2868,Large,Extra Long,8.0,Stainless Steel 316L,0.8,150,Large Extra Long pipe for PU injection
PIPE-02545,32,37.0,2.5,1650,804.25,1.327,Large,Extra Long,8.0,Stainless Steel 316L,0.8,150,Large Extra Long pipe for PU injection
PIPE-02546,32,37.0,2.5,1700,804.25,1.3672,Large,Extra Long,8.0,Stainless Steel 316L,0.8,150,Large Extra Long pipe for PU injection
PIPE-02547,32,37.0,2.5,1750,804.25,1.4074,Large,Extra Long,8.0,Stainless Steel 316L,0.8,150,Large Extra Long pipe for PU injection
PIPE-02548,32,37.0,2.5,1800,804.25,1.4476,Large,Extra Long,8.0,Stainless Steel 316L,0.8,150,Large Extra Long pipe for PU injection
PIPE-02549,32,37.0,2.5,1850,804.25,1.4879,Large,Extra Long,8.0,Stainless Steel 316L,0.8,150,Large Extra Long pipe for PU injection
PIPE-02550,32,37.0,2.5,1900,804.25,1.5281,Large,Extra Long,8.0,Stainless Steel 316L,0.8,150,Large Extra Long pipe for PU injection
PIPE-02551,32,37.0,2.5,1950,804.25,1.5683,Large,Extra Long,8.0,Stainless Steel 316L,0.8,150,Large Extra Long pipe for PU injection
PIPE-02552,32,37.0,2.5,2000,804.25,1.6085,Large,Extra Long,8.0,Stainless Steel 316L,0.8,150,Large Extra Long pipe for PU injection
PIPE-02553,33,38.0,2.5,50,855.3,0.0428,Large,Short,8.0,Stainless Steel 316L,0.8,150,Large Short pipe for PU injection
PIPE-02554,33,38.0,2.5,60,855.3,0.0513,Large,Short,8.0,Stainless Steel 316L,0.8,150,Large Short pipe for PU injection
PIPE-02555,33,38.0,2.5,70,855.3,0.0599,Large,Short,8.0,Stainless Steel 316L,0.8,150,Large Short pipe for PU injection
PIPE-02556,33,38.0,2.5,80,855.3,0.0684,Large,Short,8.0,Stainless Steel 316L,0.8,150,Large Short pipe for PU injection
PIPE-02557,33,38.0,2.5,90,855.3,0.077,Large,Short,8.0,Stainless Steel 316L,0.8,150,Large Short pipe for PU injection
PIPE-02558,33,38.0,2.5,100,855.3,0.0855,Large,Short,8.0,Stainless Steel 316L,0.8,150,Large Short pipe for PU injection
PIPE-02559,33,38.0,2.5,110,855.3,0.0941,Large,Short,8.0,Stainless Steel 316L,0.8,150,Large Short pipe for PU injection
PIPE-02560,33,38.0,2.5,120,855.3,0.1026,Large,Short,8.0,Stainless Steel 316L,0.8,150,Large Short pipe for PU injection
PIPE-02561,33,38.0,2.5,130,855.3,0.1112,Large,Short,8.0,Stainless Steel 316L,0.8,150,Large Short pipe for PU injection
PIPE-02562,33,38.0,2.5,140,855.3,0.1197,Large,Short,8.0,Stainless Steel 316L,0.8,150,Large Short pipe for PU injection
PIPE-02563,33,38.0,2.5,150,855.3,0.1283,Large,Short,8.0,Stainless Steel 316L,0.8,150,Large Short pipe for PU injection
PIPE-02564,33,38.0,2.5,160,855.3,0.1368,Large,Short,8.0,Stainless Steel 316L,0.8,150,Large Short pipe for PU injection
PIPE-02565,33,38.0,2.5,170,855.3,0.1454,Large,Short,8.0,Stainless Steel 316L,0.8,150,Large Short pipe for PU injection
PIPE-02566,33,38.0,2.5,180,855.3,0.154,Large,Short,8.0,Stainless Steel 316L,0.8,150,Large Short pipe for PU injection
PIPE-02567,33,38.0,2.5,190,855.3,0.1625,Large,Short,8.0,Stainless Steel 316L,0.8,150,Large Short pipe for PU injection
PIPE-02568,33,38.0,2.5,200,855.3,0.1711,Large,Medium,8.0,Stainless Steel 316L,0.8,150,Large Medium pipe for PU injection
PIPE-02569,33,38.0,2.5,210,855.3,0.1796,Large,Medium,8.0,Stainless Steel 316L,0.8,150,Large Medium pipe for PU injection
PIPE-02570,33,38.0,2.5,220,855.3,0.1882,Large,Medium,8.0,Stainless Steel 316L,0.8,150,Large Medium pipe for PU injection
PIPE-02571,33,38.0,2.5,230,855.3,0.1967,Large,Medium,8.0,Stainless Steel 316L,0.8,150,Large Medium pipe for PU injection
PIPE-02572,33,38.0,2.5,240,855.3,0.2053,Large,Medium,8.0,Stainless Steel 316L,0.8,150,Large Medium pipe for PU injection
PIPE-02573,33,38.0,2.5,250,855.3,0.2138,Large,Medium,8.0,Stainless Steel 316L,0.8,150,Large Medium pipe for PU injection
PIPE-02574,33,38.0,2.5,260,855.3,0.2224,Large,Medium,8.0,Stainless Steel 316L,0.8,150,Large Medium pipe for PU injection
PIPE-02575,33,38.0,2.5,270,855.3,0.2309,Large,Medium,8.0,Stainless Steel 316L,0.8,150,Large Medium pipe for PU injection
PIPE-02576,33,38.0,2.5,280,855.3,0.2395,Large,Medium,8.0,Stainless Steel 316L,0.8,150,Large Medium pipe for PU injection
PIPE-02577,33,38.0,2.5,290,855.3,0.248,Large,Medium,8.0,Stainless Steel 316L,0.8,150,Large Medium pipe for PU injection
PIPE-02578,33,38.0,2.5,300,855.3,0.2566,Large,Medium,8.0,Stainless Steel 316L,0.8,150,Large Medium pipe for PU injection
PIPE-02579,33,38.0,2.5,310,855.3,0.2651,Large,Medium,8.0,Stainless Steel 316L,0.8,150,Large Medium pipe for PU injection
PIPE-02580,33,38.0,2.5,320,855.3,0.2737,Large,Medium,8.0,Stainless Steel 316L,0.8,150,Large Medium pipe for PU injection
PIPE-02581,33,38.0,2.5,330,855.3,0.2822,Large,Medium,8.0,Stainless Steel 316L,0.8,150,Large Medium pipe for PU injection
PIPE-02582,33,38.0,2.5,340,855.3,0.2908,Large,Medium,8.0,Stainless Steel 316L,0.8,150,Large Medium pipe for PU injection
PIPE-02583,33,38.0,2.5,350,855.3,0.2994,Large,Medium,8.0,Stainless Steel 316L,0.8,150,Large Medium pipe for PU injection
PIPE-02584,33,38.0,2.5,360,855.3,0.3079,Large,Medium,8.0,Stainless Steel 316L,0.8,150,Large Medium pipe for PU injection
PIPE-02585,33,38.0,2.5,370,855.3,0.3165,Large,Medium,8.0,Stainless Steel 316L,0.8,150,Large Medium pipe for PU injection
PIPE-02586,33,38.0,2.5,380,855.3,0.325,Large,Medium,8.0,Stainless Steel 316L,0.8,150,Large Medium pipe for PU injection
PIPE-02587,33,38.0,2.5,390,855.3,0.3336,Large,Medium,8.0,Stainless Steel 316L,0.8,150,Large Medium pipe for PU injection
PIPE-02588,33,38.0,2.5,400,855.3,0.3421,Large,Medium,8.0,Stainless Steel 316L,0.8,150,Large Medium pipe for PU injection
PIPE-02589,33,38.0,2.5,410,855.3,0.3507,Large,Medium,8.0,Stainless Steel 316L,0.8,150,Large Medium pipe for PU injection
PIPE-02590,33,38.0,2.5,420,855.3,0.3592,Large,Medium,8.0,Stainless Steel 316L,0.8,150,Large Medium pipe for PU injection
PIPE-02591,33,38.0,2.5,430,855.3,0.3678,Large,Medium,8.0,Stainless Steel 316L,0.8,150,Large Medium pipe for PU injection
PIPE-02592,33,38.0,2.5,440,855.3,0.3763,Large,Medium,8.0,Stainless Steel 316L,0.8,150,Large Medium pipe for PU injection
PIPE-02593,33,38.0,2.5,450,855.3,0.3849,Large,Medium,8.0,Stainless Steel 316L,0.8,150,Large Medium pipe for PU injection
PIPE-02594,33,38.0,2.5,460,855.3,0.3934,Large,Medium,8.0,Stainless Steel 316L,0.8,150,Large Medium pipe for PU injection
PIPE-02595,33,38.0,2.5,470,855.3,0.402,Large,Medium,8.0,Stainless Steel 316L,0.8,150,Large Medium pipe for PU injection
PIPE-02596,33,38.0,2.5,480,855.3,0.4105,Large,Medium,8.0,Stainless Steel 316L,0.8,150,Large Medium pipe for PU injection
PIPE-02597,33,38.0,2.5,490,855.3,0.4191,Large,Medium,8.0,Stainless Steel 316L,0.8,150,Large Medium pipe for PU injection
PIPE-02598,33,38.0,2.5,500,855.3,0.4276,Large,Long,8.0,Stainless Steel 316L,0.8,150,Large Long pipe for PU injection
PIPE-02599,33,38.0,2.5,500,855.3,0.4276,Large,Long,8.0,Stainless Steel 316L,0.8,150,Large Long pipe for PU injection
PIPE-02600,33,38.0,2.5,525,855.3,0.449,Large,Long,8.0,Stainless Steel 316L,0.8,150,Large Long pipe for PU injection
PIPE-02601,33,38.0,2.5,550,855.3,0.4704,Large,Long,8.0,Stainless Steel 316L,0.8,150,Large Long pipe for PU injection
PIPE-02602,33,38.0,2.5,575,855.3,0.4918,Large,Long,8.0,Stainless Steel 316L,0.8,150,Large Long pipe for PU injection
PIPE-02603,33,38.0,2.5,600,855.3,0.5132,Large,Long,8.0,Stainless Steel 316L,0.8,150,Large Long pipe for PU injection
PIPE-02604,33,38.0,2.5,625,855.3,0.5346,Large,Long,8.0,Stainless Steel 316L,0.8,150,Large Long pipe for PU injection
PIPE-02605,33,38.0,2.5,650,855.3,0.5559,Large,Long,8.0,Stainless Steel 316L,0.8,150,Large Long pipe for PU injection
PIPE-02606,33,38.0,2.5,675,855.3,0.5773,Large,Long,8.0,Stainless Steel 316L,0.8,150,Large Long pipe for PU injection
PIPE-02607,33,38.0,2.5,700,855.3,0.5987,Large,Long,8.0,Stainless Steel 316L,0.8,150,Large Long pipe for PU injection
PIPE-02608,33,38.0,2.5,725,855.3,0.6201,Large,Long,8.0,Stainless Steel 316L,0.8,150,Large Long pipe for PU injection
PIPE-02609,33,38.0,2.5,750,855.3,0.6415,Large,Long,8.0,Stainless Steel 316L,0.8,150,Large Long pipe for PU injection
PIPE-02610,33,38.0,2.5,775,855.3,0.6629,Large,Long,8.0,Stainless Steel 316L,0.8,150,Large Long pipe for PU injection
PIPE-02611,33,38.0,2.5,800,855.3,0.6842,Large,Long,8.0,Stainless Steel 316L,0.8,150,Large Long pipe for PU injection
PIPE-02612,33,38.0,2.5,825,855.3,0.7056,Large,Long,8.0,Stainless Steel 316L,0.8,150,Large Long pipe for PU injection
PIPE-02613,33,38.0,2.5,850,855.3,0.727,Large,Long,8.0,Stainless Steel 316L,0.8,150,Large Long pipe for PU injection
PIPE-02614,33,38.0,2.5,875,855.3,0.7484,Large,Long,8.0,Stainless Steel 316L,0.8,150,Large Long pipe for PU injection
PIPE-02615,33,38.0,2.5,900,855.3,0.7698,Large,Long,8.0,Stainless Steel 316L,0.8,150,Large Long pipe for PU injection
PIPE-02616,33,38.0,2.5,925,855.3,0.7912,Large,Long,8.0,Stainless Steel 316L,0.8,150,Large Long pipe for PU injection
PIPE-02617,33,38.0,2.5,950,855.3,0.8125,Large,Long,8.0,Stainless Steel 316L,0.8,150,Large Long pipe for PU injection
PIPE-02618,33,38.0,2.5,975,855.3,0.8339,Large,Long,8.0,Stainless Steel 316L,0.8,150,Large Long pipe for PU injection
PIPE-02619,33,38.0,2.5,1000,855.3,0.8553,Large,Extra Long,8.0,Stainless Steel 316L,0.8,150,Large Extra Long pipe for PU injection
PIPE-02620,33,38.0,2.5,1000,855.3,0.8553,Large,Extra Long,8.0,Stainless Steel 316L,0.8,150,Large Extra Long pipe for PU injection
PIPE-02621,33,38.0,2.5,1050,855.3,0.8981,Large,Extra Long,8.0,Stainless Steel 316L,0.8,150,Large Extra Long pipe for PU injection
PIPE-02622,33,38.0,2.5,1100,855.3,0.9408,Large,Extra Long,8.0,Stainless Steel 316L,0.8,150,Large Extra Long pipe for PU injection
PIPE-02623,33,38.0,2.5,1150,855.3,0.9836,Large,Extra Long,8.0,Stainless Steel 316L,0.8,150,Large Extra Long pipe for PU injection
PIPE-02624,33,38.0,2.5,1200,855.3,1.0264,Large,Extra Long,8.0,Stainless Steel 316L,0.8,150,Large Extra Long pipe for PU injection
PIPE-02625,33,38.0,2.5,1250,855.3,1.0691,Large,Extra Long,8.0,Stainless Steel 316L,0.8,150,Large Extra Long pipe for PU injection
PIPE-02626,33,38.0,2.5,1300,855.3,1.1119,Large,Extra Long,8.0,Stainless Steel 316L,0.8,150,Large Extra Long pipe for PU injection
PIPE-02627,33,38.0,2.5,1350,855.3,1.1547,Large,Extra Long,8.0,Stainless Steel 316L,0.8,150,Large Extra Long pipe for PU injection
PIPE-02628,33,38.0,2.5,1400,855.3,1.1974,Large,Extra Long,8.0,Stainless Steel 316L,0.8,150,Large Extra Long pipe for PU injection
PIPE-02629,33,38.0,2.5,1450,855.3,1.2402,Large,Extra Long,8.0,Stainless Steel 316L,0.8,150,Large Extra Long pipe for PU injection
PIPE-02630,33,38.0,2.5,1500,855.3,1.2829,Large,Extra Long,8.0,Stainless Steel 316L,0.8,150,Large Extra Long pipe for PU injection
PIPE-02631,33,38.0,2.5,1550,855.3,1.3257,Large,Extra Long,8.0,Stainless Steel 316L,0.8,150,Large Extra Long pipe for PU injection
PIPE-02632,33,38.0,2.5,1600,855.3,1.3685,Large,Extra Long,8.0,Stainless Steel 316L,0.8,150,Large Extra Long pipe for PU injection
PIPE-02633,33,38.0,2.5,1650,855.3,1.4112,Large,Extra Long,8.0,Stainless Steel 316L,0.8,150,Large Extra Long pipe for PU injection
PIPE-02634,33,38.0,2.5,1700,855.3,1.454,Large,Extra Long,8.0,Stainless Steel 316L,0.8,150,Large Extra Long pipe for PU injection
PIPE-02635,33,38.0,2.5,1750,855.3,1.4968,Large,Extra Long,8.0,Stainless Steel 316L,0.8,150,Large Extra Long pipe for PU injection
PIPE-02636,33,38.0,2.5,1800,855.3,1.5395,Large,Extra Long,8.0,Stainless Steel 316L,0.8,150,Large Extra Long pipe for PU injection
PIPE-02637,33,38.0,2.5,1850,855.3,1.5823,Large,Extra Long,8.0,Stainless Steel 316L,0.8,150,Large Extra Long pipe for PU injection
PIPE-02638,33,38.0,2.5,1900,855.3,1.6251,Large,Extra Long,8.0,Stainless Steel 316L,0.8,150,Large Extra Long pipe for PU injection
PIPE-02639,33,38.0,2.5,1950,855.3,1.6678,Large,Extra Long,8.0,Stainless Steel 316L,0.8,150,Large Extra Long pipe for PU injection
PIPE-02640,33,38.0,2.5,2000,855.3,1.7106,Large,Extra Long,8.0,Stainless Steel 316L,0.8,150,Large Extra Long pipe for PU injection
PIPE-02641,34,39.0,2.5,50,907.92,0.0454,Large,Short,8.0,Stainless Steel 316L,0.8,150,Large Short pipe for PU injection
PIPE-02642,34,39.0,2.5,60,907.92,0.0545,Large,Short,8.0,Stainless Steel 316L,0.8,150,Large Short pipe for PU injection
PIPE-02643,34,39.0,2.5,70,907.92,0.0636,Large,Short,8.0,Stainless Steel 316L,0.8,150,Large Short pipe for PU injection
PIPE-02644,34,39.0,2.5,80,907.92,0.0726,Large,Short,8.0,Stainless Steel 316L,0.8,150,Large Short pipe for PU injection
PIPE-02645,34,39.0,2.5,90,907.92,0.0817,Large,Short,8.0,Stainless Steel 316L,0.8,150,Large Short pipe for PU injection
PIPE-02646,34,39.0,2.5,100,907.92,0.0908,Large,Short,8.0,Stainless Steel 316L,0.8,150,Large Short pipe for PU injection
PIPE-02647,34,39.0,2.5,110,907.92,0.0999,Large,Short,8.0,Stainless Steel 316L,0.8,150,Large Short pipe for PU injection
PIPE-02648,34,39.0,2.5,120,907.92,0.109,Large,Short,8.0,Stainless Steel 316L,0.8,150,Large Short pipe for PU injection
PIPE-02649,34,39.0,2.5,130,907.92,0.118,Large,Short,8.0,Stainless Steel 316L,0.8,150,Large Short pipe for PU injection
PIPE-02650,34,39.0,2.5,140,907.92,0.1271,Large,Short,8.0,Stainless Steel 316L,0.8,150,Large Short pipe for PU injection
PIPE-02651,34,39.0,2.5,150,907.92,0.1362,Large,Short,8.0,Stainless Steel 316L,0.8,150,Large Short pipe for PU injection
PIPE-02652,34,39.0,2.5,160,907.92,0.1453,Large,Short,8.0,Stainless Steel 316L,0.8,150,Large Short pipe for PU injection
PIPE-02653,34,39.0,2.5,170,907.92,0.1543,Large,Short,8.0,Stainless Steel 316L,0.8,150,Large Short pipe for PU injection
PIPE-02654,34,39.0,2.5,180,907.92,0.1634,Large,Short,8.0,Stainless Steel 316L,0.8,150,Large Short pipe for PU injection
PIPE-02655,34,39.0,2.5,190,907.92,0.1725,Large,Short,8.0,Stainless Steel 316L,0.8,150,Large Short pipe for PU injection
PIPE-02656,34,39.0,2.5,200,907.92,0.1816,Large,Medium,8.0,Stainless Steel 316L,0.8,150,Large Medium pipe for PU injection
PIPE-02657,34,39.0,2.5,210,907.92,0.1907,Large,Medium,8.0,Stainless Steel 316L,0.8,150,Large Medium pipe for PU injection
PIPE-02658,34,39.0,2.5,220,907.92,0.1997,Large,Medium,8.0,Stainless Steel 316L,0.8,150,Large Medium pipe for PU injection
PIPE-02659,34,39.0,2.5,230,907.92,0.2088,Large,Medium,8.0,Stainless Steel 316L,0.8,150,Large Medium pipe for PU injection
PIPE-02660,34,39.0,2.5,240,907.92,0.2179,Large,Medium,8.0,Stainless Steel 316L,0.8,150,Large Medium pipe for PU injection
PIPE-02661,34,39.0,2.5,250,907.92,0.227,Large,Medium,8.0,Stainless Steel 316L,0.8,150,Large Medium pipe for PU injection
PIPE-02662,34,39.0,2.5,260,907.92,0.2361,Large,Medium,8.0,Stainless Steel 316L,0.8,150,Large Medium pipe for PU injection
PIPE-02663,34,39.0,2.5,270,907.92,0.2451,Large,Medium,8.0,Stainless Steel 316L,0.8,150,Large Medium pipe for PU injection
PIPE-02664,34,39.0,2.5,280,907.92,0.2542,Large,Medium,8.0,Stainless Steel 316L,0.8,150,Large Medium pipe for PU injection
PIPE-02665,34,39.0,2.5,290,907.92,0.2633,Large,Medium,8.0,Stainless Steel 316L,0.8,150,Large Medium pipe for PU injection
PIPE-02666,34,39.0,2.5,300,907.92,0.2724,Large,Medium,8.0,Stainless Steel 316L,0.8,150,Large Medium pipe for PU injection
PIPE-02667,34,39.0,2.5,310,907.92,0.2815,Large,Medium,8.0,Stainless Steel 316L,0.8,150,Large Medium pipe for PU injection
PIPE-02668,34,39.0,2.5,320,907.92,0.2905,Large,Medium,8.0,Stainless Steel 316L,0.8,150,Large Medium pipe for PU injection
PIPE-02669,34,39.0,2.5,330,907.92,0.2996,Large,Medium,8.0,Stainless Steel 316L,0.8,150,Large Medium pipe for PU injection
PIPE-02670,34,39.0,2.5,340,907.92,0.3087,Large,Medium,8.0,Stainless Steel 316L,0.8,150,Large Medium pipe for PU injection
PIPE-02671,34,39.0,2.5,350,907.92,0.3178,Large,Medium,8.0,Stainless Steel 316L,0.8,150,Large Medium pipe for PU injection
PIPE-02672,34,39.0,2.5,360,907.92,0.3269,Large,Medium,8.0,Stainless Steel 316L,0.8,150,Large Medium pipe for PU injection
PIPE-02673,34,39.0,2.5,370,907.92,0.3359,Large,Medium,8.0,Stainless Steel 316L,0.8,150,Large Medium pipe for PU injection
PIPE-02674,34,39.0,2.5,380,907.92,0.345,Large,Medium,8.0,Stainless Steel 316L,0.8,150,Large Medium pipe for PU injection
PIPE-02675,34,39.0,2.5,390,907.92,0.3541,Large,Medium,8.0,Stainless Steel 316L,0.8,150,Large Medium pipe for PU injection
PIPE-02676,34,39.0,2.5,400,907.92,0.3632,Large,Medium,8.0,Stainless Steel 316L,0.8,150,Large Medium pipe for PU injection
PIPE-02677,34,39.0,2.5,410,907.92,0.3722,Large,Medium,8.0,Stainless Steel 316L,0.8,150,Large Medium pipe for PU injection
PIPE-02678,34,39.0,2.5,420,907.92,0.3813,Large,Medium,8.0,Stainless Steel 316L,0.8,150,Large Medium pipe for PU injection
PIPE-02679,34,39.0,2.5,430,907.92,0.3904,Large,Medium,8.0,Stainless Steel 316L,0.8,150,Large Medium pipe for PU injection
PIPE-02680,34,39.0,2.5,440,907.92,0.3995,Large,Medium,8.0,Stainless Steel 316L,0.8,150,Large Medium pipe for PU injection
PIPE-02681,34,39.0,2.5,450,907.92,0.4086,Large,Medium,8.0,Stainless Steel 316L,0.8,150,Large Medium pipe for PU injection
PIPE-02682,34,39.0,2.5,460,907.92,0.4176,Large,Medium,8.0,Stainless Steel 316L,0.8,150,Large Medium pipe for PU injection
PIPE-02683,34,39.0,2.5,470,907.92,0.4267,Large,Medium,8.0,Stainless Steel 316L,0.8,150,Large Medium pipe for PU injection
PIPE-02684,34,39.0,2.5,480,907.92,0.4358,Large,Medium,8.0,Stainless Steel 316L,0.8,150,Large Medium pipe for PU injection
PIPE-02685,34,39.0,2.5,490,907.92,0.4449,Large,Medium,8.0,Stainless Steel 316L,0.8,150,Large Medium pipe for PU injection
PIPE-02686,34,39.0,2.5,500,907.92,0.454,Large,Long,8.0,Stainless Steel 316L,0.8,150,Large Long pipe for PU injection
PIPE-02687,34,39.0,2.5,500,907.92,0.454,Large,Long,8.0,Stainless Steel 316L,0.8,150,Large Long pipe for PU injection
PIPE-02688,34,39.0,2.5,525,907.92,0.4767,Large,Long,8.0,Stainless Steel 316L,0.8,150,Large Long pipe for PU injection
PIPE-02689,34,39.0,2.5,550,907.92,0.4994,Large,Long,8.0,Stainless Steel 316L,0.8,150,Large Long pipe for PU injection
PIPE-02690,34,39.0,2.5,575,907.92,0.5221,Large,Long,8.0,Stainless Steel 316L,0.8,150,Large Long pipe for PU injection
PIPE-02691,34,39.0,2.5,600,907.92,0.5448,Large,Long,8.0,Stainless Steel 316L,0.8,150,Large Long pipe for PU injection
PIPE-02692,34,39.0,2.5,625,907.92,0.5675,Large,Long,8.0,Stainless Steel 316L,0.8,150,Large Long pipe for PU injection
PIPE-02693,34,39.0,2.5,650,907.92,0.5901,Large,Long,8.0,Stainless Steel 316L,0.8,150,Large Long pipe for PU injection
PIPE-02694,34,39.0,2.5,675,907.92,0.6128,Large,Long,8.0,Stainless Steel 316L,0.8,150,Large Long pipe for PU injection
PIPE-02695,34,39.0,2.5,700,907.92,0.6355,Large,Long,8.0,Stainless Steel 316L,0.8,150,Large Long pipe for PU injection
PIPE-02696,34,39.0,2.5,725,907.92,0.6582,Large,Long,8.0,Stainless Steel 316L,0.8,150,Large Long pipe for PU injection
PIPE-02697,34,39.0,2.5,750,907.92,0.6809,Large,Long,8.0,Stainless Steel 316L,0.8,150,Large Long pipe for PU injection
PIPE-02698,34,39.0,2.5,775,907.92,0.7036,Large,Long,8.0,Stainless Steel 316L,0.8,150,Large Long pipe for PU injection
PIPE-02699,34,39.0,2.5,800,907.92,0.7263,Large,Long,8.0,Stainless Steel 316L,0.8,150,Large Long pipe for PU injection
PIPE-02700,34,39.0,2.5,825,907.92,0.749,Large,Long,8.0,Stainless Steel 316L,0.8,150,Large Long pipe for PU injection
PIPE-02701,34,39.0,2.5,850,907.92,0.7717,Large,Long,8.0,Stainless Steel 316L,0.8,150,Large Long pipe for PU injection
PIPE-02702,34,39.0,2.5,875,907.92,0.7944,Large,Long,8.0,Stainless Steel 316L,0.8,150,Large Long pipe for PU injection
PIPE-02703,34,39.0,2.5,900,907.92,0.8171,Large,Long,8.0,Stainless Steel 316L,0.8,150,Large Long pipe for PU injection
PIPE-02704,34,39.0,2.5,925,907.92,0.8398,Large,Long,8.0,Stainless Steel 316L,0.8,150,Large Long pipe for PU injection
PIPE-02705,34,39.0,2.5,950,907.92,0.8625,Large,Long,8.0,Stainless Steel 316L,0.8,150,Large Long pipe for PU injection
PIPE-02706,34,39.0,2.5,975,907.92,0.8852,Large,Long,8.0,Stainless Steel 316L,0.8,150,Large Long pipe for PU injection
PIPE-02707,34,39.0,2.5,1000,907.92,0.9079,Large,Extra Long,8.0,Stainless Steel 316L,0.8,150,Large Extra Long pipe for PU injection
PIPE-02708,34,39.0,2.5,1000,907.92,0.9079,Large,Extra Long,8.0,Stainless Steel 316L,0.8,150,Large Extra Long pipe for PU injection
PIPE-02709,34,39.0,2.5,1050,907.92,0.9533,Large,Extra Long,8.0,Stainless Steel 316L,0.8,150,Large Extra Long pipe for PU injection
PIPE-02710,34,39.0,2.5,1100,907.92,0.9987,Large,Extra Long,8.0,Stainless Steel 316L,0.8,150,Large Extra Long pipe for PU injection
PIPE-02711,34,39.0,2.5,1150,907.92,1.0441,Large,Extra Long,8.0,Stainless Steel 316L,0.8,150,Large Extra Long pipe for PU injection
PIPE-02712,34,39.0,2.5,1200,907.92,1.0895,Large,Extra Long,8.0,Stainless Steel 316L,0.8,150,Large Extra Long pipe for PU injection
PIPE-02713,34,39.0,2.5,1250,907.92,1.1349,Large,Extra Long,8.0,Stainless Steel 316L,0.8,150,Large Extra Long pipe for PU injection
PIPE-02714,34,39.0,2.5,1300,907.92,1.1803,Large,Extra Long,8.0,Stainless Steel 316L,0.8,150,Large Extra Long pipe for PU injection
PIPE-02715,34,39.0,2.5,1350,907.92,1.2257,Large,Extra Long,8.0,Stainless Steel 316L,0.8,150,Large Extra Long pipe for PU injection
PIPE-02716,34,39.0,2.5,1400,907.92,1.2711,Large,Extra Long,8.0,Stainless Steel 316L,0.8,150,Large Extra Long pipe for PU injection
PIPE-02717,34,39.0,2.5,1450,907.92,1.3165,Large,Extra Long,8.0,Stainless Steel 316L,0.8,150,Large Extra Long pipe for PU injection
PIPE-02718,34,39.0,2.5,1500,907.92,1.3619,Large,Extra Long,8.0,Stainless Steel 316L,0.8,150,Large Extra Long pipe for PU injection
PIPE-02719,34,39.0,2.5,1550,907.92,1.4073,Large,Extra Long,8.0,Stainless Steel 316L,0.8,150,Large Extra Long pipe for PU injection
PIPE-02720,34,39.0,2.5,1600,907.92,1.4527,Large,Extra Long,8.0,Stainless Steel 316L,0.8,150,Large Extra Long pipe for PU injection
PIPE-02721,34,39.0,2.5,1650,907.92,1.4981,Large,Extra Long,8.0,Stainless Steel 316L,0.8,150,Large Extra Long pipe for PU injection
PIPE-02722,34,39.0,2.5,1700,907.92,1.5435,Large,Extra Long,8.0,Stainless Steel 316L,0.8,150,Large Extra Long pipe for PU injection
PIPE-02723,34,39.0,2.5,1750,907.92,1.5889,Large,Extra Long,8.0,Stainless Steel 316L,0.8,150,Large Extra Long pipe for PU injection
PIPE-02724,34,39.0,2.5,1800,907.92,1.6343,Large,Extra Long,8.0,Stainless Steel 316L,0.8,150,Large Extra Long pipe for PU injection
PIPE-02725,34,39.0,2.5,1850,907.92,1.6797,Large,Extra Long,8.0,Stainless Steel 316L,0.8,150,Large Extra Long pipe for PU injection
PIPE-02726,34,39.0,2.5,1900,907.92,1.725,Large,Extra Long,8.0,Stainless Steel 316L,0.8,150,Large Extra Long pipe for PU injection
PIPE-02727,34,39.0,2.5,1950,907.92,1.7704,Large,Extra Long,8.0,Stainless Steel 316L,0.8,150,Large Extra Long pipe for PU injection
PIPE-02728,34,39.0,2.5,2000,907.92,1.8158,Large,Extra Long,8.0,Stainless Steel 316L,0.8,150,Large Extra Long pipe for PU injection
PIPE-02729,35,40.0,2.5,50,962.11,0.0481,Extra Large,Short,8.0,Stainless Steel 316L,0.8,150,Extra Large Short pipe for PU injection
PIPE-02730,35,40.0,2.5,60,962.11,0.0577,Extra Large,Short,8.0,Stainless Steel 316L,0.8,150,Extra Large Short pipe for PU injection
PIPE-02731,35,40.0,2.5,70,962.11,0.0673,Extra Large,Short,8.0,Stainless Steel 316L,0.8,150,Extra Large Short pipe for PU injection
PIPE-02732,35,40.0,2.5,80,962.11,0.077,Extra Large,Short,8.0,Stainless Steel 316L,0.8,150,Extra Large Short pipe for PU injection
PIPE-02733,35,40.0,2.5,90,962.11,0.0866,Extra Large,Short,8.0,Stainless Steel 316L,0.8,150,Extra Large Short pipe for PU injection
PIPE-02734,35,40.0,2.5,100,962.11,0.0962,Extra Large,Short,8.0,Stainless Steel 316L,0.8,150,Extra Large Short pipe for PU injection
PIPE-02735,35,40.0,2.5,110,962.11,0.1058,Extra Large,Short,8.0,Stainless Steel 316L,0.8,150,Extra Large Short pipe for PU injection
PIPE-02736,35,40.0,2.5,120,962.11,0.1155,Extra Large,Short,8.0,Stainless Steel 316L,0.8,150,Extra Large Short pipe for PU injection
PIPE-02737,35,40.0,2.5,130,962.11,0.1251,Extra Large,Short,8.0,Stainless Steel 316L,0.8,150,Extra Large Short pipe for PU injection
PIPE-02738,35,40.0,2.5,140,962.11,0.1347,Extra Large,Short,8.0,Stainless Steel 316L,0.8,150,Extra Large Short pipe for PU injection
PIPE-02739,35,40.0,2.5,150,962.11,0.1443,Extra Large,Short,8.0,Stainless Steel 316L,0.8,150,Extra Large Short pipe for PU injection
PIPE-02740,35,40.0,2.5,160,962.11,0.1539,Extra Large,Short,8.0,Stainless Steel 316L,0.8,150,Extra Large Short pipe for PU injection
PIPE-02741,35,40.0,2.5,170,962.11,0.1636,Extra Large,Short,8.0,Stainless Steel 316L,0.8,150,Extra Large Short pipe for PU injection
PIPE-02742,35,40.0,2.5,180,962.11,0.1732,Extra Large,Short,8.0,Stainless Steel 316L,0.8,150,Extra Large Short pipe for PU injection
PIPE-02743,35,40.0,2.5,190,962.11,0.1828,Extra Large,Short,8.0,Stainless Steel 316L,0.8,150,Extra Large Short pipe for PU injection
PIPE-02744,35,40.0,2.5,200,962.11,0.1924,Extra Large,Medium,8.0,Stainless Steel 316L,0.8,150,Extra Large Medium pipe for PU injection
PIPE-02745,35,40.0,2.5,210,962.11,0.202,Extra Large,Medium,8.0,Stainless Steel 316L,0.8,150,Extra Large Medium pipe for PU injection
PIPE-02746,35,40.0,2.5,220,962.11,0.2117,Extra Large,Medium,8.0,Stainless Steel 316L,0.8,150,Extra Large Medium pipe for PU injection
PIPE-02747,35,40.0,2.5,230,962.11,0.2213,Extra Large,Medium,8.0,Stainless Steel 316L,0.8,150,Extra Large Medium pipe for PU injection
PIPE-02748,35,40.0,2.5,240,962.11,0.2309,Extra Large,Medium,8.0,Stainless Steel 316L,0.8,150,Extra Large Medium pipe for PU injection
PIPE-02749,35,40.0,2.5,250,962.11,0.2405,Extra Large,Medium,8.0,Stainless Steel 316L,0.8,150,Extra Large Medium pipe for PU injection
PIPE-02750,35,40.0,2.5,260,962.11,0.2501,Extra Large,Medium,8.0,Stainless Steel 316L,0.8,150,Extra Large Medium pipe for PU injection
PIPE-02751,35,40.0,2.5,270,962.11,0.2598,Extra Large,Medium,8.0,Stainless Steel 316L,0.8,150,Extra Large Medium pipe for PU injection
PIPE-02752,35,40.0,2.5,280,962.11,0.2694,Extra Large,Medium,8.0,Stainless Steel 316L,0.8,150,Extra Large Medium pipe for PU injection
PIPE-02753,35,40.0,2.5,290,962.11,0.279,Extra Large,Medium,8.0,Stainless Steel 316L,0.8,150,Extra Large Medium pipe for PU injection
PIPE-02754,35,40.0,2.5,300,962.11,0.2886,Extra Large,Medium,8.0,Stainless Steel 316L,0.8,150,Extra Large Medium pipe for PU injection
PIPE-02755,35,40.0,2.5,310,962.11,0.2983,Extra Large,Medium,8.0,Stainless Steel 316L,0.8,150,Extra Large Medium pipe for PU injection
PIPE-02756,35,40.0,2.5,320,962.11,0.3079,Extra Large,Medium,8.0,Stainless Steel 316L,0.8,150,Extra Large Medium pipe for PU injection
PIPE-02757,35,40.0,2.5,330,962.11,0.3175,Extra Large,Medium,8.0,Stainless Steel 316L,0.8,150,Extra Large Medium pipe for PU injection
PIPE-02758,35,40.0,2.5,340,962.11,0.3271,Extra Large,Medium,8.0,Stainless Steel 316L,0.8,150,Extra Large Medium pipe for PU injection
PIPE-02759,35,40.0,2.5,350,962.11,0.3367,Extra Large,Medium,8.0,Stainless Steel 316L,0.8,150,Extra Large Medium pipe for PU injection
PIPE-02760,35,40.0,2.5,360,962.11,0.3464,Extra Large,Medium,8.0,Stainless Steel 316L,0.8,150,Extra Large Medium pipe for PU injection
PIPE-02761,35,40.0,2.5,370,962.11,0.356,Extra Large,Medium,8.0,Stainless Steel 316L,0.8,150,Extra Large Medium pipe for PU injection
PIPE-02762,35,40.0,2.5,380,962.11,0.3656,Extra Large,Medium,8.0,Stainless Steel 316L,0.8,150,Extra Large Medium pipe for PU injection
PIPE-02763,35,40.0,2.5,390,962.11,0.3752,Extra Large,Medium,8.0,Stainless Steel 316L,0.8,150,Extra Large Medium pipe for PU injection
PIPE-02764,35,40.0,2.5,400,962.11,0.3848,Extra Large,Medium,8.0,Stainless Steel 316L,0.8,150,Extra Large Medium pipe for PU injection
PIPE-02765,35,40.0,2.5,410,962.11,0.3945,Extra Large,Medium,8.0,Stainless Steel 316L,0.8,150,Extra Large Medium pipe for PU injection
PIPE-02766,35,40.0,2.5,420,962.11,0.4041,Extra Large,Medium,8.0,Stainless Steel 316L,0.8,150,Extra Large Medium pipe for PU injection
PIPE-02767,35,40.0,2.5,430,962.11,0.4137,Extra Large,Medium,8.0,Stainless Steel 316L,0.8,150,Extra Large Medium pipe for PU injection
PIPE-02768,35,40.0,2.5,440,962.11,0.4233,Extra Large,Medium,8.0,Stainless Steel 316L,0.8,150,Extra Large Medium pipe for PU injection
PIPE-02769,35,40.0,2.5,450,962.11,0.433,Extra Large,Medium,8.0,Stainless Steel 316L,0.8,150,Extra Large Medium pipe for PU injection
PIPE-02770,35,40.0,2.5,460,962.11,0.4426,Extra Large,Medium,8.0,Stainless Steel 316L,0.8,150,Extra Large Medium pipe for PU injection
PIPE-02771,35,40.0,2.5,470,962.11,0.4522,Extra Large,Medium,8.0,Stainless Steel 316L,0.8,150,Extra Large Medium pipe for PU injection
PIPE-02772,35,40.0,2.5,480,962.11,0.4618,Extra Large,Medium,8.0,Stainless Steel 316L,0.8,150,Extra Large Medium pipe for PU injection
PIPE-02773,35,40.0,2.5,490,962.11,0.4714,Extra Large,Medium,8.0,Stainless Steel 316L,0.8,150,Extra Large Medium pipe for PU injection
PIPE-02774,35,40.0,2.5,500,962.11,0.4811,Extra Large,Long,8.0,Stainless Steel 316L,0.8,150,Extra Large Long pipe for PU injection
PIPE-02775,35,40.0,2.5,500,962.11,0.4811,Extra Large,Long,8.0,Stainless Steel 316L,0.8,150,Extra Large Long pipe for PU injection
PIPE-02776,35,40.0,2.5,525,962.11,0.5051,Extra Large,Long,8.0,Stainless Steel 316L,0.8,150,Extra Large Long pipe for PU injection
PIPE-02777,35,40.0,2.5,550,962.11,0.5292,Extra Large,Long,8.0,Stainless Steel 316L,0.8,150,Extra Large Long pipe for PU injection
PIPE-02778,35,40.0,2.5,575,962.11,0.5532,Extra Large,Long,8.0,Stainless Steel 316L,0.8,150,Extra Large Long pipe for PU injection
PIPE-02779,35,40.0,2.5,600,962.11,0.5773,Extra Large,Long,8.0,Stainless Steel 316L,0.8,150,Extra Large Long pipe for PU injection
PIPE-02780,35,40.0,2.5,625,962.11,0.6013,Extra Large,Long,8.0,Stainless Steel 316L,0.8,150,Extra Large Long pipe for PU injection
PIPE-02781,35,40.0,2.5,650,962.11,0.6254,Extra Large,Long,8.0,Stainless Steel 316L,0.8,150,Extra Large Long pipe for PU injection
PIPE-02782,35,40.0,2.5,675,962.11,0.6494,Extra Large,Long,8.0,Stainless Steel 316L,0.8,150,Extra Large Long pipe for PU injection
PIPE-02783,35,40.0,2.5,700,962.11,0.6735,Extra Large,Long,8.0,Stainless Steel 316L,0.8,150,Extra Large Long pipe for PU injection
PIPE-02784,35,40.0,2.5,725,962.11,0.6975,Extra Large,Long,8.0,Stainless Steel 316L,0.8,150,Extra Large Long pipe for PU injection
PIPE-02785,35,40.0,2.5,750,962.11,0.7216,Extra Large,Long,8.0,Stainless Steel 316L,0.8,150,Extra Large Long pipe for PU injection
PIPE-02786,35,40.0,2.5,775,962.11,0.7456,Extra Large,Long,8.0,Stainless Steel 316L,0.8,150,Extra Large Long pipe for PU injection
PIPE-02787,35,40.0,2.5,800,962.11,0.7697,Extra Large,Long,8.0,Stainless Steel 316L,0.8,150,Extra Large Long pipe for PU injection
PIPE-02788,35,40.0,2.5,825,962.11,0.7937,Extra Large,Long,8.0,Stainless Steel 316L,0.8,150,Extra Large Long pipe for PU injection
PIPE-02789,35,40.0,2.5,850,962.11,0.8178,Extra Large,Long,8.0,Stainless Steel 316L,0.8,150,Extra Large Long pipe for PU injection
PIPE-02790,35,40.0,2.5,875,962.11,0.8418,Extra Large,Long,8.0,Stainless Steel 316L,0.8,150,Extra Large Long pipe for PU injection
PIPE-02791,35,40.0,2.5,900,962.11,0.8659,Extra Large,Long,8.0,Stainless Steel 316L,0.8,150,Extra Large Long pipe for PU injection
PIPE-02792,35,40.0,2.5,925,962.11,0.89,Extra Large,Long,8.0,Stainless Steel 316L,0.8,150,Extra Large Long pipe for PU injection
PIPE-02793,35,40.0,2.5,950,962.11,0.914,Extra Large,Long,8.0,Stainless Steel 316L,0.8,150,Extra Large Long pipe for PU injection
PIPE-02794,35,40.0,2.5,975,962.11,0.9381,Extra Large,Long,8.0,Stainless Steel 316L,0.8,150,Extra Large Long pipe for PU injection
PIPE-02795,35,40.0,2.5,1000,962.11,0.9621,Extra Large,Extra Long,8.0,Stainless Steel 316L,0.8,150,Extra Large Extra Long pipe for PU injection
PIPE-02796,35,40.0,2.5,1000,962.11,0.9621,Extra Large,Extra Long,8.0,Stainless Steel 316L,0.8,150,Extra Large Extra Long pipe for PU injection
PIPE-02797,35,40.0,2.5,1050,962.11,1.0102,Extra Large,Extra Long,8.0,Stainless Steel 316L,0.8,150,Extra Large Extra Long pipe for PU injection
PIPE-02798,35,40.0,2.5,1100,962.11,1.0583,Extra Large,Extra Long,8.0,Stainless Steel 316L,0.8,150,Extra Large Extra Long pipe for PU injection
PIPE-02799,35,40.0,2.5,1150,962.11,1.1064,Extra Large,Extra Long,8.0,Stainless Steel 316L,0.8,150,Extra Large Extra Long pipe for PU injection
PIPE-02800,35,40.0,2.5,1200,962.11,1.1545,Extra Large,Extra Long,8.0,Stainless Steel 316L,0.8,150,Extra Large Extra Long pipe for PU injection
PIPE-02801,35,40.0,2.5,1250,962.11,1.2026,Extra Large,Extra Long,8.0,Stainless Steel 316L,0.8,150,Extra Large Extra Long pipe for PU injection
PIPE-02802,35,40.0,2.5,1300,962.11,1.2507,Extra Large,Extra Long,8.0,Stainless Steel 316L,0.8,150,Extra Large Extra Long pipe for PU injection
PIPE-02803,35,40.0,2.5,1350,962.11,1.2989,Extra Large,Extra Long,8.0,Stainless Steel 316L,0.8,150,Extra Large Extra Long pipe for PU injection
PIPE-02804,35,40.0,2.5,1400,962.11,1.347,Extra Large,Extra Long,8.0,Stainless Steel 316L,0.8,150,Extra Large Extra Long pipe for PU injection
PIPE-02805,35,40.0,2.5,1450,962.11,1.3951,Extra Large,Extra Long,8.0,Stainless Steel 316L,0.8,150,Extra Large Extra Long pipe for PU injection
PIPE-02806,35,40.0,2.5,1500,962.11,1.4432,Extra Large,Extra Long,8.0,Stainless Steel 316L,0.8,150,Extra Large Extra Long pipe for PU injection
PIPE-02807,35,40.0,2.5,1550,962.11,1.4913,Extra Large,Extra Long,8.0,Stainless Steel 316L,0.8,150,Extra Large Extra Long pipe for PU injection
PIPE-02808,35,40.0,2.5,1600,962.11,1.5394,Extra Large,Extra Long,8.0,Stainless Steel 316L,0.8,150,Extra Large Extra Long pipe for PU injection
PIPE-02809,35,40.0,2.5,1650,962.11,1.5875,Extra Large,Extra Long,8.0,Stainless Steel 316L,0.8,150,Extra Large Extra Long pipe for PU injection
PIPE-02810,35,40.0,2.5,1700,962.11,1.6356,Extra Large,Extra Long,8.0,Stainless Steel 316L,0.8,150,Extra Large Extra Long pipe for PU injection
PIPE-02811,35,40.0,2.5,1750,962.11,1.6837,Extra Large,Extra Long,8.0,Stainless Steel 316L,0.8,150,Extra Large Extra Long pipe for PU injection
PIPE-02812,35,40.0,2.5,1800,962.11,1.7318,Extra Large,Extra Long,8.0,Stainless Steel 316L,0.8,150,Extra Large Extra Long pipe for PU injection
PIPE-02813,35,40.0,2.5,1850,962.11,1.7799,Extra Large,Extra Long,8.0,Stainless Steel 316L,0.8,150,Extra Large Extra Long pipe for PU injection
PIPE-02814,35,40.0,2.5,1900,962.11,1.828,Extra Large,Extra Long,8.0,Stainless Steel 316L,0.8,150,Extra Large Extra Long pipe for PU injection
PIPE-02815,35,40.0,2.5,1950,962.11,1.8761,Extra Large,Extra Long,8.0,Stainless Steel 316L,0.8,150,Extra Large Extra Long pipe for PU injection
PIPE-02816,35,40.0,2.5,2000,962.11,1.9242,Extra Large,Extra Long,8.0,Stainless Steel 316L,0.8,150,Extra Large Extra Long pipe for PU injection
PIPE-02817,36,41.0,2.5,50,1017.88,0.0509,Extra Large,Short,6.0,Stainless Steel 316L,0.8,150,Extra Large Short pipe for PU injection
PIPE-02818,36,41.0,2.5,60,1017.88,0.0611,Extra Large,Short,6.0,Stainless Steel 316L,0.8,150,Extra Large Short pipe for PU injection
PIPE-02819,36,41.0,2.5,70,1017.88,0.0713,Extra Large,Short,6.0,Stainless Steel 316L,0.8,150,Extra Large Short pipe for PU injection
PIPE-02820,36,41.0,2.5,80,1017.88,0.0814,Extra Large,Short,6.0,Stainless Steel 316L,0.8,150,Extra Large Short pipe for PU injection
PIPE-02821,36,41.0,2.5,90,1017.88,0.0916,Extra Large,Short,6.0,Stainless Steel 316L,0.8,150,Extra Large Short pipe for PU injection
PIPE-02822,36,41.0,2.5,100,1017.88,0.1018,Extra Large,Short,6.0,Stainless Steel 316L,0.8,150,Extra Large Short pipe for PU injection
PIPE-02823,36,41.0,2.5,110,1017.88,0.112,Extra Large,Short,6.0,Stainless Steel 316L,0.8,150,Extra Large Short pipe for PU injection
PIPE-02824,36,41.0,2.5,120,1017.88,0.1221,Extra Large,Short,6.0,Stainless Steel 316L,0.8,150,Extra Large Short pipe for PU injection
PIPE-02825,36,41.0,2.5,130,1017.88,0.1323,Extra Large,Short,6.0,Stainless Steel 316L,0.8,150,Extra Large Short pipe for PU injection
PIPE-02826,36,41.0,2.5,140,1017.88,0.1425,Extra Large,Short,6.0,Stainless Steel 316L,0.8,150,Extra Large Short pipe for PU injection
PIPE-02827,36,41.0,2.5,150,1017.88,0.1527,Extra Large,Short,6.0,Stainless Steel 316L,0.8,150,Extra Large Short pipe for PU injection
PIPE-02828,36,41.0,2.5,160,1017.88,0.1629,Extra Large,Short,6.0,Stainless Steel 316L,0.8,150,Extra Large Short pipe for PU injection
PIPE-02829,36,41.0,2.5,170,1017.88,0.173,Extra Large,Short,6.0,Stainless Steel 316L,0.8,150,Extra Large Short pipe for PU injection
PIPE-02830,36,41.0,2.5,180,1017.88,0.1832,Extra Large,Short,6.0,Stainless Steel 316L,0.8,150,Extra Large Short pipe for PU injection
PIPE-02831,36,41.0,2.5,190,1017.88,0.1934,Extra Large,Short,6.0,Stainless Steel 316L,0.8,150,Extra Large Short pipe for PU injection
PIPE-02832,36,41.0,2.5,200,1017.88,0.2036,Extra Large,Medium,6.0,Stainless Steel 316L,0.8,150,Extra Large Medium pipe for PU injection
PIPE-02833,36,41.0,2.5,210,1017.88,0.2138,Extra Large,Medium,6.0,Stainless Steel 316L,0.8,150,Extra Large Medium pipe for PU injection
PIPE-02834,36,41.0,2.5,220,1017.88,0.2239,Extra Large,Medium,6.0,Stainless Steel 316L,0.8,150,Extra Large Medium pipe for PU injection
PIPE-02835,36,41.0,2.5,230,1017.88,0.2341,Extra Large,Medium,6.0,Stainless Steel 316L,0.8,150,Extra Large Medium pipe for PU injection
PIPE-02836,36,41.0,2.5,240,1017.88,0.2443,Extra Large,Medium,6.0,Stainless Steel 316L,0.8,150,Extra Large Medium pipe for PU injection
PIPE-02837,36,41.0,2.5,250,1017.88,0.2545,Extra Large,Medium,6.0,Stainless Steel 316L,0.8,150,Extra Large Medium pipe for PU injection
PIPE-02838,36,41.0,2.5,260,1017.88,0.2646,Extra Large,Medium,6.0,Stainless Steel 316L,0.8,150,Extra Large Medium pipe for PU injection
PIPE-02839,36,41.0,2.5,270,1017.88,0.2748,Extra Large,Medium,6.0,Stainless Steel 316L,0.8,150,Extra Large Medium pipe for PU injection
PIPE-02840,36,41.0,2.5,280,1017.88,0.285,Extra Large,Medium,6.0,Stainless Steel 316L,0.8,150,Extra Large Medium pipe for PU injection
PIPE-02841,36,41.0,2.5,290,1017.88,0.2952,Extra Large,Medium,6.0,Stainless Steel 316L,0.8,150,Extra Large Medium pipe for PU injection
PIPE-02842,36,41.0,2.5,300,1017.88,0.3054,Extra Large,Medium,6.0,Stainless Steel 316L,0.8,150,Extra Large Medium pipe for PU injection
PIPE-02843,36,41.0,2.5,310,1017.88,0.3155,Extra Large,Medium,6.0,Stainless Steel 316L,0.8,150,Extra Large Medium pipe for PU injection
PIPE-02844,36,41.0,2.5,320,1017.88,0.3257,Extra Large,Medium,6.0,Stainless Steel 316L,0.8,150,Extra Large Medium pipe for PU injection
PIPE-02845,36,41.0,2.5,330,1017.88,0.3359,Extra Large,Medium,6.0,Stainless Steel 316L,0.8,150,Extra Large Medium pipe for PU injection
PIPE-02846,36,41.0,2.5,340,1017.88,0.3461,Extra Large,Medium,6.0,Stainless Steel 316L,0.8,150,Extra Large Medium pipe for PU injection
PIPE-02847,36,41.0,2.5,350,1017.88,0.3563,Extra Large,Medium,6.0,Stainless Steel 316L,0.8,150,Extra Large Medium pipe for PU injection
PIPE-02848,36,41.0,2.5,360,1017.88,0.3664,Extra Large,Medium,6.0,Stainless Steel 316L,0.8,150,Extra Large Medium pipe for PU injection
PIPE-02849,36,41.0,2.5,370,1017.88,0.3766,Extra Large,Medium,6.0,Stainless Steel 316L,0.8,150,Extra Large Medium pipe for PU injection
PIPE-02850,36,41.0,2.5,380,1017.88,0.3868,Extra Large,Medium,6.0,Stainless Steel 316L,0.8,150,Extra Large Medium pipe for PU injection
PIPE-02851,36,41.0,2.5,390,1017.88,0.397,Extra Large,Medium,6.0,Stainless Steel 316L,0.8,150,Extra Large Medium pipe for PU injection
PIPE-02852,36,41.0,2.5,400,1017.88,0.4072,Extra Large,Medium,6.0,Stainless Steel 316L,0.8,150,Extra Large Medium pipe for PU injection
PIPE-02853,36,41.0,2.5,410,1017.88,0.4173,Extra Large,Medium,6.0,Stainless Steel 316L,0.8,150,Extra Large Medium pipe for PU injection
PIPE-02854,36,41.0,2.5,420,1017.88,0.4275,Extra Large,Medium,6.0,Stainless Steel 316L,0.8,150,Extra Large Medium pipe for PU injection
PIPE-02855,36,41.0,2.5,430,1017.88,0.4377,Extra Large,Medium,6.0,Stainless Steel 316L,0.8,150,Extra Large Medium pipe for PU injection
PIPE-02856,36,41.0,2.5,440,1017.88,0.4479,Extra Large,Medium,6.0,Stainless Steel 316L,0.8,150,Extra Large Medium pipe for PU injection
PIPE-02857,36,41.0,2.5,450,1017.88,0.458,Extra Large,Medium,6.0,Stainless Steel 316L,0.8,150,Extra Large Medium pipe for PU injection
PIPE-02858,36,41.0,2.5,460,1017.88,0.4682,Extra Large,Medium,6.0,Stainless Steel 316L,0.8,150,Extra Large Medium pipe for PU injection
PIPE-02859,36,41.0,2.5,470,1017.88,0.4784,Extra Large,Medium,6.0,Stainless Steel 316L,0.8,150,Extra Large Medium pipe for PU injection
PIPE-02860,36,41.0,2.5,480,1017.88,0.4886,Extra Large,Medium,6.0,Stainless Steel 316L,0.8,150,Extra Large Medium pipe for PU injection
PIPE-02861,36,41.0,2.5,490,1017.88,0.4988,Extra Large,Medium,6.0,Stainless Steel 316L,0.8,150,Extra Large Medium pipe for PU injection
PIPE-02862,36,41.0,2.5,500,1017.88,0.5089,Extra Large,Long,6.0,Stainless Steel 316L,0.8,150,Extra Large Long pipe for PU injection
PIPE-02863,36,41.0,2.5,500,1017.88,0.5089,Extra Large,Long,6.0,Stainless Steel 316L,0.8,150,Extra Large Long pipe for PU injection
PIPE-02864,36,41.0,2.5,525,1017.88,0.5344,Extra Large,Long,6.0,Stainless Steel 316L,0.8,150,Extra Large Long pipe for PU injection
PIPE-02865,36,41.0,2.5,550,1017.88,0.5598,Extra Large,Long,6.0,Stainless Steel 316L,0.8,150,Extra Large Long pipe for PU injection
PIPE-02866,36,41.0,2.5,575,1017.88,0.5853,Extra Large,Long,6.0,Stainless Steel 316L,0.8,150,Extra Large Long pipe for PU injection
PIPE-02867,36,41.0,2.5,600,1017.88,0.6107,Extra Large,Long,6.0,Stainless Steel 316L,0.8,150,Extra Large Long pipe for PU injection
PIPE-02868,36,41.0,2.5,625,1017.88,0.6362,Extra Large,Long,6.0,Stainless Steel 316L,0.8,150,Extra Large Long pipe for PU injection
PIPE-02869,36,41.0,2.5,650,1017.88,0.6616,Extra Large,Long,6.0,Stainless Steel 316L,0.8,150,Extra Large Long pipe for PU injection
PIPE-02870,36,41.0,2.5,675,1017.88,0.6871,Extra Large,Long,6.0,Stainless Steel 316L,0.8,150,Extra Large Long pipe for PU injection
PIPE-02871,36,41.0,2.5,700,1017.88,0.7125,Extra Large,Long,6.0,Stainless Steel 316L,0.8,150,Extra Large Long pipe for PU injection
PIPE-02872,36,41.0,2.5,725,1017.88,0.738,Extra Large,Long,6.0,Stainless Steel 316L,0.8,150,Extra Large Long pipe for PU injection
PIPE-02873,36,41.0,2.5,750,1017.88,0.7634,Extra Large,Long,6.0,Stainless Steel 316L,0.8,150,Extra Large Long pipe for PU injection
PIPE-02874,36,41.0,2.5,775,1017.88,0.7889,Extra Large,Long,6.0,Stainless Steel 316L,0.8,150,Extra Large Long pipe for PU injection
PIPE-02875,36,41.0,2.5,800,1017.88,0.8143,Extra Large,Long,6.0,Stainless Steel 316L,0.8,150,Extra Large Long pipe for PU injection
PIPE-02876,36,41.0,2.5,825,1017.88,0.8397,Extra Large,Long,6.0,Stainless Steel 316L,0.8,150,Extra Large Long pipe for PU injection
PIPE-02877,36,41.0,2.5,850,1017.88,0.8652,Extra Large,Long,6.0,Stainless Steel 316L,0.8,150,Extra Large Long pipe for PU injection
PIPE-02878,36,41.0,2.5,875,1017.88,0.8906,Extra Large,Long,6.0,Stainless Steel 316L,0.8,150,Extra Large Long pipe for PU injection
PIPE-02879,36,41.0,2.5,900,1017.88,0.9161,Extra Large,Long,6.0,Stainless Steel 316L,0.8,150,Extra Large Long pipe for PU injection
PIPE-02880,36,41.0,2.5,925,1017.88,0.9415,Extra Large,Long,6.0,Stainless Steel 316L,0.8,150,Extra Large Long pipe for PU injection
PIPE-02881,36,41.0,2.5,950,1017.88,0.967,Extra Large,Long,6.0,Stainless Steel 316L,0.8,150,Extra Large Long pipe for PU injection
PIPE-02882,36,41.0,2.5,975,1017.88,0.9924,Extra Large,Long,6.0,Stainless Steel 316L,0.8,150,Extra Large Long pipe for PU injection
PIPE-02883,36,41.0,2.5,1000,1017.88,1.0179,Extra Large,Extra Long,6.0,Stainless Steel 316L,0.8,150,Extra Large Extra Long pipe for PU injection
PIPE-02884,36,41.0,2.5,1000,1017.88,1.0179,Extra Large,Extra Long,6.0,Stainless Steel 316L,0.8,150,Extra Large Extra Long pipe for PU injection
PIPE-02885,36,41.0,2.5,1050,1017.88,1.0688,Extra Large,Extra Long,6.0,Stainless Steel 316L,0.8,150,Extra Large Extra Long pipe for PU injection
PIPE-02886,36,41.0,2.5,1100,1017.88,1.1197,Extra Large,Extra Long,6.0,Stainless Steel 316L,0.8,150,Extra Large Extra Long pipe for PU injection
PIPE-02887,36,41.0,2.5,1150,1017.88,1.1706,Extra Large,Extra Long,6.0,Stainless Steel 316L,0.8,150,Extra Large Extra Long pipe for PU injection
PIPE-02888,36,41.0,2.5,1200,1017.88,1.2215,Extra Large,Extra Long,6.0,Stainless Steel 316L,0.8,150,Extra Large Extra Long pipe for PU injection
PIPE-02889,36,41.0,2.5,1250,1017.88,1.2723,Extra Large,Extra Long,6.0,Stainless Steel 316L,0.8,150,Extra Large Extra Long pipe for PU injection
PIPE-02890,36,41.0,2.5,1300,1017.88,1.3232,Extra Large,Extra Long,6.0,Stainless Steel 316L,0.8,150,Extra Large Extra Long pipe for PU injection
PIPE-02891,36,41.0,2.5,1350,1017.88,1.3741,Extra Large,Extra Long,6.0,Stainless Steel 316L,0.8,150,Extra Large Extra Long pipe for PU injection
PIPE-02892,36,41.0,2.5,1400,1017.88,1.425,Extra Large,Extra Long,6.0,Stainless Steel 316L,0.8,150,Extra Large Extra Long pipe for PU injection
PIPE-02893,36,41.0,2.5,1450,1017.88,1.4759,Extra Large,Extra Long,6.0,Stainless Steel 316L,0.8,150,Extra Large Extra Long pipe for PU injection
PIPE-02894,36,41.0,2.5,1500,1017.88,1.5268,Extra Large,Extra Long,6.0,Stainless Steel 316L,0.8,150,Extra Large Extra Long pipe for PU injection
PIPE-02895,36,41.0,2.5,1550,1017.88,1.5777,Extra Large,Extra Long,6.0,Stainless Steel 316L,0.8,150,Extra Large Extra Long pipe for PU injection
PIPE-02896,36,41.0,2.5,1600,1017.88,1.6286,Extra Large,Extra Long,6.0,Stainless Steel 316L,0.8,150,Extra Large Extra Long pipe for PU injection
PIPE-02897,36,41.0,2.5,1650,1017.88,1.6795,Extra Large,Extra Long,6.0,Stainless Steel 316L,0.8,150,Extra Large Extra Long pipe for PU injection
PIPE-02898,36,41.0,2.5,1700,1017.88,1.7304,Extra Large,Extra Long,6.0,Stainless Steel 316L,0.8,150,Extra Large Extra Long pipe for PU injection
PIPE-02899,36,41.0,2.5,1750,1017.88,1.7813,Extra Large,Extra Long,6.0,Stainless Steel 316L,0.8,150,Extra Large Extra Long pipe for PU injection
PIPE-02900,36,41.0,2.5,1800,1017.88,1.8322,Extra Large,Extra Long,6.0,Stainless Steel 316L,0.8,150,Extra Large Extra Long pipe for PU injection
PIPE-02901,36,41.0,2.5,1850,1017.88,1.8831,Extra Large,Extra Long,6.0,Stainless Steel 316L,0.8,150,Extra Large Extra Long pipe for PU injection
PIPE-02902,36,41.0,2.5,1900,1017.88,1.934,Extra Large,Extra Long,6.0,Stainless Steel 316L,0.8,150,Extra Large Extra Long pipe for PU injection
PIPE-02903,36,41.0,2.5,1950,1017.88,1.9849,Extra Large,Extra Long,6.0,Stainless Steel 316L,0.8,150,Extra Large Extra Long pipe for PU injection
PIPE-02904,36,41.0,2.5,2000,1017.88,2.0358,Extra Large,Extra Long,6.0,Stainless Steel 316L,0.8,150,Extra Large Extra Long pipe for PU injection
PIPE-02905,37,42.0,2.5,50,1075.21,0.0538,Extra Large,Short,6.0,Stainless Steel 316L,0.8,150,Extra Large Short pipe for PU injection
PIPE-02906,37,42.0,2.5,60,1075.21,0.0645,Extra Large,Short,6.0,Stainless Steel 316L,0.8,150,Extra Large Short pipe for PU injection
PIPE-02907,37,42.0,2.5,70,1075.21,0.0753,Extra Large,Short,6.0,Stainless Steel 316L,0.8,150,Extra Large Short pipe for PU injection
PIPE-02908,37,42.0,2.5,80,1075.21,0.086,Extra Large,Short,6.0,Stainless Steel 316L,0.8,150,Extra Large Short pipe for PU injection
PIPE-02909,37,42.0,2.5,90,1075.21,0.0968,Extra Large,Short,6.0,Stainless Steel 316L,0.8,150,Extra Large Short pipe for PU injection
PIPE-02910,37,42.0,2.5,100,1075.21,0.1075,Extra Large,Short,6.0,Stainless Steel 316L,0.8,150,Extra Large Short pipe for PU injection
PIPE-02911,37,42.0,2.5,110,1075.21,0.1183,Extra Large,Short,6.0,Stainless Steel 316L,0.8,150,Extra Large Short pipe for PU injection
PIPE-02912,37,42.0,2.5,120,1075.21,0.129,Extra Large,Short,6.0,Stainless Steel 316L,0.8,150,Extra Large Short pipe for PU injection
PIPE-02913,37,42.0,2.5,130,1075.21,0.1398,Extra Large,Short,6.0,Stainless Steel 316L,0.8,150,Extra Large Short pipe for PU injection
PIPE-02914,37,42.0,2.5,140,1075.21,0.1505,Extra Large,Short,6.0,Stainless Steel 316L,0.8,150,Extra Large Short pipe for PU injection
PIPE-02915,37,42.0,2.5,150,1075.21,0.1613,Extra Large,Short,6.0,Stainless Steel 316L,0.8,150,Extra Large Short pipe for PU injection
PIPE-02916,37,42.0,2.5,160,1075.21,0.172,Extra Large,Short,6.0,Stainless Steel 316L,0.8,150,Extra Large Short pipe for PU injection
PIPE-02917,37,42.0,2.5,170,1075.21,0.1828,Extra Large,Short,6.0,Stainless Steel 316L,0.8,150,Extra Large Short pipe for PU injection
PIPE-02918,37,42.0,2.5,180,1075.21,0.1935,Extra Large,Short,6.0,Stainless Steel 316L,0.8,150,Extra Large Short pipe for PU injection
PIPE-02919,37,42.0,2.5,190,1075.21,0.2043,Extra Large,Short,6.0,Stainless Steel 316L,0.8,150,Extra Large Short pipe for PU injection
PIPE-02920,37,42.0,2.5,200,1075.21,0.215,Extra Large,Medium,6.0,Stainless Steel 316L,0.8,150,Extra Large Medium pipe for PU injection
PIPE-02921,37,42.0,2.5,210,1075.21,0.2258,Extra Large,Medium,6.0,Stainless Steel 316L,0.8,150,Extra Large Medium pipe for PU injection
PIPE-02922,37,42.0,2.5,220,1075.21,0.2365,Extra Large,Medium,6.0,Stainless Steel 316L,0.8,150,Extra Large Medium pipe for PU injection
PIPE-02923,37,42.0,2.5,230,1075.21,0.2473,Extra Large,Medium,6.0,Stainless Steel 316L,0.8,150,Extra Large Medium pipe for PU injection
PIPE-02924,37,42.0,2.5,240,1075.21,0.2581,Extra Large,Medium,6.0,Stainless Steel 316L,0.8,150,Extra Large Medium pipe for PU injection
PIPE-02925,37,42.0,2.5,250,1075.21,0.2688,Extra Large,Medium,6.0,Stainless Steel 316L,0.8,150,Extra Large Medium pipe for PU injection
PIPE-02926,37,42.0,2.5,260,1075.21,0.2796,Extra Large,Medium,6.0,Stainless Steel 316L,0.8,150,Extra Large Medium pipe for PU injection
PIPE-02927,37,42.0,2.5,270,1075.21,0.2903,Extra Large,Medium,6.0,Stainless Steel 316L,0.8,150,Extra Large Medium pipe for PU injection
PIPE-02928,37,42.0,2.5,280,1075.21,0.3011,Extra Large,Medium,6.0,Stainless Steel 316L,0.8,150,Extra Large Medium pipe for PU injection
PIPE-02929,37,42.0,2.5,290,1075.21,0.3118,Extra Large,Medium,6.0,Stainless Steel 316L,0.8,150,Extra Large Medium pipe for PU injection
PIPE-02930,37,42.0,2.5,300,1075.21,0.3226,Extra Large,Medium,6.0,Stainless Steel 316L,0.8,150,Extra Large Medium pipe for PU injection
PIPE-02931,37,42.0,2.5,310,1075.21,0.3333,Extra Large,Medium,6.0,Stainless Steel 316L,0.8,150,Extra Large Medium pipe for PU injection
PIPE-02932,37,42.0,2.5,320,1075.21,0.3441,Extra Large,Medium,6.0,Stainless Steel 316L,0.8,150,Extra Large Medium pipe for PU injection
PIPE-02933,37,42.0,2.5,330,1075.21,0.3548,Extra Large,Medium,6.0,Stainless Steel 316L,0.8,150,Extra Large Medium pipe for PU injection
PIPE-02934,37,42.0,2.5,340,1075.21,0.3656,Extra Large,Medium,6.0,Stainless Steel 316L,0.8,150,Extra Large Medium pipe for PU injection
PIPE-02935,37,42.0,2.5,350,1075.21,0.3763,Extra Large,Medium,6.0,Stainless Steel 316L,0.8,150,Extra Large Medium pipe for PU injection
PIPE-02936,37,42.0,2.5,360,1075.21,0.3871,Extra Large,Medium,6.0,Stainless Steel 316L,0.8,150,Extra Large Medium pipe for PU injection
PIPE-02937,37,42.0,2.5,370,1075.21,0.3978,Extra Large,Medium,6.0,Stainless Steel 316L,0.8,150,Extra Large Medium pipe for PU injection
PIPE-02938,37,42.0,2.5,380,1075.21,0.4086,Extra Large,Medium,6.0,Stainless Steel 316L,0.8,150,Extra Large Medium pipe for PU injection
PIPE-02939,37,42.0,2.5,390,1075.21,0.4193,Extra Large,Medium,6.0,Stainless Steel 316L,0.8,150,Extra Large Medium pipe for PU injection
PIPE-02940,37,42.0,2.5,400,1075.21,0.4301,Extra Large,Medium,6.0,Stainless Steel 316L,0.8,150,Extra Large Medium pipe for PU injection
PIPE-02941,37,42.0,2.5,410,1075.21,0.4408,Extra Large,Medium,6.0,Stainless Steel 316L,0.8,150,Extra Large Medium pipe for PU injection
PIPE-02942,37,42.0,2.5,420,1075.21,0.4516,Extra Large,Medium,6.0,Stainless Steel 316L,0.8,150,Extra Large Medium pipe for PU injection
PIPE-02943,37,42.0,2.5,430,1075.21,0.4623,Extra Large,Medium,6.0,Stainless Steel 316L,0.8,150,Extra Large Medium pipe for PU injection
PIPE-02944,37,42.0,2.5,440,1075.21,0.4731,Extra Large,Medium,6.0,Stainless Steel 316L,0.8,150,Extra Large Medium pipe for PU injection
PIPE-02945,37,42.0,2.5,450,1075.21,0.4838,Extra Large,Medium,6.0,Stainless Steel 316L,0.8,150,Extra Large Medium pipe for PU injection
PIPE-02946,37,42.0,2.5,460,1075.21,0.4946,Extra Large,Medium,6.0,Stainless Steel 316L,0.8,150,Extra Large Medium pipe for PU injection
PIPE-02947,37,42.0,2.5,470,1075.21,0.5053,Extra Large,Medium,6.0,Stainless Steel 316L,0.8,150,Extra Large Medium pipe for PU injection
PIPE-02948,37,42.0,2.5,480,1075.21,0.5161,Extra Large,Medium,6.0,Stainless Steel 316L,0.8,150,Extra Large Medium pipe for PU injection
PIPE-02949,37,42.0,2.5,490,1075.21,0.5269,Extra Large,Medium,6.0,Stainless Steel 316L,0.8,150,Extra Large Medium pipe for PU injection
PIPE-02950,37,42.0,2.5,500,1075.21,0.5376,Extra Large,Long,6.0,Stainless Steel 316L,0.8,150,Extra Large Long pipe for PU injection
PIPE-02951,37,42.0,2.5,500,1075.21,0.5376,Extra Large,Long,6.0,Stainless Steel 316L,0.8,150,Extra Large Long pipe for PU injection
PIPE-02952,37,42.0,2.5,525,1075.21,0.5645,Extra Large,Long,6.0,Stainless Steel 316L,0.8,150,Extra Large Long pipe for PU injection
PIPE-02953,37,42.0,2.5,550,1075.21,0.5914,Extra Large,Long,6.0,Stainless Steel 316L,0.8,150,Extra Large Long pipe for PU injection
PIPE-02954,37,42.0,2.5,575,1075.21,0.6182,Extra Large,Long,6.0,Stainless Steel 316L,0.8,150,Extra Large Long pipe for PU injection
PIPE-02955,37,42.0,2.5,600,1075.21,0.6451,Extra Large,Long,6.0,Stainless Steel 316L,0.8,150,Extra Large Long pipe for PU injection
PIPE-02956,37,42.0,2.5,625,1075.21,0.672,Extra Large,Long,6.0,Stainless Steel 316L,0.8,150,Extra Large Long pipe for PU injection
PIPE-02957,37,42.0,2.5,650,1075.21,0.6989,Extra Large,Long,6.0,Stainless Steel 316L,0.8,150,Extra Large Long pipe for PU injection
PIPE-02958,37,42.0,2.5,675,1075.21,0.7258,Extra Large,Long,6.0,Stainless Steel 316L,0.8,150,Extra Large Long pipe for PU injection
PIPE-02959,37,42.0,2.5,700,1075.21,0.7526,Extra Large,Long,6.0,Stainless Steel 316L,0.8,150,Extra Large Long pipe for PU injection
PIPE-02960,37,42.0,2.5,725,1075.21,0.7795,Extra Large,Long,6.0,Stainless Steel 316L,0.8,150,Extra Large Long pipe for PU injection
PIPE-02961,37,42.0,2.5,750,1075.21,0.8064,Extra Large,Long,6.0,Stainless Steel 316L,0.8,150,Extra Large Long pipe for PU injection
PIPE-02962,37,42.0,2.5,775,1075.21,0.8333,Extra Large,Long,6.0,Stainless Steel 316L,0.8,150,Extra Large Long pipe for PU injection
PIPE-02963,37,42.0,2.5,800,1075.21,0.8602,Extra Large,Long,6.0,Stainless Steel 316L,0.8,150,Extra Large Long pipe for PU injection
PIPE-02964,37,42.0,2.5,825,1075.21,0.887,Extra Large,Long,6.0,Stainless Steel 316L,0.8,150,Extra Large Long pipe for PU injection
PIPE-02965,37,42.0,2.5,850,1075.21,0.9139,Extra Large,Long,6.0,Stainless Steel 316L,0.8,150,Extra Large Long pipe for PU injection
PIPE-02966,37,42.0,2.5,875,1075.21,0.9408,Extra Large,Long,6.0,Stainless Steel 316L,0.8,150,Extra Large Long pipe for PU injection
PIPE-02967,37,42.0,2.5,900,1075.21,0.9677,Extra Large,Long,6.0,Stainless Steel 316L,0.8,150,Extra Large Long pipe for PU injection
PIPE-02968,37,42.0,2.5,925,1075.21,0.9946,Extra Large,Long,6.0,Stainless Steel 316L,0.8,150,Extra Large Long pipe for PU injection
PIPE-02969,37,42.0,2.5,950,1075.21,1.0214,Extra Large,Long,6.0,Stainless Steel 316L,0.8,150,Extra Large Long pipe for PU injection
PIPE-02970,37,42.0,2.5,975,1075.21,1.0483,Extra Large,Long,6.0,Stainless Steel 316L,0.8,150,Extra Large Long pipe for PU injection
PIPE-02971,37,42.0,2.5,1000,1075.21,1.0752,Extra Large,Extra Long,6.0,Stainless Steel 316L,0.8,150,Extra Large Extra Long pipe for PU injection
PIPE-02972,37,42.0,2.5,1000,1075.21,1.0752,Extra Large,Extra Long,6.0,Stainless Steel 316L,0.8,150,Extra Large Extra Long pipe for PU injection
PIPE-02973,37,42.0,2.5,1050,1075.21,1.129,Extra Large,Extra Long,6.0,Stainless Steel 316L,0.8,150,Extra Large Extra Long pipe for PU injection
PIPE-02974,37,42.0,2.5,1100,1075.21,1.1827,Extra Large,Extra Long,6.0,Stainless Steel 316L,0.8,150,Extra Large Extra Long pipe for PU injection
PIPE-02975,37,42.0,2.5,1150,1075.21,1.2365,Extra Large,Extra Long,6.0,Stainless Steel 316L,0.8,150,Extra Large Extra Long pipe for PU injection
PIPE-02976,37,42.0,2.5,1200,1075.21,1.2903,Extra Large,Extra Long,6.0,Stainless Steel 316L,0.8,150,Extra Large Extra Long pipe for PU injection
PIPE-02977,37,42.0,2.5,1250,1075.21,1.344,Extra Large,Extra Long,6.0,Stainless Steel 316L,0.8,150,Extra Large Extra Long pipe for PU injection
PIPE-02978,37,42.0,2.5,1300,1075.21,1.3978,Extra Large,Extra Long,6.0,Stainless Steel 316L,0.8,150,Extra Large Extra Long pipe for PU injection
PIPE-02979,37,42.0,2.5,1350,1075.21,1.4515,Extra Large,Extra Long,6.0,Stainless Steel 316L,0.8,150,Extra Large Extra Long pipe for PU injection
PIPE-02980,37,42.0,2.5,1400,1075.21,1.5053,Extra Large,Extra Long,6.0,Stainless Steel 316L,0.8,150,Extra Large Extra Long pipe for PU injection
PIPE-02981,37,42.0,2.5,1450,1075.21,1.5591,Extra Large,Extra Long,6.0,Stainless Steel 316L,0.8,150,Extra Large Extra Long pipe for PU injection
PIPE-02982,37,42.0,2.5,1500,1075.21,1.6128,Extra Large,Extra Long,6.0,Stainless Steel 316L,0.8,150,Extra Large Extra Long pipe for PU injection
PIPE-02983,37,42.0,2.5,1550,1075.21,1.6666,Extra Large,Extra Long,6.0,Stainless Steel 316L,0.8,150,Extra Large Extra Long pipe for PU injection
PIPE-02984,37,42.0,2.5,1600,1075.21,1.7203,Extra Large,Extra Long,6.0,Stainless Steel 316L,0.8,150,Extra Large Extra Long pipe for PU injection
PIPE-02985,37,42.0,2.5,1650,1075.21,1.7741,Extra Large,Extra Long,6.0,Stainless Steel 316L,0.8,150,Extra Large Extra Long pipe for PU injection
PIPE-02986,37,42.0,2.5,1700,1075.21,1.8279,Extra Large,Extra Long,6.0,Stainless Steel 316L,0.8,150,Extra Large Extra Long pipe for PU injection
PIPE-02987,37,42.0,2.5,1750,1075.21,1.8816,Extra Large,Extra Long,6.0,Stainless Steel 316L,0.8,150,Extra Large Extra Long pipe for PU injection
PIPE-02988,37,42.0,2.5,1800,1075.21,1.9354,Extra Large,Extra Long,6.0,Stainless Steel 316L,0.8,150,Extra Large Extra Long pipe for PU injection
PIPE-02989,37,42.0,2.5,1850,1075.21,1.9891,Extra Large,Extra Long,6.0,Stainless Steel 316L,0.8,150,Extra Large Extra Long pipe for PU injection
PIPE-02990,37,42.0,2.5,1900,1075.21,2.0429,Extra Large,Extra Long,6.0,Stainless Steel 316L,0.8,150,Extra Large Extra Long pipe for PU injection
PIPE-02991,37,42.0,2.5,1950,1075.21,2.0967,Extra Large,Extra Long,6.0,Stainless Steel 316L,0.8,150,Extra Large Extra Long pipe for PU injection
PIPE-02992,37,42.0,2.5,2000,1075.21,2.1504,Extra Large,Extra Long,6.0,Stainless Steel 316L,0.8,150,Extra Large Extra Long pipe for PU injection
PIPE-02993,38,43.0,2.5,50,1134.11,0.0567,Extra Large,Short,6.0,Stainless Steel 316L,0.8,150,Extra Large Short pipe for PU injection
PIPE-02994,38,43.0,2.5,60,1134.11,0.068,Extra Large,Short,6.0,Stainless Steel 316L,0.8,150,Extra Large Short pipe for PU injection
PIPE-02995,38,43.0,2.5,70,1134.11,0.0794,Extra Large,Short,6.0,Stainless Steel 316L,0.8,150,Extra Large Short pipe for PU injection
PIPE-02996,38,43.0,2.5,80,1134.11,0.0907,Extra Large,Short,6.0,Stainless Steel 316L,0.8,150,Extra Large Short pipe for PU injection
PIPE-02997,38,43.0,2.5,90,1134.11,0.1021,Extra Large,Short,6.0,Stainless Steel 316L,0.8,150,Extra Large Short pipe for PU injection
PIPE-02998,38,43.0,2.5,100,1134.11,0.1134,Extra Large,Short,6.0,Stainless Steel 316L,0.8,150,Extra Large Short pipe for PU injection
PIPE-02999,38,43.0,2.5,110,1134.11,0.1248,Extra Large,Short,6.0,Stainless Steel 316L,0.8,150,Extra Large Short pipe for PU injection
PIPE-03000,38,43.0,2.5,120,1134.11,0.1361,Extra Large,Short,6.0,Stainless Steel 316L,0.8,150,Extra Large Short pipe for PU injection
PIPE-03001,38,43.0,2.5,130,1134.11,0.1474,Extra Large,Short,6.0,Stainless Steel 316L,0.8,150,Extra Large Short pipe for PU injection
PIPE-03002,38,43.0,2.5,140,1134.11,0.1588,Extra Large,Short,6.0,Stainless Steel 316L,0.8,150,Extra Large Short pipe for PU injection
PIPE-03003,38,43.0,2.5,150,1134.11,0.1701,Extra Large,Short,6.0,Stainless Steel 316L,0.8,150,Extra Large Short pipe for PU injection
PIPE-03004,38,43.0,2.5,160,1134.11,0.1815,Extra Large,Short,6.0,Stainless Steel 316L,0.8,150,Extra Large Short pipe for PU injection
PIPE-03005,38,43.0,2.5,170,1134.11,0.1928,Extra Large,Short,6.0,Stainless Steel 316L,0.8,150,Extra Large Short pipe for PU injection
PIPE-03006,38,43.0,2.5,180,1134.11,0.2041,Extra Large,Short,6.0,Stainless Steel 316L,0.8,150,Extra Large Short pipe for PU injection
PIPE-03007,38,43.0,2.5,190,1134.11,0.2155,Extra Large,Short,6.0,Stainless Steel 316L,0.8,150,Extra Large Short pipe for PU injection
PIPE-03008,38,43.0,2.5,200,1134.11,0.2268,Extra Large,Medium,6.0,Stainless Steel 316L,0.8,150,Extra Large Medium pipe for PU injection
PIPE-03009,38,43.0,2.5,210,1134.11,0.2382,Extra Large,Medium,6.0,Stainless Steel 316L,0.8,150,Extra Large Medium pipe for PU injection
PIPE-03010,38,43.0,2.5,220,1134.11,0.2495,Extra Large,Medium,6.0,Stainless Steel 316L,0.8,150,Extra Large Medium pipe for PU injection
PIPE-03011,38,43.0,2.5,230,1134.11,0.2608,Extra Large,Medium,6.0,Stainless Steel 316L,0.8,150,Extra Large Medium pipe for PU injection
PIPE-03012,38,43.0,2.5,240,1134.11,0.2722,Extra Large,Medium,6.0,Stainless Steel 316L,0.8,150,Extra Large Medium pipe for PU injection
PIPE-03013,38,43.0,2.5,250,1134.11,0.2835,Extra Large,Medium,6.0,Stainless Steel 316L,0.8,150,Extra Large Medium pipe for PU injection
PIPE-03014,38,43.0,2.5,260,1134.11,0.2949,Extra Large,Medium,6.0,Stainless Steel 316L,0.8,150,Extra Large Medium pipe for PU injection
PIPE-03015,38,43.0,2.5,270,1134.11,0.3062,Extra Large,Medium,6.0,Stainless Steel 316L,0.8,150,Extra Large Medium pipe for PU injection
PIPE-03016,38,43.0,2.5,280,1134.11,0.3176,Extra Large,Medium,6.0,Stainless Steel 316L,0.8,150,Extra Large Medium pipe for PU injection
PIPE-03017,38,43.0,2.5,290,1134.11,0.3289,Extra Large,Medium,6.0,Stainless Steel 316L,0.8,150,Extra Large Medium pipe for PU injection
PIPE-03018,38,43.0,2.5,300,1134.11,0.3402,Extra Large,Medium,6.0,Stainless Steel 316L,0.8,150,Extra Large Medium pipe for PU injection
PIPE-03019,38,43.0,2.5,310,1134.11,0.3516,Extra Large,Medium,6.0,Stainless Steel 316L,0.8,150,Extra Large Medium pipe for PU injection
PIPE-03020,38,43.0,2.5,320,1134.11,0.3629,Extra Large,Medium,6.0,Stainless Steel 316L,0.8,150,Extra Large Medium pipe for PU injection
PIPE-03021,38,43.0,2.5,330,1134.11,0.3743,Extra Large,Medium,6.0,Stainless Steel 316L,0.8,150,Extra Large Medium pipe for PU injection
PIPE-03022,38,43.0,2.5,340,1134.11,0.3856,Extra Large,Medium,6.0,Stainless Steel 316L,0.8,150,Extra Large Medium pipe for PU injection
PIPE-03023,38,43.0,2.5,350,1134.11,0.3969,Extra Large,Medium,6.0,Stainless Steel 316L,0.8,150,Extra Large Medium pipe for PU injection
PIPE-03024,38,43.0,2.5,360,1134.11,0.4083,Extra Large,Medium,6.0,Stainless Steel 316L,0.8,150,Extra Large Medium pipe for PU injection
PIPE-03025,38,43.0,2.5,370,1134.11,0.4196,Extra Large,Medium,6.0,Stainless Steel 316L,0.8,150,Extra Large Medium pipe for PU injection
PIPE-03026,38,43.0,2.5,380,1134.11,0.431,Extra Large,Medium,6.0,Stainless Steel 316L,0.8,150,Extra Large Medium pipe for PU injection
PIPE-03027,38,43.0,2.5,390,1134.11,0.4423,Extra Large,Medium,6.0,Stainless Steel 316L,0.8,150,Extra Large Medium pipe for PU injection
PIPE-03028,38,43.0,2.5,400,1134.11,0.4536,Extra Large,Medium,6.0,Stainless Steel 316L,0.8,150,Extra Large Medium pipe for PU injection
PIPE-03029,38,43.0,2.5,410,1134.11,0.465,Extra Large,Medium,6.0,Stainless Steel 316L,0.8,150,Extra Large Medium pipe for PU injection
PIPE-03030,38,43.0,2.5,420,1134.11,0.4763,Extra Large,Medium,6.0,Stainless Steel 316L,0.8,150,Extra Large Medium pipe for PU injection
PIPE-03031,38,43.0,2.5,430,1134.11,0.4877,Extra Large,Medium,6.0,Stainless Steel 316L,0.8,150,Extra Large Medium pipe for PU injection
PIPE-03032,38,43.0,2.5,440,1134.11,0.499,Extra Large,Medium,6.0,Stainless Steel 316L,0.8,150,Extra Large Medium pipe for PU injection
PIPE-03033,38,43.0,2.5,450,1134.11,0.5104,Extra Large,Medium,6.0,Stainless Steel 316L,0.8,150,Extra Large Medium pipe for PU injection
PIPE-03034,38,43.0,2.5,460,1134.11,0.5217,Extra Large,Medium,6.0,Stainless Steel 316L,0.8,150,Extra Large Medium pipe for PU injection
PIPE-03035,38,43.0,2.5,470,1134.11,0.533,Extra Large,Medium,6.0,Stainless Steel 316L,0.8,150,Extra Large Medium pipe for PU injection
PIPE-03036,38,43.0,2.5,480,1134.11,0.5444,Extra Large,Medium,6.0,Stainless Steel 316L,0.8,150,Extra Large Medium pipe for PU injection
PIPE-03037,38,43.0,2.5,490,1134.11,0.5557,Extra Large,Medium,6.0,Stainless Steel 316L,0.8,150,Extra Large Medium pipe for PU injection
PIPE-03038,38,43.0,2.5,500,1134.11,0.5671,Extra Large,Long,6.0,Stainless Steel 316L,0.8,150,Extra Large Long pipe for PU injection
PIPE-03039,38,43.0,2.5,500,1134.11,0.5671,Extra Large,Long,6.0,Stainless Steel 316L,0.8,150,Extra Large Long pipe for PU injection
PIPE-03040,38,43.0,2.5,525,1134.11,0.5954,Extra Large,Long,6.0,Stainless Steel 316L,0.8,150,Extra Large Long pipe for PU injection
PIPE-03041,38,43.0,2.5,550,1134.11,0.6238,Extra Large,Long,6.0,Stainless Steel 316L,0.8,150,Extra Large Long pipe for PU injection
PIPE-03042,38,43.0,2.5,575,1134.11,0.6521,Extra Large,Long,6.0,Stainless Steel 316L,0.8,150,Extra Large Long pipe for PU injection
PIPE-03043,38,43.0,2.5,600,1134.11,0.6805,Extra Large,Long,6.0,Stainless Steel 316L,0.8,150,Extra Large Long pipe for PU injection
PIPE-03044,38,43.0,2.5,625,1134.11,0.7088,Extra Large,Long,6.0,Stainless Steel 316L,0.8,150,Extra Large Long pipe for PU injection
PIPE-03045,38,43.0,2.5,650,1134.11,0.7372,Extra Large,Long,6.0,Stainless Steel 316L,0.8,150,Extra Large Long pipe for PU injection
PIPE-03046,38,43.0,2.5,675,1134.11,0.7655,Extra Large,Long,6.0,Stainless Steel 316L,0.8,150,Extra Large Long pipe for PU injection
PIPE-03047,38,43.0,2.5,700,1134.11,0.7939,Extra Large,Long,6.0,Stainless Steel 316L,0.8,150,Extra Large Long pipe for PU injection
PIPE-03048,38,43.0,2.5,725,1134.11,0.8222,Extra Large,Long,6.0,Stainless Steel 316L,0.8,150,Extra Large Long pipe for PU injection
PIPE-03049,38,43.0,2.5,750,1134.11,0.8506,Extra Large,Long,6.0,Stainless Steel 316L,0.8,150,Extra Large Long pipe for PU injection
PIPE-03050,38,43.0,2.5,775,1134.11,0.8789,Extra Large,Long,6.0,Stainless Steel 316L,0.8,150,Extra Large Long pipe for PU injection
PIPE-03051,38,43.0,2.5,800,1134.11,0.9073,Extra Large,Long,6.0,Stainless Steel 316L,0.8,150,Extra Large Long pipe for PU injection
PIPE-03052,38,43.0,2.5,825,1134.11,0.9356,Extra Large,Long,6.0,Stainless Steel 316L,0.8,150,Extra Large Long pipe for PU injection
PIPE-03053,38,43.0,2.5,850,1134.11,0.964,Extra Large,Long,6.0,Stainless Steel 316L,0.8,150,Extra Large Long pipe for PU injection
PIPE-03054,38,43.0,2.5,875,1134.11,0.9924,Extra Large,Long,6.0,Stainless Steel 316L,0.8,150,Extra Large Long pipe for PU injection
PIPE-03055,38,43.0,2.5,900,1134.11,1.0207,Extra Large,Long,6.0,Stainless Steel 316L,0.8,150,Extra Large Long pipe for PU injection
PIPE-03056,38,43.0,2.5,925,1134.11,1.0491,Extra Large,Long,6.0,Stainless Steel 316L,0.8,150,Extra Large Long pipe for PU injection
PIPE-03057,38,43.0,2.5,950,1134.11,1.0774,Extra Large,Long,6.0,Stainless Steel 316L,0.8,150,Extra Large Long pipe for PU injection
PIPE-03058,38,43.0,2.5,975,1134.11,1.1058,Extra Large,Long,6.0,Stainless Steel 316L,0.8,150,Extra Large Long pipe for PU injection
PIPE-03059,38,43.0,2.5,1000,1134.11,1.1341,Extra Large,Extra Long,6.0,Stainless Steel 316L,0.8,150,Extra Large Extra Long pipe for PU injection
PIPE-03060,38,43.0,2.5,1000,1134.11,1.1341,Extra Large,Extra Long,6.0,Stainless Steel 316L,0.8,150,Extra Large Extra Long pipe for PU injection
PIPE-03061,38,43.0,2.5,1050,1134.11,1.1908,Extra Large,Extra Long,6.0,Stainless Steel 316L,0.8,150,Extra Large Extra Long pipe for PU injection
PIPE-03062,38,43.0,2.5,1100,1134.11,1.2475,Extra Large,Extra Long,6.0,Stainless Steel 316L,0.8,150,Extra Large Extra Long pipe for PU injection
PIPE-03063,38,43.0,2.5,1150,1134.11,1.3042,Extra Large,Extra Long,6.0,Stainless Steel 316L,0.8,150,Extra Large Extra Long pipe for PU injection
PIPE-03064,38,43.0,2.5,1200,1134.11,1.3609,Extra Large,Extra Long,6.0,Stainless Steel 316L,0.8,150,Extra Large Extra Long pipe for PU injection
PIPE-03065,38,43.0,2.5,1250,1134.11,1.4176,Extra Large,Extra Long,6.0,Stainless Steel 316L,0.8,150,Extra Large Extra Long pipe for PU injection
PIPE-03066,38,43.0,2.5,1300,1134.11,1.4743,Extra Large,Extra Long,6.0,Stainless Steel 316L,0.8,150,Extra Large Extra Long pipe for PU injection
PIPE-03067,38,43.0,2.5,1350,1134.11,1.5311,Extra Large,Extra Long,6.0,Stainless Steel 316L,0.8,150,Extra Large Extra Long pipe for PU injection
PIPE-03068,38,43.0,2.5,1400,1134.11,1.5878,Extra Large,Extra Long,6.0,Stainless Steel 316L,0.8,150,Extra Large Extra Long pipe for PU injection
PIPE-03069,38,43.0,2.5,1450,1134.11,1.6445,Extra Large,Extra Long,6.0,Stainless Steel 316L,0.8,150,Extra Large Extra Long pipe for PU injection
PIPE-03070,38,43.0,2.5,1500,1134.11,1.7012,Extra Large,Extra Long,6.0,Stainless Steel 316L,0.8,150,Extra Large Extra Long pipe for PU injection
PIPE-03071,38,43.0,2.5,1550,1134.11,1.7579,Extra Large,Extra Long,6.0,Stainless Steel 316L,0.8,150,Extra Large Extra Long pipe for PU injection
PIPE-03072,38,43.0,2.5,1600,1134.11,1.8146,Extra Large,Extra Long,6.0,Stainless Steel 316L,0.8,150,Extra Large Extra Long pipe for PU injection
PIPE-03073,38,43.0,2.5,1650,1134.11,1.8713,Extra Large,Extra Long,6.0,Stainless Steel 316L,0.8,150,Extra Large Extra Long pipe for PU injection
PIPE-03074,38,43.0,2.5,1700,1134.11,1.928,Extra Large,Extra Long,6.0,Stainless Steel 316L,0.8,150,Extra Large Extra Long pipe for PU injection
PIPE-03075,38,43.0,2.5,1750,1134.11,1.9847,Extra Large,Extra Long,6.0,Stainless Steel 316L,0.8,150,Extra Large Extra Long pipe for PU injection
PIPE-03076,38,43.0,2.5,1800,1134.11,2.0414,Extra Large,Extra Long,6.0,Stainless Steel 316L,0.8,150,Extra Large Extra Long pipe for PU injection
PIPE-03077,38,43.0,2.5,1850,1134.11,2.0981,Extra Large,Extra Long,6.0,Stainless Steel 316L,0.8,150,Extra Large Extra Long pipe for PU injection
PIPE-03078,38,43.0,2.5,1900,1134.11,2.1548,Extra Large,Extra Long,6.0,Stainless Steel 316L,0.8,150,Extra Large Extra Long pipe for PU injection
PIPE-03079,38,43.0,2.5,1950,1134.11,2.2115,Extra Large,Extra Long,6.0,Stainless Steel 316L,0.8,150,Extra Large Extra Long pipe for PU injection
PIPE-03080,38,43.0,2.5,2000,1134.11,2.2682,Extra Large,Extra Long,6.0,Stainless Steel 316L,0.8,150,Extra Large Extra Long pipe for PU injection
PIPE-03081,39,44.0,2.5,50,1194.59,0.0597,Extra Large,Short,6.0,Stainless Steel 316L,0.8,150,Extra Large Short pipe for PU injection
PIPE-03082,39,44.0,2.5,60,1194.59,0.0717,Extra Large,Short,6.0,Stainless Steel 316L,0.8,150,Extra Large Short pipe for PU injection
PIPE-03083,39,44.0,2.5,70,1194.59,0.0836,Extra Large,Short,6.0,Stainless Steel 316L,0.8,150,Extra Large Short pipe for PU injection
PIPE-03084,39,44.0,2.5,80,1194.59,0.0956,Extra Large,Short,6.0,Stainless Steel 316L,0.8,150,Extra Large Short pipe for PU injection
PIPE-03085,39,44.0,2.5,90,1194.59,0.1075,Extra Large,Short,6.0,Stainless Steel 316L,0.8,150,Extra Large Short pipe for PU injection
PIPE-03086,39,44.0,2.5,100,1194.59,0.1195,Extra Large,Short,6.0,Stainless Steel 316L,0.8,150,Extra Large Short pipe for PU injection
PIPE-03087,39,44.0,2.5,110,1194.59,0.1314,Extra Large,Short,6.0,Stainless Steel 316L,0.8,150,Extra Large Short pipe for PU injection
PIPE-03088,39,44.0,2.5,120,1194.59,0.1434,Extra Large,Short,6.0,Stainless Steel 316L,0.8,150,Extra Large Short pipe for PU injection
PIPE-03089,39,44.0,2.5,130,1194.59,0.1553,Extra Large,Short,6.0,Stainless Steel 316L,0.8,150,Extra Large Short pipe for PU injection
PIPE-03090,39,44.0,2.5,140,1194.59,0.1672,Extra Large,Short,6.0,Stainless Steel 316L,0.8,150,Extra Large Short pipe for PU injection
PIPE-03091,39,44.0,2.5,150,1194.59,0.1792,Extra Large,Short,6.0,Stainless Steel 316L,0.8,150,Extra Large Short pipe for PU injection
PIPE-03092,39,44.0,2.5,160,1194.59,0.1911,Extra Large,Short,6.0,Stainless Steel 316L,0.8,150,Extra Large Short pipe for PU injection
PIPE-03093,39,44.0,2.5,170,1194.59,0.2031,Extra Large,Short,6.0,Stainless Steel 316L,0.8,150,Extra Large Short pipe for PU injection
PIPE-03094,39,44.0,2.5,180,1194.59,0.215,Extra Large,Short,6.0,Stainless Steel 316L,0.8,150,Extra Large Short pipe for PU injection
PIPE-03095,39,44.0,2.5,190,1194.59,0.227,Extra Large,Short,6.0,Stainless Steel 316L,0.8,150,Extra Large Short pipe for PU injection
PIPE-03096,39,44.0,2.5,200,1194.59,0.2389,Extra Large,Medium,6.0,Stainless Steel 316L,0.8,150,Extra Large Medium pipe for PU injection
PIPE-03097,39,44.0,2.5,210,1194.59,0.2509,Extra Large,Medium,6.0,Stainless Steel 316L,0.8,150,Extra Large Medium pipe for PU injection
PIPE-03098,39,44.0,2.5,220,1194.59,0.2628,Extra Large,Medium,6.0,Stainless Steel 316L,0.8,150,Extra Large Medium pipe for PU injection
PIPE-03099,39,44.0,2.5,230,1194.59,0.2748,Extra Large,Medium,6.0,Stainless Steel 316L,0.8,150,Extra Large Medium pipe for PU injection
PIPE-03100,39,44.0,2.5,240,1194.59,0.2867,Extra Large,Medium,6.0,Stainless Steel 316L,0.8,150,Extra Large Medium pipe for PU injection
PIPE-03101,39,44.0,2.5,250,1194.59,0.2986,Extra Large,Medium,6.0,Stainless Steel 316L,0.8,150,Extra Large Medium pipe for PU injection
PIPE-03102,39,44.0,2.5,260,1194.59,0.3106,Extra Large,Medium,6.0,Stainless Steel 316L,0.8,150,Extra Large Medium pipe for PU injection
PIPE-03103,39,44.0,2.5,270,1194.59,0.3225,Extra Large,Medium,6.0,Stainless Steel 316L,0.8,150,Extra Large Medium pipe for PU injection
PIPE-03104,39,44.0,2.5,280,1194.59,0.3345,Extra Large,Medium,6.0,Stainless Steel 316L,0.8,150,Extra Large Medium pipe for PU injection
PIPE-03105,39,44.0,2.5,290,1194.59,0.3464,Extra Large,Medium,6.0,Stainless Steel 316L,0.8,150,Extra Large Medium pipe for PU injection
PIPE-03106,39,44.0,2.5,300,1194.59,0.3584,Extra Large,Medium,6.0,Stainless Steel 316L,0.8,150,Extra Large Medium pipe for PU injection
PIPE-03107,39,44.0,2.5,310,1194.59,0.3703,Extra Large,Medium,6.0,Stainless Steel 316L,0.8,150,Extra Large Medium pipe for PU injection
PIPE-03108,39,44.0,2.5,320,1194.59,0.3823,Extra Large,Medium,6.0,Stainless Steel 316L,0.8,150,Extra Large Medium pipe for PU injection
PIPE-03109,39,44.0,2.5,330,1194.59,0.3942,Extra Large,Medium,6.0,Stainless Steel 316L,0.8,150,Extra Large Medium pipe for PU injection
PIPE-03110,39,44.0,2.5,340,1194.59,0.4062,Extra Large,Medium,6.0,Stainless Steel 316L,0.8,150,Extra Large Medium pipe for PU injection
PIPE-03111,39,44.0,2.5,350,1194.59,0.4181,Extra Large,Medium,6.0,Stainless Steel 316L,0.8,150,Extra Large Medium pipe for PU injection
PIPE-03112,39,44.0,2.5,360,1194.59,0.4301,Extra Large,Medium,6.0,Stainless Steel 316L,0.8,150,Extra Large Medium pipe for PU injection
PIPE-03113,39,44.0,2.5,370,1194.59,0.442,Extra Large,Medium,6.0,Stainless Steel 316L,0.8,150,Extra Large Medium pipe for PU injection
PIPE-03114,39,44.0,2.5,380,1194.59,0.4539,Extra Large,Medium,6.0,Stainless Steel 316L,0.8,150,Extra Large Medium pipe for PU injection
PIPE-03115,39,44.0,2.5,390,1194.59,0.4659,Extra Large,Medium,6.0,Stainless Steel 316L,0.8,150,Extra Large Medium pipe for PU injection
PIPE-03116,39,44.0,2.5,400,1194.59,0.4778,Extra Large,Medium,6.0,Stainless Steel 316L,0.8,150,Extra Large Medium pipe for PU injection
PIPE-03117,39,44.0,2.5,410,1194.59,0.4898,Extra Large,Medium,6.0,Stainless Steel 316L,0.8,150,Extra Large Medium pipe for PU injection
PIPE-03118,39,44.0,2.5,420,1194.59,0.5017,Extra Large,Medium,6.0,Stainless Steel 316L,0.8,150,Extra Large Medium pipe for PU injection
PIPE-03119,39,44.0,2.5,430,1194.59,0.5137,Extra Large,Medium,6.0,Stainless Steel 316L,0.8,150,Extra Large Medium pipe for PU injection
PIPE-03120,39,44.0,2.5,440,1194.59,0.5256,Extra Large,Medium,6.0,Stainless Steel 316L,0.8,150,Extra Large Medium pipe for PU injection
PIPE-03121,39,44.0,2.5,450,1194.59,0.5376,Extra Large,Medium,6.0,Stainless Steel 316L,0.8,150,Extra Large Medium pipe for PU injection
PIPE-03122,39,44.0,2.5,460,1194.59,0.5495,Extra Large,Medium,6.0,Stainless Steel 316L,0.8,150,Extra Large Medium pipe for PU injection
PIPE-03123,39,44.0,2.5,470,1194.59,0.5615,Extra Large,Medium,6.0,Stainless Steel 316L,0.8,150,Extra Large Medium pipe for PU injection
PIPE-03124,39,44.0,2.5,480,1194.59,0.5734,Extra Large,Medium,6.0,Stainless Steel 316L,0.8,150,Extra Large Medium pipe for PU injection
PIPE-03125,39,44.0,2.5,490,1194.59,0.5853,Extra Large,Medium,6.0,Stainless Steel 316L,0.8,150,Extra Large Medium pipe for PU injection
PIPE-03126,39,44.0,2.5,500,1194.59,0.5973,Extra Large,Long,6.0,Stainless Steel 316L,0.8,150,Extra Large Long pipe for PU injection
PIPE-03127,39,44.0,2.5,500,1194.59,0.5973,Extra Large,Long,6.0,Stainless Steel 316L,0.8,150,Extra Large Long pipe for PU injection
PIPE-03128,39,44.0,2.5,525,1194.59,0.6272,Extra Large,Long,6.0,Stainless Steel 316L,0.8,150,Extra Large Long pipe for PU injection
PIPE-03129,39,44.0,2.5,550,1194.59,0.657,Extra Large,Long,6.0,Stainless Steel 316L,0.8,150,Extra Large Long pipe for PU injection
PIPE-03130,39,44.0,2.5,575,1194.59,0.6869,Extra Large,Long,6.0,Stainless Steel 316L,0.8,150,Extra Large Long pipe for PU injection
PIPE-03131,39,44.0,2.5,600,1194.59,0.7168,Extra Large,Long,6.0,Stainless Steel 316L,0.8,150,Extra Large Long pipe for PU injection
PIPE-03132,39,44.0,2.5,625,1194.59,0.7466,Extra Large,Long,6.0,Stainless Steel 316L,0.8,150,Extra Large Long pipe for PU injection
PIPE-03133,39,44.0,2.5,650,1194.59,0.7765,Extra Large,Long,6.0,Stainless Steel 316L,0.8,150,Extra Large Long pipe for PU injection
PIPE-03134,39,44.0,2.5,675,1194.59,0.8063,Extra Large,Long,6.0,Stainless Steel 316L,0.8,150,Extra Large Long pipe for PU injection
PIPE-03135,39,44.0,2.5,700,1194.59,0.8362,Extra Large,Long,6.0,Stainless Steel 316L,0.8,150,Extra Large Long pipe for PU injection
PIPE-03136,39,44.0,2.5,725,1194.59,0.8661,Extra Large,Long,6.0,Stainless Steel 316L,0.8,150,Extra Large Long pipe for PU injection
PIPE-03137,39,44.0,2.5,750,1194.59,0.8959,Extra Large,Long,6.0,Stainless Steel 316L,0.8,150,Extra Large Long pipe for PU injection
PIPE-03138,39,44.0,2.5,775,1194.59,0.9258,Extra Large,Long,6.0,Stainless Steel 316L,0.8,150,Extra Large Long pipe for PU injection
PIPE-03139,39,44.0,2.5,800,1194.59,0.9557,Extra Large,Long,6.0,Stainless Steel 316L,0.8,150,Extra Large Long pipe for PU injection
PIPE-03140,39,44.0,2.5,825,1194.59,0.9855,Extra Large,Long,6.0,Stainless Steel 316L,0.8,150,Extra Large Long pipe for PU injection
PIPE-03141,39,44.0,2.5,850,1194.59,1.0154,Extra Large,Long,6.0,Stainless Steel 316L,0.8,150,Extra Large Long pipe for PU injection
PIPE-03142,39,44.0,2.5,875,1194.59,1.0453,Extra Large,Long,6.0,Stainless Steel 316L,0.8,150,Extra Large Long pipe for PU injection
PIPE-03143,39,44.0,2.5,900,1194.59,1.0751,Extra Large,Long,6.0,Stainless Steel 316L,0.8,150,Extra Large Long pipe for PU injection
PIPE-03144,39,44.0,2.5,925,1194.59,1.105,Extra Large,Long,6.0,Stainless Steel 316L,0.8,150,Extra Large Long pipe for PU injection
PIPE-03145,39,44.0,2.5,950,1194.59,1.1349,Extra Large,Long,6.0,Stainless Steel 316L,0.8,150,Extra Large Long pipe for PU injection
PIPE-03146,39,44.0,2.5,975,1194.59,1.1647,Extra Large,Long,6.0,Stainless Steel 316L,0.8,150,Extra Large Long pipe for PU injection
PIPE-03147,39,44.0,2.5,1000,1194.59,1.1946,Extra Large,Extra Long,6.0,Stainless Steel 316L,0.8,150,Extra Large Extra Long pipe for PU injection
PIPE-03148,39,44.0,2.5,1000,1194.59,1.1946,Extra Large,Extra Long,6.0,Stainless Steel 316L,0.8,150,Extra Large Extra Long pipe for PU injection
PIPE-03149,39,44.0,2.5,1050,1194.59,1.2543,Extra Large,Extra Long,6.0,Stainless Steel 316L,0.8,150,Extra Large Extra Long pipe for PU injection
PIPE-03150,39,44.0,2.5,1100,1194.59,1.314,Extra Large,Extra Long,6.0,Stainless Steel 316L,0.8,150,Extra Large Extra Long pipe for PU injection
PIPE-03151,39,44.0,2.5,1150,1194.59,1.3738,Extra Large,Extra Long,6.0,Stainless Steel 316L,0.8,150,Extra Large Extra Long pipe for PU injection
PIPE-03152,39,44.0,2.5,1200,1194.59,1.4335,Extra Large,Extra Long,6.0,Stainless Steel 316L,0.8,150,Extra Large Extra Long pipe for PU injection
PIPE-03153,39,44.0,2.5,1250,1194.59,1.4932,Extra Large,Extra Long,6.0,Stainless Steel 316L,0.8,150,Extra Large Extra Long pipe for PU injection
PIPE-03154,39,44.0,2.5,1300,1194.59,1.553,Extra Large,Extra Long,6.0,Stainless Steel 316L,0.8,150,Extra Large Extra Long pipe for PU injection
PIPE-03155,39,44.0,2.5,1350,1194.59,1.6127,Extra Large,Extra Long,6.0,Stainless Steel 316L,0.8,150,Extra Large Extra Long pipe for PU injection
PIPE-03156,39,44.0,2.5,1400,1194.59,1.6724,Extra Large,Extra Long,6.0,Stainless Steel 316L,0.8,150,Extra Large Extra Long pipe for PU injection
PIPE-03157,39,44.0,2.5,1450,1194.59,1.7322,Extra Large,Extra Long,6.0,Stainless Steel 316L,0.8,150,Extra Large Extra Long pipe for PU injection
PIPE-03158,39,44.0,2.5,1500,1194.59,1.7919,Extra Large,Extra Long,6.0,Stainless Steel 316L,0.8,150,Extra Large Extra Long pipe for PU injection
PIPE-03159,39,44.0,2.5,1550,1194.59,1.8516,Extra Large,Extra Long,6.0,Stainless Steel 316L,0.8,150,Extra Large Extra Long pipe for PU injection
PIPE-03160,39,44.0,2.5,1600,1194.59,1.9113,Extra Large,Extra Long,6.0,Stainless Steel 316L,0.8,150,Extra Large Extra Long pipe for PU injection
PIPE-03161,39,44.0,2.5,1650,1194.59,1.9711,Extra Large,Extra Long,6.0,Stainless Steel 316L,0.8,150,Extra Large Extra Long pipe for PU injection
PIPE-03162,39,44.0,2.5,1700,1194.59,2.0308,Extra Large,Extra Long,6.0,Stainless Steel 316L,0.8,150,Extra Large Extra Long pipe for PU injection
PIPE-03163,39,44.0,2.5,1750,1194.59,2.0905,Extra Large,Extra Long,6.0,Stainless Steel 316L,0.8,150,Extra Large Extra Long pipe for PU injection
PIPE-03164,39,44.0,2.5,1800,1194.59,2.1503,Extra Large,Extra Long,6.0,Stainless Steel 316L,0.8,150,Extra Large Extra Long pipe for PU injection
PIPE-03165,39,44.0,2.5,1850,1194.59,2.21,Extra Large,Extra Long,6.0,Stainless Steel 316L,0.8,150,Extra Large Extra Long pipe for PU injection
PIPE-03166,39,44.0,2.5,1900,1194.59,2.2697,Extra Large,Extra Long,6.0,Stainless Steel 316L,0.8,150,Extra Large Extra Long pipe for PU injection
PIPE-03167,39,44.0,2.5,1950,1194.59,2.3295,Extra Large,Extra Long,6.0,Stainless Steel 316L,0.8,150,Extra Large Extra Long pipe for PU injection
PIPE-03168,39,44.0,2.5,2000,1194.59,2.3892,Extra Large,Extra Long,6.0,Stainless Steel 316L,0.8,150,Extra Large Extra Long pipe for PU injection
PIPE-03169,40,45.0,2.5,50,1256.64,0.0628,Extra Large,Short,6.0,Stainless Steel 316L,0.8,150,Extra Large Short pipe for PU injection
PIPE-03170,40,45.0,2.5,60,1256.64,0.0754,Extra Large,Short,6.0,Stainless Steel 316L,0.8,150,Extra Large Short pipe for PU injection
PIPE-03171,40,45.0,2.5,70,1256.64,0.088,Extra Large,Short,6.0,Stainless Steel 316L,0.8,150,Extra Large Short pipe for PU injection
PIPE-03172,40,45.0,2.5,80,1256.64,0.1005,Extra Large,Short,6.0,Stainless Steel 316L,0.8,150,Extra Large Short pipe for PU injection
PIPE-03173,40,45.0,2.5,90,1256.64,0.1131,Extra Large,Short,6.0,Stainless Steel 316L,0.8,150,Extra Large Short pipe for PU injection
PIPE-03174,40,45.0,2.5,100,1256.64,0.1257,Extra Large,Short,6.0,Stainless Steel 316L,0.8,150,Extra Large Short pipe for PU injection
PIPE-03175,40,45.0,2.5,110,1256.64,0.1382,Extra Large,Short,6.0,Stainless Steel 316L,0.8,150,Extra Large Short pipe for PU injection
PIPE-03176,40,45.0,2.5,120,1256.64,0.1508,Extra Large,Short,6.0,Stainless Steel 316L,0.8,150,Extra Large Short pipe for PU injection
PIPE-03177,40,45.0,2.5,130,1256.64,0.1634,Extra Large,Short,6.0,Stainless Steel 316L,0.8,150,Extra Large Short pipe for PU injection
PIPE-03178,40,45.0,2.5,140,1256.64,0.1759,Extra Large,Short,6.0,Stainless Steel 316L,0.8,150,Extra Large Short pipe for PU injection
PIPE-03179,40,45.0,2.5,150,1256.64,0.1885,Extra Large,Short,6.0,Stainless Steel 316L,0.8,150,Extra Large Short pipe for PU injection
PIPE-03180,40,45.0,2.5,160,1256.64,0.2011,Extra Large,Short,6.0,Stainless Steel 316L,0.8,150,Extra Large Short pipe for PU injection
PIPE-03181,40,45.0,2.5,170,1256.64,0.2136,Extra Large,Short,6.0,Stainless Steel 316L,0.8,150,Extra Large Short pipe for PU injection
PIPE-03182,40,45.0,2.5,180,1256.64,0.2262,Extra Large,Short,6.0,Stainless Steel 316L,0.8,150,Extra Large Short pipe for PU injection
PIPE-03183,40,45.0,2.5,190,1256.64,0.2388,Extra Large,Short,6.0,Stainless Steel 316L,0.8,150,Extra Large Short pipe for PU injection
PIPE-03184,40,45.0,2.5,200,1256.64,0.2513,Extra Large,Medium,6.0,Stainless Steel 316L,0.8,150,Extra Large Medium pipe for PU injection
PIPE-03185,40,45.0,2.5,210,1256.64,0.2639,Extra Large,Medium,6.0,Stainless Steel 316L,0.8,150,Extra Large Medium pipe for PU injection
PIPE-03186,40,45.0,2.5,220,1256.64,0.2765,Extra Large,Medium,6.0,Stainless Steel 316L,0.8,150,Extra Large Medium pipe for PU injection
PIPE-03187,40,45.0,2.5,230,1256.64,0.289,Extra Large,Medium,6.0,Stainless Steel 316L,0.8,150,Extra Large Medium pipe for PU injection
PIPE-03188,40,45.0,2.5,240,1256.64,0.3016,Extra Large,Medium,6.0,Stainless Steel 316L,0.8,150,Extra Large Medium pipe for PU injection
PIPE-03189,40,45.0,2.5,250,1256.64,0.3142,Extra Large,Medium,6.0,Stainless Steel 316L,0.8,150,Extra Large Medium pipe for PU injection
PIPE-03190,40,45.0,2.5,260,1256.64,0.3267,Extra Large,Medium,6.0,Stainless Steel 316L,0.8,150,Extra Large Medium pipe for PU injection
PIPE-03191,40,45.0,2.5,270,1256.64,0.3393,Extra Large,Medium,6.0,Stainless Steel 316L,0.8,150,Extra Large Medium pipe for PU injection
PIPE-03192,40,45.0,2.5,280,1256.64,0.3519,Extra Large,Medium,6.0,Stainless Steel 316L,0.8,150,Extra Large Medium pipe for PU injection
PIPE-03193,40,45.0,2.5,290,1256.64,0.3644,Extra Large,Medium,6.0,Stainless Steel 316L,0.8,150,Extra Large Medium pipe for PU injection
PIPE-03194,40,45.0,2.5,300,1256.64,0.377,Extra Large,Medium,6.0,Stainless Steel 316L,0.8,150,Extra Large Medium pipe for PU injection
PIPE-03195,40,45.0,2.5,310,1256.64,0.3896,Extra Large,Medium,6.0,Stainless Steel 316L,0.8,150,Extra Large Medium pipe for PU injection
PIPE-03196,40,45.0,2.5,320,1256.64,0.4021,Extra Large,Medium,6.0,Stainless Steel 316L,0.8,150,Extra Large Medium pipe for PU injection
PIPE-03197,40,45.0,2.5,330,1256.64,0.4147,Extra Large,Medium,6.0,Stainless Steel 316L,0.8,150,Extra Large Medium pipe for PU injection
PIPE-03198,40,45.0,2.5,340,1256.64,0.4273,Extra Large,Medium,6.0,Stainless Steel 316L,0.8,150,Extra Large Medium pipe for PU injection
PIPE-03199,40,45.0,2.5,350,1256.64,0.4398,Extra Large,Medium,6.0,Stainless Steel 316L,0.8,150,Extra Large Medium pipe for PU injection
PIPE-03200,40,45.0,2.5,360,1256.64,0.4524,Extra Large,Medium,6.0,Stainless Steel 316L,0.8,150,Extra Large Medium pipe for PU injection
PIPE-03201,40,45.0,2.5,370,1256.64,0.465,Extra Large,Medium,6.0,Stainless Steel 316L,0.8,150,Extra Large Medium pipe for PU injection
PIPE-03202,40,45.0,2.5,380,1256.64,0.4775,Extra Large,Medium,6.0,Stainless Steel 316L,0.8,150,Extra Large Medium pipe for PU injection
PIPE-03203,40,45.0,2.5,390,1256.64,0.4901,Extra Large,Medium,6.0,Stainless Steel 316L,0.8,150,Extra Large Medium pipe for PU injection
PIPE-03204,40,45.0,2.5,400,1256.64,0.5027,Extra Large,Medium,6.0,Stainless Steel 316L,0.8,150,Extra Large Medium pipe for PU injection
PIPE-03205,40,45.0,2.5,410,1256.64,0.5152,Extra Large,Medium,6.0,Stainless Steel 316L,0.8,150,Extra Large Medium pipe for PU injection
PIPE-03206,40,45.0,2.5,420,1256.64,0.5278,Extra Large,Medium,6.0,Stainless Steel 316L,0.8,150,Extra Large Medium pipe for PU injection
PIPE-03207,40,45.0,2.5,430,1256.64,0.5404,Extra Large,Medium,6.0,Stainless Steel 316L,0.8,150,Extra Large Medium pipe for PU injection
PIPE-03208,40,45.0,2.5,440,1256.64,0.5529,Extra Large,Medium,6.0,Stainless Steel 316L,0.8,150,Extra Large Medium pipe for PU injection
PIPE-03209,40,45.0,2.5,450,1256.64,0.5655,Extra Large,Medium,6.0,Stainless Steel 316L,0.8,150,Extra Large Medium pipe for PU injection
PIPE-03210,40,45.0,2.5,460,1256.64,0.5781,Extra Large,Medium,6.0,Stainless Steel 316L,0.8,150,Extra Large Medium pipe for PU injection
PIPE-03211,40,45.0,2.5,470,1256.64,0.5906,Extra Large,Medium,6.0,Stainless Steel 316L,0.8,150,Extra Large Medium pipe for PU injection
PIPE-03212,40,45.0,2.5,480,1256.64,0.6032,Extra Large,Medium,6.0,Stainless Steel 316L,0.8,150,Extra Large Medium pipe for PU injection
PIPE-03213,40,45.0,2.5,490,1256.64,0.6158,Extra Large,Medium,6.0,Stainless Steel 316L,0.8,150,Extra Large Medium pipe for PU injection
PIPE-03214,40,45.0,2.5,500,1256.64,0.6283,Extra Large,Long,6.0,Stainless Steel 316L,0.8,150,Extra Large Long pipe for PU injection
PIPE-03215,40,45.0,2.5,500,1256.64,0.6283,Extra Large,Long,6.0,Stainless Steel 316L,0.8,150,Extra Large Long pipe for PU injection
PIPE-03216,40,45.0,2.5,525,1256.64,0.6597,Extra Large,Long,6.0,Stainless Steel 316L,0.8,150,Extra Large Long pipe for PU injection
PIPE-03217,40,45.0,2.5,550,1256.64,0.6912,Extra Large,Long,6.0,Stainless Steel 316L,0.8,150,Extra Large Long pipe for PU injection
PIPE-03218,40,45.0,2.5,575,1256.64,0.7226,Extra Large,Long,6.0,Stainless Steel 316L,0.8,150,Extra Large Long pipe for PU injection
PIPE-03219,40,45.0,2.5,600,1256.64,0.754,Extra Large,Long,6.0,Stainless Steel 316L,0.8,150,Extra Large Long pipe for PU injection
PIPE-03220,40,45.0,2.5,625,1256.64,0.7854,Extra Large,Long,6.0,Stainless Steel 316L,0.8,150,Extra Large Long pipe for PU injection
PIPE-03221,40,45.0,2.5,650,1256.64,0.8168,Extra Large,Long,6.0,Stainless Steel 316L,0.8,150,Extra Large Long pipe for PU injection
PIPE-03222,40,45.0,2.5,675,1256.64,0.8482,Extra Large,Long,6.0,Stainless Steel 316L,0.8,150,Extra Large Long pipe for PU injection
PIPE-03223,40,45.0,2.5,700,1256.64,0.8796,Extra Large,Long,6.0,Stainless Steel 316L,0.8,150,Extra Large Long pipe for PU injection
PIPE-03224,40,45.0,2.5,725,1256.64,0.9111,Extra Large,Long,6.0,Stainless Steel 316L,0.8,150,Extra Large Long pipe for PU injection
PIPE-03225,40,45.0,2.5,750,1256.64,0.9425,Extra Large,Long,6.0,Stainless Steel 316L,0.8,150,Extra Large Long pipe for PU injection
PIPE-03226,40,45.0,2.5,775,1256.64,0.9739,Extra Large,Long,6.0,Stainless Steel 316L,0.8,150,Extra Large Long pipe for PU injection
PIPE-03227,40,45.0,2.5,800,1256.64,1.0053,Extra Large,Long,6.0,Stainless Steel 316L,0.8,150,Extra Large Long pipe for PU injection
PIPE-03228,40,45.0,2.5,825,1256.64,1.0367,Extra Large,Long,6.0,Stainless Steel 316L,0.8,150,Extra Large Long pipe for PU injection
PIPE-03229,40,45.0,2.5,850,1256.64,1.0681,Extra Large,Long,6.0,Stainless Steel 316L,0.8,150,Extra Large Long pipe for PU injection
PIPE-03230,40,45.0,2.5,875,1256.64,1.0996,Extra Large,Long,6.0,Stainless Steel 316L,0.8,150,Extra Large Long pipe for PU injection
PIPE-03231,40,45.0,2.5,900,1256.64,1.131,Extra Large,Long,6.0,Stainless Steel 316L,0.8,150,Extra Large Long pipe for PU injection
PIPE-03232,40,45.0,2.5,925,1256.64,1.1624,Extra Large,Long,6.0,Stainless Steel 316L,0.8,150,Extra Large Long pipe for PU injection
PIPE-03233,40,45.0,2.5,950,1256.64,1.1938,Extra Large,Long,6.0,Stainless Steel 316L,0.8,150,Extra Large Long pipe for PU injection
PIPE-03234,40,45.0,2.5,975,1256.64,1.2252,Extra Large,Long,6.0,Stainless Steel 316L,0.8,150,Extra Large Long pipe for PU injection
PIPE-03235,40,45.0,2.5,1000,1256.64,1.2566,Extra Large,Extra Long,6.0,Stainless Steel 316L,0.8,150,Extra Large Extra Long pipe for PU injection
PIPE-03236,40,45.0,2.5,1000,1256.64,1.2566,Extra Large,Extra Long,6.0,Stainless Steel 316L,0.8,150,Extra Large Extra Long pipe for PU injection
PIPE-03237,40,45.0,2.5,1050,1256.64,1.3195,Extra Large,Extra Long,6.0,Stainless Steel 316L,0.8,150,Extra Large Extra Long pipe for PU injection
PIPE-03238,40,45.0,2.5,1100,1256.64,1.3823,Extra Large,Extra Long,6.0,Stainless Steel 316L,0.8,150,Extra Large Extra Long pipe for PU injection
PIPE-03239,40,45.0,2.5,1150,1256.64,1.4451,Extra Large,Extra Long,6.0,Stainless Steel 316L,0.8,150,Extra Large Extra Long pipe for PU injection
PIPE-03240,40,45.0,2.5,1200,1256.64,1.508,Extra Large,Extra Long,6.0,Stainless Steel 316L,0.8,150,Extra Large Extra Long pipe for PU injection
PIPE-03241,40,45.0,2.5,1250,1256.64,1.5708,Extra Large,Extra Long,6.0,Stainless Steel 316L,0.8,150,Extra Large Extra Long pipe for PU injection
PIPE-03242,40,45.0,2.5,1300,1256.64,1.6336,Extra Large,Extra Long,6.0,Stainless Steel 316L,0.8,150,Extra Large Extra Long pipe for PU injection
PIPE-03243,40,45.0,2.5,1350,1256.64,1.6965,Extra Large,Extra Long,6.0,Stainless Steel 316L,0.8,150,Extra Large Extra Long pipe for PU injection
PIPE-03244,40,45.0,2.5,1400,1256.64,1.7593,Extra Large,Extra Long,6.0,Stainless Steel 316L,0.8,150,Extra Large Extra Long pipe for PU injection
PIPE-03245,40,45.0,2.5,1450,1256.64,1.8221,Extra Large,Extra Long,6.0,Stainless Steel 316L,0.8,150,Extra Large Extra Long pipe for PU injection
PIPE-03246,40,45.0,2.5,1500,1256.64,1.885,Extra Large,Extra Long,6.0,Stainless Steel 316L,0.8,150,Extra Large Extra Long pipe for PU injection
PIPE-03247,40,45.0,2.5,1550,1256.64,1.9478,Extra Large,Extra Long,6.0,Stainless Steel 316L,0.8,150,Extra Large Extra Long pipe for PU injection
PIPE-03248,40,45.0,2.5,1600,1256.64,2.0106,Extra Large,Extra Long,6.0,Stainless Steel 316L,0.8,150,Extra Large Extra Long pipe for PU injection
PIPE-03249,40,45.0,2.5,1650,1256.64,2.0735,Extra Large,Extra Long,6.0,Stainless Steel 316L,0.8,150,Extra Large Extra Long pipe for PU injection
PIPE-03250,40,45.0,2.5,1700,1256.64,2.1363,Extra Large,Extra Long,6.0,Stainless Steel 316L,0.8,150,Extra Large Extra Long pipe for PU injection
PIPE-03251,40,45.0,2.5,1750,1256.64,2.1991,Extra Large,Extra Long,6.0,Stainless Steel 316L,0.8,150,Extra Large Extra Long pipe for PU injection
PIPE-03252,40,45.0,2.5,1800,1256.64,2.2619,Extra Large,Extra Long,6.0,Stainless Steel 316L,0.8,150,Extra Large Extra Long pipe for PU injection
PIPE-03253,40,45.0,2.5,1850,1256.64,2.3248,Extra Large,Extra Long,6.0,Stainless Steel 316L,0.8,150,Extra Large Extra Long pipe for PU injection
PIPE-03254,40,45.0,2.5,1900,1256.64,2.3876,Extra Large,Extra Long,6.0,Stainless Steel 316L,0.8,150,Extra Large Extra Long pipe for PU injection
PIPE-03255,40,45.0,2.5,1950,1256.64,2.4504,Extra Large,Extra Long,6.0,Stainless Steel 316L,0.8,150,Extra Large Extra Long pipe for PU injection
PIPE-03256,40,45.0,2.5,2000,1256.64,2.5133,Extra Large,Extra Long,6.0,Stainless Steel 316L,0.8,150,Extra Large Extra Long pipe for PU injection
PIPE-03257,41,46.0,2.5,50,1320.25,0.066,Extra Large,Short,6.0,Stainless Steel 316L,0.8,150,Extra Large Short pipe for PU injection
PIPE-03258,41,46.0,2.5,60,1320.25,0.0792,Extra Large,Short,6.0,Stainless Steel 316L,0.8,150,Extra Large Short pipe for PU injection
PIPE-03259,41,46.0,2.5,70,1320.25,0.0924,Extra Large,Short,6.0,Stainless Steel 316L,0.8,150,Extra Large Short pipe for PU injection
PIPE-03260,41,46.0,2.5,80,1320.25,0.1056,Extra Large,Short,6.0,Stainless Steel 316L,0.8,150,Extra Large Short pipe for PU injection
PIPE-03261,41,46.0,2.5,90,1320.25,0.1188,Extra Large,Short,6.0,Stainless Steel 316L,0.8,150,Extra Large Short pipe for PU injection
PIPE-03262,41,46.0,2.5,100,1320.25,0.132,Extra Large,Short,6.0,Stainless Steel 316L,0.8,150,Extra Large Short pipe for PU injection
PIPE-03263,41,46.0,2.5,110,1320.25,0.1452,Extra Large,Short,6.0,Stainless Steel 316L,0.8,150,Extra Large Short pipe for PU injection
PIPE-03264,41,46.0,2.5,120,1320.25,0.1584,Extra Large,Short,6.0,Stainless Steel 316L,0.8,150,Extra Large Short pipe for PU injection
PIPE-03265,41,46.0,2.5,130,1320.25,0.1716,Extra Large,Short,6.0,Stainless Steel 316L,0.8,150,Extra Large Short pipe for PU injection
PIPE-03266,41,46.0,2.5,140,1320.25,0.1848,Extra Large,Short,6.0,Stainless Steel 316L,0.8,150,Extra Large Short pipe for PU injection
PIPE-03267,41,46.0,2.5,150,1320.25,0.198,Extra Large,Short,6.0,Stainless Steel 316L,0.8,150,Extra Large Short pipe for PU injection
PIPE-03268,41,46.0,2.5,160,1320.25,0.2112,Extra Large,Short,6.0,Stainless Steel 316L,0.8,150,Extra Large Short pipe for PU injection
PIPE-03269,41,46.0,2.5,170,1320.25,0.2244,Extra Large,Short,6.0,Stainless Steel 316L,0.8,150,Extra Large Short pipe for PU injection
PIPE-03270,41,46.0,2.5,180,1320.25,0.2376,Extra Large,Short,6.0,Stainless Steel 316L,0.8,150,Extra Large Short pipe for PU injection
PIPE-03271,41,46.0,2.5,190,1320.25,0.2508,Extra Large,Short,6.0,Stainless Steel 316L,0.8,150,Extra Large Short pipe for PU injection
PIPE-03272,41,46.0,2.5,200,1320.25,0.2641,Extra Large,Medium,6.0,Stainless Steel 316L,0.8,150,Extra Large Medium pipe for PU injection
PIPE-03273,41,46.0,2.5,210,1320.25,0.2773,Extra Large,Medium,6.0,Stainless Steel 316L,0.8,150,Extra Large Medium pipe for PU injection
PIPE-03274,41,46.0,2.5,220,1320.25,0.2905,Extra Large,Medium,6.0,Stainless Steel 316L,0.8,150,Extra Large Medium pipe for PU injection
PIPE-03275,41,46.0,2.5,230,1320.25,0.3037,Extra Large,Medium,6.0,Stainless Steel 316L,0.8,150,Extra Large Medium pipe for PU injection
PIPE-03276,41,46.0,2.5,240,1320.25,0.3169,Extra Large,Medium,6.0,Stainless Steel 316L,0.8,150,Extra Large Medium pipe for PU injection
PIPE-03277,41,46.0,2.5,250,1320.25,0.3301,Extra Large,Medium,6.0,Stainless Steel 316L,0.8,150,Extra Large Medium pipe for PU injection
PIPE-03278,41,46.0,2.5,260,1320.25,0.3433,Extra Large,Medium,6.0,Stainless Steel 316L,0.8,150,Extra Large Medium pipe for PU injection
PIPE-03279,41,46.0,2.5,270,1320.25,0.3565,Extra Large,Medium,6.0,Stainless Steel 316L,0.8,150,Extra Large Medium pipe for PU injection
PIPE-03280,41,46.0,2.5,280,1320.25,0.3697,Extra Large,Medium,6.0,Stainless Steel 316L,0.8,150,Extra Large Medium pipe for PU injection
PIPE-03281,41,46.0,2.5,290,1320.25,0.3829,Extra Large,Medium,6.0,Stainless Steel 316L,0.8,150,Extra Large Medium pipe for PU injection
PIPE-03282,41,46.0,2.5,300,1320.25,0.3961,Extra Large,Medium,6.0,Stainless Steel 316L,0.8,150,Extra Large Medium pipe for PU injection
PIPE-03283,41,46.0,2.5,310,1320.25,0.4093,Extra Large,Medium,6.0,Stainless Steel 316L,0.8,150,Extra Large Medium pipe for PU injection
PIPE-03284,41,46.0,2.5,320,1320.25,0.4225,Extra Large,Medium,6.0,Stainless Steel 316L,0.8,150,Extra Large Medium pipe for PU injection
PIPE-03285,41,46.0,2.5,330,1320.25,0.4357,Extra Large,Medium,6.0,Stainless Steel 316L,0.8,150,Extra Large Medium pipe for PU injection
PIPE-03286,41,46.0,2.5,340,1320.25,0.4489,Extra Large,Medium,6.0,Stainless Steel 316L,0.8,150,Extra Large Medium pipe for PU injection
PIPE-03287,41,46.0,2.5,350,1320.25,0.4621,Extra Large,Medium,6.0,Stainless Steel 316L,0.8,150,Extra Large Medium pipe for PU injection
PIPE-03288,41,46.0,2.5,360,1320.25,0.4753,Extra Large,Medium,6.0,Stainless Steel 316L,0.8,150,Extra Large Medium pipe for PU injection
PIPE-03289,41,46.0,2.5,370,1320.25,0.4885,Extra Large,Medium,6.0,Stainless Steel 316L,0.8,150,Extra Large Medium pipe for PU injection
PIPE-03290,41,46.0,2.5,380,1320.25,0.5017,Extra Large,Medium,6.0,Stainless Steel 316L,0.8,150,Extra Large Medium pipe for PU injection
PIPE-03291,41,46.0,2.5,390,1320.25,0.5149,Extra Large,Medium,6.0,Stainless Steel 316L,0.8,150,Extra Large Medium pipe for PU injection
PIPE-03292,41,46.0,2.5,400,1320.25,0.5281,Extra Large,Medium,6.0,Stainless Steel 316L,0.8,150,Extra Large Medium pipe for PU injection
PIPE-03293,41,46.0,2.5,410,1320.25,0.5413,Extra Large,Medium,6.0,Stainless Steel 316L,0.8,150,Extra Large Medium pipe for PU injection
PIPE-03294,41,46.0,2.5,420,1320.25,0.5545,Extra Large,Medium,6.0,Stainless Steel 316L,0.8,150,Extra Large Medium pipe for PU injection
PIPE-03295,41,46.0,2.5,430,1320.25,0.5677,Extra Large,Medium,6.0,Stainless Steel 316L,0.8,150,Extra Large Medium pipe for PU injection
PIPE-03296,41,46.0,2.5,440,1320.25,0.5809,Extra Large,Medium,6.0,Stainless Steel 316L,0.8,150,Extra Large Medium pipe for PU injection
PIPE-03297,41,46.0,2.5,450,1320.25,0.5941,Extra Large,Medium,6.0,Stainless Steel 316L,0.8,150,Extra Large Medium pipe for PU injection
PIPE-03298,41,46.0,2.5,460,1320.25,0.6073,Extra Large,Medium,6.0,Stainless Steel 316L,0.8,150,Extra Large Medium pipe for PU injection
PIPE-03299,41,46.0,2.5,470,1320.25,0.6205,Extra Large,Medium,6.0,Stainless Steel 316L,0.8,150,Extra Large Medium pipe for PU injection
PIPE-03300,41,46.0,2.5,480,1320.25,0.6337,Extra Large,Medium,6.0,Stainless Steel 316L,0.8,150,Extra Large Medium pipe for PU injection
PIPE-03301,41,46.0,2.5,490,1320.25,0.6469,Extra Large,Medium,6.0,Stainless Steel 316L,0.8,150,Extra Large Medium pipe for PU injection
PIPE-03302,41,46.0,2.5,500,1320.25,0.6601,Extra Large,Long,6.0,Stainless Steel 316L,0.8,150,Extra Large Long pipe for PU injection
PIPE-03303,41,46.0,2.5,500,1320.25,0.6601,Extra Large,Long,6.0,Stainless Steel 316L,0.8,150,Extra Large Long pipe for PU injection
PIPE-03304,41,46.0,2.5,525,1320.25,0.6931,Extra Large,Long,6.0,Stainless Steel 316L,0.8,150,Extra Large Long pipe for PU injection
PIPE-03305,41,46.0,2.5,550,1320.25,0.7261,Extra Large,Long,6.0,Stainless Steel 316L,0.8,150,Extra Large Long pipe for PU injection
PIPE-03306,41,46.0,2.5,575,1320.25,0.7591,Extra Large,Long,6.0,Stainless Steel 316L,0.8,150,Extra Large Long pipe for PU injection
PIPE-03307,41,46.0,2.5,600,1320.25,0.7922,Extra Large,Long,6.0,Stainless Steel 316L,0.8,150,Extra Large Long pipe for PU injection
PIPE-03308,41,46.0,2.5,625,1320.25,0.8252,Extra Large,Long,6.0,Stainless Steel 316L,0.8,150,Extra Large Long pipe for PU injection
PIPE-03309,41,46.0,2.5,650,1320.25,0.8582,Extra Large,Long,6.0,Stainless Steel 316L,0.8,150,Extra Large Long pipe for PU injection
PIPE-03310,41,46.0,2.5,675,1320.25,0.8912,Extra Large,Long,6.0,Stainless Steel 316L,0.8,150,Extra Large Long pipe for PU injection
PIPE-03311,41,46.0,2.5,700,1320.25,0.9242,Extra Large,Long,6.0,Stainless Steel 316L,0.8,150,Extra Large Long pipe for PU injection
PIPE-03312,41,46.0,2.5,725,1320.25,0.9572,Extra Large,Long,6.0,Stainless Steel 316L,0.8,150,Extra Large Long pipe for PU injection
PIPE-03313,41,46.0,2.5,750,1320.25,0.9902,Extra Large,Long,6.0,Stainless Steel 316L,0.8,150,Extra Large Long pipe for PU injection
PIPE-03314,41,46.0,2.5,775,1320.25,1.0232,Extra Large,Long,6.0,Stainless Steel 316L,0.8,150,Extra Large Long pipe for PU injection
PIPE-03315,41,46.0,2.5,800,1320.25,1.0562,Extra Large,Long,6.0,Stainless Steel 316L,0.8,150,Extra Large Long pipe for PU injection
PIPE-03316,41,46.0,2.5,825,1320.25,1.0892,Extra Large,Long,6.0,Stainless Steel 316L,0.8,150,Extra Large Long pipe for PU injection
PIPE-03317,41,46.0,2.5,850,1320.25,1.1222,Extra Large,Long,6.0,Stainless Steel 316L,0.8,150,Extra Large Long pipe for PU injection
PIPE-03318,41,46.0,2.5,875,1320.25,1.1552,Extra Large,Long,6.0,Stainless Steel 316L,0.8,150,Extra Large Long pipe for PU injection
PIPE-03319,41,46.0,2.5,900,1320.25,1.1882,Extra Large,Long,6.0,Stainless Steel 316L,0.8,150,Extra Large Long pipe for PU injection
PIPE-03320,41,46.0,2.5,925,1320.25,1.2212,Extra Large,Long,6.0,Stainless Steel 316L,0.8,150,Extra Large Long pipe for PU injection
PIPE-03321,41,46.0,2.5,950,1320.25,1.2542,Extra Large,Long,6.0,Stainless Steel 316L,0.8,150,Extra Large Long pipe for PU injection
PIPE-03322,41,46.0,2.5,975,1320.25,1.2872,Extra Large,Long,6.0,Stainless Steel 316L,0.8,150,Extra Large Long pipe for PU injection
PIPE-03323,41,46.0,2.5,1000,1320.25,1.3203,Extra Large,Extra Long,6.0,Stainless Steel 316L,0.8,150,Extra Large Extra Long pipe for PU injection
PIPE-03324,41,46.0,2.5,1000,1320.25,1.3203,Extra Large,Extra Long,6.0,Stainless Steel 316L,0.8,150,Extra Large Extra Long pipe for PU injection
PIPE-03325,41,46.0,2.5,1050,1320.25,1.3863,Extra Large,Extra Long,6.0,Stainless Steel 316L,0.8,150,Extra Large Extra Long pipe for PU injection
PIPE-03326,41,46.0,2.5,1100,1320.25,1.4523,Extra Large,Extra Long,6.0,Stainless Steel 316L,0.8,150,Extra Large Extra Long pipe for PU injection
PIPE-03327,41,46.0,2.5,1150,1320.25,1.5183,Extra Large,Extra Long,6.0,Stainless Steel 316L,0.8,150,Extra Large Extra Long pipe for PU injection
PIPE-03328,41,46.0,2.5,1200,1320.25,1.5843,Extra Large,Extra Long,6.0,Stainless Steel 316L,0.8,150,Extra Large Extra Long pipe for PU injection
PIPE-03329,41,46.0,2.5,1250,1320.25,1.6503,Extra Large,Extra Long,6.0,Stainless Steel 316L,0.8,150,Extra Large Extra Long pipe for PU injection
PIPE-03330,41,46.0,2.5,1300,1320.25,1.7163,Extra Large,Extra Long,6.0,Stainless Steel 316L,0.8,150,Extra Large Extra Long pipe for PU injection
PIPE-03331,41,46.0,2.5,1350,1320.25,1.7823,Extra Large,Extra Long,6.0,Stainless Steel 316L,0.8,150,Extra Large Extra Long pipe for PU injection
PIPE-03332,41,46.0,2.5,1400,1320.25,1.8484,Extra Large,Extra Long,6.0,Stainless Steel 316L,0.8,150,Extra Large Extra Long pipe for PU injection
PIPE-03333,41,46.0,2.5,1450,1320.25,1.9144,Extra Large,Extra Long,6.0,Stainless Steel 316L,0.8,150,Extra Large Extra Long pipe for PU injection
PIPE-03334,41,46.0,2.5,1500,1320.25,1.9804,Extra Large,Extra Long,6.0,Stainless Steel 316L,0.8,150,Extra Large Extra Long pipe for PU injection
PIPE-03335,41,46.0,2.5,1550,1320.25,2.0464,Extra Large,Extra Long,6.0,Stainless Steel 316L,0.8,150,Extra Large Extra Long pipe for PU injection
PIPE-03336,41,46.0,2.5,1600,1320.25,2.1124,Extra Large,Extra Long,6.0,Stainless Steel 316L,0.8,150,Extra Large Extra Long pipe for PU injection
PIPE-03337,41,46.0,2.5,1650,1320.25,2.1784,Extra Large,Extra Long,6.0,Stainless Steel 316L,0.8,150,Extra Large Extra Long pipe for PU injection
PIPE-03338,41,46.0,2.5,1700,1320.25,2.2444,Extra Large,Extra Long,6.0,Stainless Steel 316L,0.8,150,Extra Large Extra Long pipe for PU injection
PIPE-03339,41,46.0,2.5,1750,1320.25,2.3104,Extra Large,Extra Long,6.0,Stainless Steel 316L,0.8,150,Extra Large Extra Long pipe for PU injection
PIPE-03340,41,46.0,2.5,1800,1320.25,2.3765,Extra Large,Extra Long,6.0,Stainless Steel 316L,0.8,150,Extra Large Extra Long pipe for PU injection
PIPE-03341,41,46.0,2.5,1850,1320.25,2.4425,Extra Large,Extra Long,6.0,Stainless Steel 316L,0.8,150,Extra Large Extra Long pipe for PU injection
PIPE-03342,41,46.0,2.5,1900,1320.25,2.5085,Extra Large,Extra Long,6.0,Stainless Steel 316L,0.8,150,Extra Large Extra Long pipe for PU injection
PIPE-03343,41,46.0,2.5,1950,1320.25,2.5745,Extra Large,Extra Long,6.0,Stainless Steel 316L,0.8,150,Extra Large Extra Long pipe for PU injection
PIPE-03344,41,46.0,2.5,2000,1320.25,2.6405,Extra Large,Extra Long,6.0,Stainless Steel 316L,0.8,150,Extra Large Extra Long pipe for PU injection
PIPE-03345,42,47.0,2.5,50,1385.44,0.0693,Extra Large,Short,6.0,Stainless Steel 316L,0.8,150,Extra Large Short pipe for PU injection
PIPE-03346,42,47.0,2.5,60,1385.44,0.0831,Extra Large,Short,6.0,Stainless Steel 316L,0.8,150,Extra Large Short pipe for PU injection
PIPE-03347,42,47.0,2.5,70,1385.44,0.097,Extra Large,Short,6.0,Stainless Steel 316L,0.8,150,Extra Large Short pipe for PU injection
PIPE-03348,42,47.0,2.5,80,1385.44,0.1108,Extra Large,Short,6.0,Stainless Steel 316L,0.8,150,Extra Large Short pipe for PU injection
PIPE-03349,42,47.0,2.5,90,1385.44,0.1247,Extra Large,Short,6.0,Stainless Steel 316L,0.8,150,Extra Large Short pipe for PU injection
PIPE-03350,42,47.0,2.5,100,1385.44,0.1385,Extra Large,Short,6.0,Stainless Steel 316L,0.8,150,Extra Large Short pipe for PU injection
PIPE-03351,42,47.0,2.5,110,1385.44,0.1524,Extra Large,Short,6.0,Stainless Steel 316L,0.8,150,Extra Large Short pipe for PU injection
PIPE-03352,42,47.0,2.5,120,1385.44,0.1663,Extra Large,Short,6.0,Stainless Steel 316L,0.8,150,Extra Large Short pipe for PU injection
PIPE-03353,42,47.0,2.5,130,1385.44,0.1801,Extra Large,Short,6.0,Stainless Steel 316L,0.8,150,Extra Large Short pipe for PU injection
PIPE-03354,42,47.0,2.5,140,1385.44,0.194,Extra Large,Short,6.0,Stainless Steel 316L,0.8,150,Extra Large Short pipe for PU injection
PIPE-03355,42,47.0,2.5,150,1385.44,0.2078,Extra Large,Short,6.0,Stainless Steel 316L,0.8,150,Extra Large Short pipe for PU injection
PIPE-03356,42,47.0,2.5,160,1385.44,0.2217,Extra Large,Short,6.0,Stainless Steel 316L,0.8,150,Extra Large Short pipe for PU injection
PIPE-03357,42,47.0,2.5,170,1385.44,0.2355,Extra Large,Short,6.0,Stainless Steel 316L,0.8,150,Extra Large Short pipe for PU injection
PIPE-03358,42,47.0,2.5,180,1385.44,0.2494,Extra Large,Short,6.0,Stainless Steel 316L,0.8,150,Extra Large Short pipe for PU injection
PIPE-03359,42,47.0,2.5,190,1385.44,0.2632,Extra Large,Short,6.0,Stainless Steel 316L,0.8,150,Extra Large Short pipe for PU injection
PIPE-03360,42,47.0,2.5,200,1385.44,0.2771,Extra Large,Medium,6.0,Stainless Steel 316L,0.8,150,Extra Large Medium pipe for PU injection
PIPE-03361,42,47.0,2.5,210,1385.44,0.2909,Extra Large,Medium,6.0,Stainless Steel 316L,0.8,150,Extra Large Medium pipe for PU injection
PIPE-03362,42,47.0,2.5,220,1385.44,0.3048,Extra Large,Medium,6.0,Stainless Steel 316L,0.8,150,Extra Large Medium pipe for PU injection
PIPE-03363,42,47.0,2.5,230,1385.44,0.3187,Extra Large,Medium,6.0,Stainless Steel 316L,0.8,150,Extra Large Medium pipe for PU injection
PIPE-03364,42,47.0,2.5,240,1385.44,0.3325,Extra Large,Medium,6.0,Stainless Steel 316L,0.8,150,Extra Large Medium pipe for PU injection
PIPE-03365,42,47.0,2.5,250,1385.44,0.3464,Extra Large,Medium,6.0,Stainless Steel 316L,0.8,150,Extra Large Medium pipe for PU injection
PIPE-03366,42,47.0,2.5,260,1385.44,0.3602,Extra Large,Medium,6.0,Stainless Steel 316L,0.8,150,Extra Large Medium pipe for PU injection
PIPE-03367,42,47.0,2.5,270,1385.44,0.3741,Extra Large,Medium,6.0,Stainless Steel 316L,0.8,150,Extra Large Medium pipe for PU injection
PIPE-03368,42,47.0,2.5,280,1385.44,0.3879,Extra Large,Medium,6.0,Stainless Steel 316L,0.8,150,Extra Large Medium pipe for PU injection
PIPE-03369,42,47.0,2.5,290,1385.44,0.4018,Extra Large,Medium,6.0,Stainless Steel 316L,0.8,150,Extra Large Medium pipe for PU injection
PIPE-03370,42,47.0,2.5,300,1385.44,0.4156,Extra Large,Medium,6.0,Stainless Steel 316L,0.8,150,Extra Large Medium pipe for PU injection
PIPE-03371,42,47.0,2.5,310,1385.44,0.4295,Extra Large,Medium,6.0,Stainless Steel 316L,0.8,150,Extra Large Medium pipe for PU injection
PIPE-03372,42,47.0,2.5,320,1385.44,0.4433,Extra Large,Medium,6.0,Stainless Steel 316L,0.8,150,Extra Large Medium pipe for PU injection
PIPE-03373,42,47.0,2.5,330,1385.44,0.4572,Extra Large,Medium,6.0,Stainless Steel 316L,0.8,150,Extra Large Medium pipe for PU injection
PIPE-03374,42,47.0,2.5,340,1385.44,0.4711,Extra Large,Medium,6.0,Stainless Steel 316L,0.8,150,Extra Large Medium pipe for PU injection
PIPE-03375,42,47.0,2.5,350,1385.44,0.4849,Extra Large,Medium,6.0,Stainless Steel 316L,0.8,150,Extra Large Medium pipe for PU injection
PIPE-03376,42,47.0,2.5,360,1385.44,0.4988,Extra Large,Medium,6.0,Stainless Steel 316L,0.8,150,Extra Large Medium pipe for PU injection
PIPE-03377,42,47.0,2.5,370,1385.44,0.5126,Extra Large,Medium,6.0,Stainless Steel 316L,0.8,150,Extra Large Medium pipe for PU injection
PIPE-03378,42,47.0,2.5,380,1385.44,0.5265,Extra Large,Medium,6.0,Stainless Steel 316L,0.8,150,Extra Large Medium pipe for PU injection
PIPE-03379,42,47.0,2.5,390,1385.44,0.5403,Extra Large,Medium,6.0,Stainless Steel 316L,0.8,150,Extra Large Medium pipe for PU injection
PIPE-03380,42,47.0,2.5,400,1385.44,0.5542,Extra Large,Medium,6.0,Stainless Steel 316L,0.8,150,Extra Large Medium pipe for PU injection
PIPE-03381,42,47.0,2.5,410,1385.44,0.568,Extra Large,Medium,6.0,Stainless Steel 316L,0.8,150,Extra Large Medium pipe for PU injection
PIPE-03382,42,47.0,2.5,420,1385.44,0.5819,Extra Large,Medium,6.0,Stainless Steel 316L,0.8,150,Extra Large Medium pipe for PU injection
PIPE-03383,42,47.0,2.5,430,1385.44,0.5957,Extra Large,Medium,6.0,Stainless Steel 316L,0.8,150,Extra Large Medium pipe for PU injection
PIPE-03384,42,47.0,2.5,440,1385.44,0.6096,Extra Large,Medium,6.0,Stainless Steel 316L,0.8,150,Extra Large Medium pipe for PU injection
PIPE-03385,42,47.0,2.5,450,1385.44,0.6234,Extra Large,Medium,6.0,Stainless Steel 316L,0.8,150,Extra Large Medium pipe for PU injection
PIPE-03386,42,47.0,2.5,460,1385.44,0.6373,Extra Large,Medium,6.0,Stainless Steel 316L,0.8,150,Extra Large Medium pipe for PU injection
PIPE-03387,42,47.0,2.5,470,1385.44,0.6512,Extra Large,Medium,6.0,Stainless Steel 316L,0.8,150,Extra Large Medium pipe for PU injection
PIPE-03388,42,47.0,2.5,480,1385.44,0.665,Extra Large,Medium,6.0,Stainless Steel 316L,0.8,150,Extra Large Medium pipe for PU injection
PIPE-03389,42,47.0,2.5,490,1385.44,0.6789,Extra Large,Medium,6.0,Stainless Steel 316L,0.8,150,Extra Large Medium pipe for PU injection
PIPE-03390,42,47.0,2.5,500,1385.44,0.6927,Extra Large,Long,6.0,Stainless Steel 316L,0.8,150,Extra Large Long pipe for PU injection
PIPE-03391,42,47.0,2.5,500,1385.44,0.6927,Extra Large,Long,6.0,Stainless Steel 316L,0.8,150,Extra Large Long pipe for PU injection
PIPE-03392,42,47.0,2.5,525,1385.44,0.7274,Extra Large,Long,6.0,Stainless Steel 316L,0.8,150,Extra Large Long pipe for PU injection
PIPE-03393,42,47.0,2.5,550,1385.44,0.762,Extra Large,Long,6.0,Stainless Steel 316L,0.8,150,Extra Large Long pipe for PU injection
PIPE-03394,42,47.0,2.5,575,1385.44,0.7966,Extra Large,Long,6.0,Stainless Steel 316L,0.8,150,Extra Large Long pipe for PU injection
PIPE-03395,42,47.0,2.5,600,1385.44,0.8313,Extra Large,Long,6.0,Stainless Steel 316L,0.8,150,Extra Large Long pipe for PU injection
PIPE-03396,42,47.0,2.5,625,1385.44,0.8659,Extra Large,Long,6.0,Stainless Steel 316L,0.8,150,Extra Large Long pipe for PU injection
PIPE-03397,42,47.0,2.5,650,1385.44,0.9005,Extra Large,Long,6.0,Stainless Steel 316L,0.8,150,Extra Large Long pipe for PU injection
PIPE-03398,42,47.0,2.5,675,1385.44,0.9352,Extra Large,Long,6.0,Stainless Steel 316L,0.8,150,Extra Large Long pipe for PU injection
PIPE-03399,42,47.0,2.5,700,1385.44,0.9698,Extra Large,Long,6.0,Stainless Steel 316L,0.8,150,Extra Large Long pipe for PU injection
PIPE-03400,42,47.0,2.5,725,1385.44,1.0044,Extra Large,Long,6.0,Stainless Steel 316L,0.8,150,Extra Large Long pipe for PU injection
PIPE-03401,42,47.0,2.5,750,1385.44,1.0391,Extra Large,Long,6.0,Stainless Steel 316L,0.8,150,Extra Large Long pipe for PU injection
PIPE-03402,42,47.0,2.5,775,1385.44,1.0737,Extra Large,Long,6.0,Stainless Steel 316L,0.8,150,Extra Large Long pipe for PU injection
PIPE-03403,42,47.0,2.5,800,1385.44,1.1084,Extra Large,Long,6.0,Stainless Steel 316L,0.8,150,Extra Large Long pipe for PU injection
PIPE-03404,42,47.0,2.5,825,1385.44,1.143,Extra Large,Long,6.0,Stainless Steel 316L,0.8,150,Extra Large Long pipe for PU injection
PIPE-03405,42,47.0,2.5,850,1385.44,1.1776,Extra Large,Long,6.0,Stainless Steel 316L,0.8,150,Extra Large Long pipe for PU injection
PIPE-03406,42,47.0,2.5,875,1385.44,1.2123,Extra Large,Long,6.0,Stainless Steel 316L,0.8,150,Extra Large Long pipe for PU injection
PIPE-03407,42,47.0,2.5,900,1385.44,1.2469,Extra Large,Long,6.0,Stainless Steel 316L,0.8,150,Extra Large Long pipe for PU injection
PIPE-03408,42,47.0,2.5,925,1385.44,1.2815,Extra Large,Long,6.0,Stainless Steel 316L,0.8,150,Extra Large Long pipe for PU injection
PIPE-03409,42,47.0,2.5,950,1385.44,1.3162,Extra Large,Long,6.0,Stainless Steel 316L,0.8,150,Extra Large Long pipe for PU injection
PIPE-03410,42,47.0,2.5,975,1385.44,1.3508,Extra Large,Long,6.0,Stainless Steel 316L,0.8,150,Extra Large Long pipe for PU injection
PIPE-03411,42,47.0,2.5,1000,1385.44,1.3854,Extra Large,Extra Long,6.0,Stainless Steel 316L,0.8,150,Extra Large Extra Long pipe for PU injection
PIPE-03412,42,47.0,2.5,1000,1385.44,1.3854,Extra Large,Extra Long,6.0,Stainless Steel 316L,0.8,150,Extra Large Extra Long pipe for PU injection
PIPE-03413,42,47.0,2.5,1050,1385.44,1.4547,Extra Large,Extra Long,6.0,Stainless Steel 316L,0.8,150,Extra Large Extra Long pipe for PU injection
PIPE-03414,42,47.0,2.5,1100,1385.44,1.524,Extra Large,Extra Long,6.0,Stainless Steel 316L,0.8,150,Extra Large Extra Long pipe for PU injection
PIPE-03415,42,47.0,2.5,1150,1385.44,1.5933,Extra Large,Extra Long,6.0,Stainless Steel 316L,0.8,150,Extra Large Extra Long pipe for PU injection
PIPE-03416,42,47.0,2.5,1200,1385.44,1.6625,Extra Large,Extra Long,6.0,Stainless Steel 316L,0.8,150,Extra Large Extra Long pipe for PU injection
PIPE-03417,42,47.0,2.5,1250,1385.44,1.7318,Extra Large,Extra Long,6.0,Stainless Steel 316L,0.8,150,Extra Large Extra Long pipe for PU injection
PIPE-03418,42,47.0,2.5,1300,1385.44,1.8011,Extra Large,Extra Long,6.0,Stainless Steel 316L,0.8,150,Extra Large Extra Long pipe for PU injection
PIPE-03419,42,47.0,2.5,1350,1385.44,1.8703,Extra Large,Extra Long,6.0,Stainless Steel 316L,0.8,150,Extra Large Extra Long pipe for PU injection
PIPE-03420,42,47.0,2.5,1400,1385.44,1.9396,Extra Large,Extra Long,6.0,Stainless Steel 316L,0.8,150,Extra Large Extra Long pipe for PU injection
PIPE-03421,42,47.0,2.5,1450,1385.44,2.0089,Extra Large,Extra Long,6.0,Stainless Steel 316L,0.8,150,Extra Large Extra Long pipe for PU injection
PIPE-03422,42,47.0,2.5,1500,1385.44,2.0782,Extra Large,Extra Long,6.0,Stainless Steel 316L,0.8,150,Extra Large Extra Long pipe for PU injection
PIPE-03423,42,47.0,2.5,1550,1385.44,2.1474,Extra Large,Extra Long,6.0,Stainless Steel 316L,0.8,150,Extra Large Extra Long pipe for PU injection
PIPE-03424,42,47.0,2.5,1600,1385.44,2.2167,Extra Large,Extra Long,6.0,Stainless Steel 316L,0.8,150,Extra Large Extra Long pipe for PU injection
PIPE-03425,42,47.0,2.5,1650,1385.44,2.286,Extra Large,Extra Long,6.0,Stainless Steel 316L,0.8,150,Extra Large Extra Long pipe for PU injection
PIPE-03426,42,47.0,2.5,1700,1385.44,2.3553,Extra Large,Extra Long,6.0,Stainless Steel 316L,0.8,150,Extra Large Extra Long pipe for PU injection
PIPE-03427,42,47.0,2.5,1750,1385.44,2.4245,Extra Large,Extra Long,6.0,Stainless Steel 316L,0.8,150,Extra Large Extra Long pipe for PU injection
PIPE-03428,42,47.0,2.5,1800,1385.44,2.4938,Extra Large,Extra Long,6.0,Stainless Steel 316L,0.8,150,Extra Large Extra Long pipe for PU injection
PIPE-03429,42,47.0,2.5,1850,1385.44,2.5631,Extra Large,Extra Long,6.0,Stainless Steel 316L,0.8,150,Extra Large Extra Long pipe for PU injection
PIPE-03430,42,47.0,2.5,1900,1385.44,2.6323,Extra Large,Extra Long,6.0,Stainless Steel 316L,0.8,150,Extra Large Extra Long pipe for PU injection
PIPE-03431,42,47.0,2.5,1950,1385.44,2.7016,Extra Large,Extra Long,6.0,Stainless Steel 316L,0.8,150,Extra Large Extra Long pipe for PU injection
PIPE-03432,42,47.0,2.5,2000,1385.44,2.7709,Extra Large,Extra Long,6.0,Stainless Steel 316L,0.8,150,Extra Large Extra Long pipe for PU injection
PIPE-03433,43,48.0,2.5,50,1452.2,0.0726,Extra Large,Short,6.0,Stainless Steel 316L,0.8,150,Extra Large Short pipe for PU injection
PIPE-03434,43,48.0,2.5,60,1452.2,0.0871,Extra Large,Short,6.0,Stainless Steel 316L,0.8,150,Extra Large Short pipe for PU injection
PIPE-03435,43,48.0,2.5,70,1452.2,0.1017,Extra Large,Short,6.0,Stainless Steel 316L,0.8,150,Extra Large Short pipe for PU injection
PIPE-03436,43,48.0,2.5,80,1452.2,0.1162,Extra Large,Short,6.0,Stainless Steel 316L,0.8,150,Extra Large Short pipe for PU injection
PIPE-03437,43,48.0,2.5,90,1452.2,0.1307,Extra Large,Short,6.0,Stainless Steel 316L,0.8,150,Extra Large Short pipe for PU injection
PIPE-03438,43,48.0,2.5,100,1452.2,0.1452,Extra Large,Short,6.0,Stainless Steel 316L,0.8,150,Extra Large Short pipe for PU injection
PIPE-03439,43,48.0,2.5,110,1452.2,0.1597,Extra Large,Short,6.0,Stainless Steel 316L,0.8,150,Extra Large Short pipe for PU injection
PIPE-03440,43,48.0,2.5,120,1452.2,0.1743,Extra Large,Short,6.0,Stainless Steel 316L,0.8,150,Extra Large Short pipe for PU injection
PIPE-03441,43,48.0,2.5,130,1452.2,0.1888,Extra Large,Short,6.0,Stainless Steel 316L,0.8,150,Extra Large Short pipe for PU injection
PIPE-03442,43,48.0,2.5,140,1452.2,0.2033,Extra Large,Short,6.0,Stainless Steel 316L,0.8,150,Extra Large Short pipe for PU injection
PIPE-03443,43,48.0,2.5,150,1452.2,0.2178,Extra Large,Short,6.0,Stainless Steel 316L,0.8,150,Extra Large Short pipe for PU injection
PIPE-03444,43,48.0,2.5,160,1452.2,0.2324,Extra Large,Short,6.0,Stainless Steel 316L,0.8,150,Extra Large Short pipe for PU injection
PIPE-03445,43,48.0,2.5,170,1452.2,0.2469,Extra Large,Short,6.0,Stainless Steel 316L,0.8,150,Extra Large Short pipe for PU injection
PIPE-03446,43,48.0,2.5,180,1452.2,0.2614,Extra Large,Short,6.0,Stainless Steel 316L,0.8,150,Extra Large Short pipe for PU injection
PIPE-03447,43,48.0,2.5,190,1452.2,0.2759,Extra Large,Short,6.0,Stainless Steel 316L,0.8,150,Extra Large Short pipe for PU injection
PIPE-03448,43,48.0,2.5,200,1452.2,0.2904,Extra Large,Medium,6.0,Stainless Steel 316L,0.8,150,Extra Large Medium pipe for PU injection
PIPE-03449,43,48.0,2.5,210,1452.2,0.305,Extra Large,Medium,6.0,Stainless Steel 316L,0.8,150,Extra Large Medium pipe for PU injection
PIPE-03450,43,48.0,2.5,220,1452.2,0.3195,Extra Large,Medium,6.0,Stainless Steel 316L,0.8,150,Extra Large Medium pipe for PU injection
PIPE-03451,43,48.0,2.5,230,1452.2,0.334,Extra Large,Medium,6.0,Stainless Steel 316L,0.8,150,Extra Large Medium pipe for PU injection
PIPE-03452,43,48.0,2.5,240,1452.2,0.3485,Extra Large,Medium,6.0,Stainless Steel 316L,0.8,150,Extra Large Medium pipe for PU injection
PIPE-03453,43,48.0,2.5,250,1452.2,0.3631,Extra Large,Medium,6.0,Stainless Steel 316L,0.8,150,Extra Large Medium pipe for PU injection
PIPE-03454,43,48.0,2.5,260,1452.2,0.3776,Extra Large,Medium,6.0,Stainless Steel 316L,0.8,150,Extra Large Medium pipe for PU injection
PIPE-03455,43,48.0,2.5,270,1452.2,0.3921,Extra Large,Medium,6.0,Stainless Steel 316L,0.8,150,Extra Large Medium pipe for PU injection
PIPE-03456,43,48.0,2.5,280,1452.2,0.4066,Extra Large,Medium,6.0,Stainless Steel 316L,0.8,150,Extra Large Medium pipe for PU injection
PIPE-03457,43,48.0,2.5,290,1452.2,0.4211,Extra Large,Medium,6.0,Stainless Steel 316L,0.8,150,Extra Large Medium pipe for PU injection
PIPE-03458,43,48.0,2.5,300,1452.2,0.4357,Extra Large,Medium,6.0,Stainless Steel 316L,0.8,150,Extra Large Medium pipe for PU injection
PIPE-03459,43,48.0,2.5,310,1452.2,0.4502,Extra Large,Medium,6.0,Stainless Steel 316L,0.8,150,Extra Large Medium pipe for PU injection
PIPE-03460,43,48.0,2.5,320,1452.2,0.4647,Extra Large,Medium,6.0,Stainless Steel 316L,0.8,150,Extra Large Medium pipe for PU injection
PIPE-03461,43,48.0,2.5,330,1452.2,0.4792,Extra Large,Medium,6.0,Stainless Steel 316L,0.8,150,Extra Large Medium pipe for PU injection
PIPE-03462,43,48.0,2.5,340,1452.2,0.4937,Extra Large,Medium,6.0,Stainless Steel 316L,0.8,150,Extra Large Medium pipe for PU injection
PIPE-03463,43,48.0,2.5,350,1452.2,0.5083,Extra Large,Medium,6.0,Stainless Steel 316L,0.8,150,Extra Large Medium pipe for PU injection
PIPE-03464,43,48.0,2.5,360,1452.2,0.5228,Extra Large,Medium,6.0,Stainless Steel 316L,0.8,150,Extra Large Medium pipe for PU injection
PIPE-03465,43,48.0,2.5,370,1452.2,0.5373,Extra Large,Medium,6.0,Stainless Steel 316L,0.8,150,Extra Large Medium pipe for PU injection
PIPE-03466,43,48.0,2.5,380,1452.2,0.5518,Extra Large,Medium,6.0,Stainless Steel 316L,0.8,150,Extra Large Medium pipe for PU injection
PIPE-03467,43,48.0,2.5,390,1452.2,0.5664,Extra Large,Medium,6.0,Stainless Steel 316L,0.8,150,Extra Large Medium pipe for PU injection
PIPE-03468,43,48.0,2.5,400,1452.2,0.5809,Extra Large,Medium,6.0,Stainless Steel 316L,0.8,150,Extra Large Medium pipe for PU injection
PIPE-03469,43,48.0,2.5,410,1452.2,0.5954,Extra Large,Medium,6.0,Stainless Steel 316L,0.8,150,Extra Large Medium pipe for PU injection
PIPE-03470,43,48.0,2.5,420,1452.2,0.6099,Extra Large,Medium,6.0,Stainless Steel 316L,0.8,150,Extra Large Medium pipe for PU injection
PIPE-03471,43,48.0,2.5,430,1452.2,0.6244,Extra Large,Medium,6.0,Stainless Steel 316L,0.8,150,Extra Large Medium pipe for PU injection
PIPE-03472,43,48.0,2.5,440,1452.2,0.639,Extra Large,Medium,6.0,Stainless Steel 316L,0.8,150,Extra Large Medium pipe for PU injection
PIPE-03473,43,48.0,2.5,450,1452.2,0.6535,Extra Large,Medium,6.0,Stainless Steel 316L,0.8,150,Extra Large Medium pipe for PU injection
PIPE-03474,43,48.0,2.5,460,1452.2,0.668,Extra Large,Medium,6.0,Stainless Steel 316L,0.8,150,Extra Large Medium pipe for PU injection
PIPE-03475,43,48.0,2.5,470,1452.2,0.6825,Extra Large,Medium,6.0,Stainless Steel 316L,0.8,150,Extra Large Medium pipe for PU injection
PIPE-03476,43,48.0,2.5,480,1452.2,0.6971,Extra Large,Medium,6.0,Stainless Steel 316L,0.8,150,Extra Large Medium pipe for PU injection
PIPE-03477,43,48.0,2.5,490,1452.2,0.7116,Extra Large,Medium,6.0,Stainless Steel 316L,0.8,150,Extra Large Medium pipe for PU injection
PIPE-03478,43,48.0,2.5,500,1452.2,0.7261,Extra Large,Long,6.0,Stainless Steel 316L,0.8,150,Extra Large Long pipe for PU injection
PIPE-03479,43,48.0,2.5,500,1452.2,0.7261,Extra Large,Long,6.0,Stainless Steel 316L,0.8,150,Extra Large Long pipe for PU injection
PIPE-03480,43,48.0,2.5,525,1452.2,0.7624,Extra Large,Long,6.0,Stainless Steel 316L,0.8,150,Extra Large Long pipe for PU injection
PIPE-03481,43,48.0,2.5,550,1452.2,0.7987,Extra Large,Long,6.0,Stainless Steel 316L,0.8,150,Extra Large Long pipe for PU injection
PIPE-03482,43,48.0,2.5,575,1452.2,0.835,Extra Large,Long,6.0,Stainless Steel 316L,0.8,150,Extra Large Long pipe for PU injection
PIPE-03483,43,48.0,2.5,600,1452.2,0.8713,Extra Large,Long,6.0,Stainless Steel 316L,0.8,150,Extra Large Long pipe for PU injection
PIPE-03484,43,48.0,2.5,625,1452.2,0.9076,Extra Large,Long,6.0,Stainless Steel 316L,0.8,150,Extra Large Long pipe for PU injection
PIPE-03485,43,48.0,2.5,650,1452.2,0.9439,Extra Large,Long,6.0,Stainless Steel 316L,0.8,150,Extra Large Long pipe for PU injection
PIPE-03486,43,48.0,2.5,675,1452.2,0.9802,Extra Large,Long,6.0,Stainless Steel 316L,0.8,150,Extra Large Long pipe for PU injection
PIPE-03487,43,48.0,2.5,700,1452.2,1.0165,Extra Large,Long,6.0,Stainless Steel 316L,0.8,150,Extra Large Long pipe for PU injection
PIPE-03488,43,48.0,2.5,725,1452.2,1.0528,Extra Large,Long,6.0,Stainless Steel 316L,0.8,150,Extra Large Long pipe for PU injection
PIPE-03489,43,48.0,2.5,750,1452.2,1.0892,Extra Large,Long,6.0,Stainless Steel 316L,0.8,150,Extra Large Long pipe for PU injection
PIPE-03490,43,48.0,2.5,775,1452.2,1.1255,Extra Large,Long,6.0,Stainless Steel 316L,0.8,150,Extra Large Long pipe for PU injection
PIPE-03491,43,48.0,2.5,800,1452.2,1.1618,Extra Large,Long,6.0,Stainless Steel 316L,0.8,150,Extra Large Long pipe for PU injection
PIPE-03492,43,48.0,2.5,825,1452.2,1.1981,Extra Large,Long,6.0,Stainless Steel 316L,0.8,150,Extra Large Long pipe for PU injection
PIPE-03493,43,48.0,2.5,850,1452.2,1.2344,Extra Large,Long,6.0,Stainless Steel 316L,0.8,150,Extra Large Long pipe for PU injection
PIPE-03494,43,48.0,2.5,875,1452.2,1.2707,Extra Large,Long,6.0,Stainless Steel 316L,0.8,150,Extra Large Long pipe for PU injection
PIPE-03495,43,48.0,2.5,900,1452.2,1.307,Extra Large,Long,6.0,Stainless Steel 316L,0.8,150,Extra Large Long pipe for PU injection
PIPE-03496,43,48.0,2.5,925,1452.2,1.3433,Extra Large,Long,6.0,Stainless Steel 316L,0.8,150,Extra Large Long pipe for PU injection
PIPE-03497,43,48.0,2.5,950,1452.2,1.3796,Extra Large,Long,6.0,Stainless Steel 316L,0.8,150,Extra Large Long pipe for PU injection
PIPE-03498,43,48.0,2.5,975,1452.2,1.4159,Extra Large,Long,6.0,Stainless Steel 316L,0.8,150,Extra Large Long pipe for PU injection
PIPE-03499,43,48.0,2.5,1000,1452.2,1.4522,Extra Large,Extra Long,6.0,Stainless Steel 316L,0.8,150,Extra Large Extra Long pipe for PU injection
PIPE-03500,43,48.0,2.5,1000,1452.2,1.4522,Extra Large,Extra Long,6.0,Stainless Steel 316L,0.8,150,Extra Large Extra Long pipe for PU injection
PIPE-03501,43,48.0,2.5,1050,1452.2,1.5248,Extra Large,Extra Long,6.0,Stainless Steel 316L,0.8,150,Extra Large Extra Long pipe for PU injection
PIPE-03502,43,48.0,2.5,1100,1452.2,1.5974,Extra Large,Extra Long,6.0,Stainless Steel 316L,0.8,150,Extra Large Extra Long pipe for PU injection
PIPE-03503,43,48.0,2.5,1150,1452.2,1.67,Extra Large,Extra Long,6.0,Stainless Steel 316L,0.8,150,Extra Large Extra Long pipe for PU injection
PIPE-03504,43,48.0,2.5,1200,1452.2,1.7426,Extra Large,Extra Long,6.0,Stainless Steel 316L,0.8,150,Extra Large Extra Long pipe for PU injection
PIPE-03505,43,48.0,2.5,1250,1452.2,1.8153,Extra Large,Extra Long,6.0,Stainless Steel 316L,0.8,150,Extra Large Extra Long pipe for PU injection
PIPE-03506,43,48.0,2.5,1300,1452.2,1.8879,Extra Large,Extra Long,6.0,Stainless Steel 316L,0.8,150,Extra Large Extra Long pipe for PU injection
PIPE-03507,43,48.0,2.5,1350,1452.2,1.9605,Extra Large,Extra Long,6.0,Stainless Steel 316L,0.8,150,Extra Large Extra Long pipe for PU injection
PIPE-03508,43,48.0,2.5,1400,1452.2,2.0331,Extra Large,Extra Long,6.0,Stainless Steel 316L,0.8,150,Extra Large Extra Long pipe for PU injection
PIPE-03509,43,48.0,2.5,1450,1452.2,2.1057,Extra Large,Extra Long,6.0,Stainless Steel 316L,0.8,150,Extra Large Extra Long pipe for PU injection
PIPE-03510,43,48.0,2.5,1500,1452.2,2.1783,Extra Large,Extra Long,6.0,Stainless Steel 316L,0.8,150,Extra Large Extra Long pipe for PU injection
PIPE-03511,43,48.0,2.5,1550,1452.2,2.2509,Extra Large,Extra Long,6.0,Stainless Steel 316L,0.8,150,Extra Large Extra Long pipe for PU injection
PIPE-03512,43,48.0,2.5,1600,1452.2,2.3235,Extra Large,Extra Long,6.0,Stainless Steel 316L,0.8,150,Extra Large Extra Long pipe for PU injection
PIPE-03513,43,48.0,2.5,1650,1452.2,2.3961,Extra Large,Extra Long,6.0,Stainless Steel 316L,0.8,150,Extra Large Extra Long pipe for PU injection
PIPE-03514,43,48.0,2.5,1700,1452.2,2.4687,Extra Large,Extra Long,6.0,Stainless Steel 316L,0.8,150,Extra Large Extra Long pipe for PU injection
PIPE-03515,43,48.0,2.5,1750,1452.2,2.5414,Extra Large,Extra Long,6.0,Stainless Steel 316L,0.8,150,Extra Large Extra Long pipe for PU injection
PIPE-03516,43,48.0,2.5,1800,1452.2,2.614,Extra Large,Extra Long,6.0,Stainless Steel 316L,0.8,150,Extra Large Extra Long pipe for PU injection
PIPE-03517,43,48.0,2.5,1850,1452.2,2.6866,Extra Large,Extra Long,6.0,Stainless Steel 316L,0.8,150,Extra Large Extra Long pipe for PU injection
PIPE-03518,43,48.0,2.5,1900,1452.2,2.7592,Extra Large,Extra Long,6.0,Stainless Steel 316L,0.8,150,Extra Large Extra Long pipe for PU injection
PIPE-03519,43,48.0,2.5,1950,1452.2,2.8318,Extra Large,Extra Long,6.0,Stainless Steel 316L,0.8,150,Extra Large Extra Long pipe for PU injection
PIPE-03520,43,48.0,2.5,2000,1452.2,2.9044,Extra Large,Extra Long,6.0,Stainless Steel 316L,0.8,150,Extra Large Extra Long pipe for PU injection
PIPE-03521,44,49.0,2.5,50,1520.53,0.076,Extra Large,Short,6.0,Stainless Steel 316L,0.8,150,Extra Large Short pipe for PU injection
PIPE-03522,44,49.0,2.5,60,1520.53,0.0912,Extra Large,Short,6.0,Stainless Steel 316L,0.8,150,Extra Large Short pipe for PU injection
PIPE-03523,44,49.0,2.5,70,1520.53,0.1064,Extra Large,Short,6.0,Stainless Steel 316L,0.8,150,Extra Large Short pipe for PU injection
PIPE-03524,44,49.0,2.5,80,1520.53,0.1216,Extra Large,Short,6.0,Stainless Steel 316L,0.8,150,Extra Large Short pipe for PU injection
PIPE-03525,44,49.0,2.5,90,1520.53,0.1368,Extra Large,Short,6.0,Stainless Steel 316L,0.8,150,Extra Large Short pipe for PU injection
PIPE-03526,44,49.0,2.5,100,1520.53,0.1521,Extra Large,Short,6.0,Stainless Steel 316L,0.8,150,Extra Large Short pipe for PU injection
PIPE-03527,44,49.0,2.5,110,1520.53,0.1673,Extra Large,Short,6.0,Stainless Steel 316L,0.8,150,Extra Large Short pipe for PU injection
PIPE-03528,44,49.0,2.5,120,1520.53,0.1825,Extra Large,Short,6.0,Stainless Steel 316L,0.8,150,Extra Large Short pipe for PU injection
PIPE-03529,44,49.0,2.5,130,1520.53,0.1977,Extra Large,Short,6.0,Stainless Steel 316L,0.8,150,Extra Large Short pipe for PU injection
PIPE-03530,44,49.0,2.5,140,1520.53,0.2129,Extra Large,Short,6.0,Stainless Steel 316L,0.8,150,Extra Large Short pipe for PU injection
PIPE-03531,44,49.0,2.5,150,1520.53,0.2281,Extra Large,Short,6.0,Stainless Steel 316L,0.8,150,Extra Large Short pipe for PU injection
PIPE-03532,44,49.0,2.5,160,1520.53,0.2433,Extra Large,Short,6.0,Stainless Steel 316L,0.8,150,Extra Large Short pipe for PU injection
PIPE-03533,44,49.0,2.5,170,1520.53,0.2585,Extra Large,Short,6.0,Stainless Steel 316L,0.8,150,Extra Large Short pipe for PU injection
PIPE-03534,44,49.0,2.5,180,1520.53,0.2737,Extra Large,Short,6.0,Stainless Steel 316L,0.8,150,Extra Large Short pipe for PU injection
PIPE-03535,44,49.0,2.5,190,1520.53,0.2889,Extra Large,Short,6.0,Stainless Steel 316L,0.8,150,Extra Large Short pipe for PU injection
PIPE-03536,44,49.0,2.5,200,1520.53,0.3041,Extra Large,Medium,6.0,Stainless Steel 316L,0.8,150,Extra Large Medium pipe for PU injection
PIPE-03537,44,49.0,2.5,210,1520.53,0.3193,Extra Large,Medium,6.0,Stainless Steel 316L,0.8,150,Extra Large Medium pipe for PU injection
PIPE-03538,44,49.0,2.5,220,1520.53,0.3345,Extra Large,Medium,6.0,Stainless Steel 316L,0.8,150,Extra Large Medium pipe for PU injection
PIPE-03539,44,49.0,2.5,230,1520.53,0.3497,Extra Large,Medium,6.0,Stainless Steel 316L,0.8,150,Extra Large Medium pipe for PU injection
PIPE-03540,44,49.0,2.5,240,1520.53,0.3649,Extra Large,Medium,6.0,Stainless Steel 316L,0.8,150,Extra Large Medium pipe for PU injection
PIPE-03541,44,49.0,2.5,250,1520.53,0.3801,Extra Large,Medium,6.0,Stainless Steel 316L,0.8,150,Extra Large Medium pipe for PU injection
PIPE-03542,44,49.0,2.5,260,1520.53,0.3953,Extra Large,Medium,6.0,Stainless Steel 316L,0.8,150,Extra Large Medium pipe for PU injection
PIPE-03543,44,49.0,2.5,270,1520.53,0.4105,Extra Large,Medium,6.0,Stainless Steel 316L,0.8,150,Extra Large Medium pipe for PU injection
PIPE-03544,44,49.0,2.5,280,1520.53,0.4257,Extra Large,Medium,6.0,Stainless Steel 316L,0.8,150,Extra Large Medium pipe for PU injection
PIPE-03545,44,49.0,2.5,290,1520.53,0.441,Extra Large,Medium,6.0,Stainless Steel 316L,0.8,150,Extra Large Medium pipe for PU injection
PIPE-03546,44,49.0,2.5,300,1520.53,0.4562,Extra Large,Medium,6.0,Stainless Steel 316L,0.8,150,Extra Large Medium pipe for PU injection
PIPE-03547,44,49.0,2.5,310,1520.53,0.4714,Extra Large,Medium,6.0,Stainless Steel 316L,0.8,150,Extra Large Medium pipe for PU injection
PIPE-03548,44,49.0,2.5,320,1520.53,0.4866,Extra Large,Medium,6.0,Stainless Steel 316L,0.8,150,Extra Large Medium pipe for PU injection
PIPE-03549,44,49.0,2.5,330,1520.53,0.5018,Extra Large,Medium,6.0,Stainless Steel 316L,0.8,150,Extra Large Medium pipe for PU injection
PIPE-03550,44,49.0,2.5,340,1520.53,0.517,Extra Large,Medium,6.0,Stainless Steel 316L,0.8,150,Extra Large Medium pipe for PU injection
PIPE-03551,44,49.0,2.5,350,1520.53,0.5322,Extra Large,Medium,6.0,Stainless Steel 316L,0.8,150,Extra Large Medium pipe for PU injection
PIPE-03552,44,49.0,2.5,360,1520.53,0.5474,Extra Large,Medium,6.0,Stainless Steel 316L,0.8,150,Extra Large Medium pipe for PU injection
PIPE-03553,44,49.0,2.5,370,1520.53,0.5626,Extra Large,Medium,6.0,Stainless Steel 316L,0.8,150,Extra Large Medium pipe for PU injection
PIPE-03554,44,49.0,2.5,380,1520.53,0.5778,Extra Large,Medium,6.0,Stainless Steel 316L,0.8,150,Extra Large Medium pipe for PU injection
PIPE-03555,44,49.0,2.5,390,1520.53,0.593,Extra Large,Medium,6.0,Stainless Steel 316L,0.8,150,Extra Large Medium pipe for PU injection
PIPE-03556,44,49.0,2.5,400,1520.53,0.6082,Extra Large,Medium,6.0,Stainless Steel 316L,0.8,150,Extra Large Medium pipe for PU injection
PIPE-03557,44,49.0,2.5,410,1520.53,0.6234,Extra Large,Medium,6.0,Stainless Steel 316L,0.8,150,Extra Large Medium pipe for PU injection
PIPE-03558,44,49.0,2.5,420,1520.53,0.6386,Extra Large,Medium,6.0,Stainless Steel 316L,0.8,150,Extra Large Medium pipe for PU injection
PIPE-03559,44,49.0,2.5,430,1520.53,0.6538,Extra Large,Medium,6.0,Stainless Steel 316L,0.8,150,Extra Large Medium pipe for PU injection
PIPE-03560,44,49.0,2.5,440,1520.53,0.669,Extra Large,Medium,6.0,Stainless Steel 316L,0.8,150,Extra Large Medium pipe for PU injection
PIPE-03561,44,49.0,2.5,450,1520.53,0.6842,Extra Large,Medium,6.0,Stainless Steel 316L,0.8,150,Extra Large Medium pipe for PU injection
PIPE-03562,44,49.0,2.5,460,1520.53,0.6994,Extra Large,Medium,6.0,Stainless Steel 316L,0.8,150,Extra Large Medium pipe for PU injection
PIPE-03563,44,49.0,2.5,470,1520.53,0.7146,Extra Large,Medium,6.0,Stainless Steel 316L,0.8,150,Extra Large Medium pipe for PU injection
PIPE-03564,44,49.0,2.5,480,1520.53,0.7299,Extra Large,Medium,6.0,Stainless Steel 316L,0.8,150,Extra Large Medium pipe for PU injection
PIPE-03565,44,49.0,2.5,490,1520.53,0.7451,Extra Large,Medium,6.0,Stainless Steel 316L,0.8,150,Extra Large Medium pipe for PU injection
PIPE-03566,44,49.0,2.5,500,1520.53,0.7603,Extra Large,Long,6.0,Stainless Steel 316L,0.8,150,Extra Large Long pipe for PU injection
PIPE-03567,44,49.0,2.5,500,1520.53,0.7603,Extra Large,Long,6.0,Stainless Steel 316L,0.8,150,Extra Large Long pipe for PU injection
PIPE-03568,44,49.0,2.5,525,1520.53,0.7983,Extra Large,Long,6.0,Stainless Steel 316L,0.8,150,Extra Large Long pipe for PU injection
PIPE-03569,44,49.0,2.5,550,1520.53,0.8363,Extra Large,Long,6.0,Stainless Steel 316L,0.8,150,Extra Large Long pipe for PU injection
PIPE-03570,44,49.0,2.5,575,1520.53,0.8743,Extra Large,Long,6.0,Stainless Steel 316L,0.8,150,Extra Large Long pipe for PU injection
PIPE-03571,44,49.0,2.5,600,1520.53,0.9123,Extra Large,Long,6.0,Stainless Steel 316L,0.8,150,Extra Large Long pipe for PU injection
PIPE-03572,44,49.0,2.5,625,1520.53,0.9503,Extra Large,Long,6.0,Stainless Steel 316L,0.8,150,Extra Large Long pipe for PU injection
PIPE-03573,44,49.0,2.5,650,1520.53,0.9883,Extra Large,Long,6.0,Stainless Steel 316L,0.8,150,Extra Large Long pipe for PU injection
PIPE-03574,44,49.0,2.5,675,1520.53,1.0264,Extra Large,Long,6.0,Stainless Steel 316L,0.8,150,Extra Large Long pipe for PU injection
PIPE-03575,44,49.0,2.5,700,1520.53,1.0644,Extra Large,Long,6.0,Stainless Steel 316L,0.8,150,Extra Large Long pipe for PU injection
PIPE-03576,44,49.0,2.5,725,1520.53,1.1024,Extra Large,Long,6.0,Stainless Steel 316L,0.8,150,Extra Large Long pipe for PU injection
PIPE-03577,44,49.0,2.5,750,1520.53,1.1404,Extra Large,Long,6.0,Stainless Steel 316L,0.8,150,Extra Large Long pipe for PU injection
PIPE-03578,44,49.0,2.5,775,1520.53,1.1784,Extra Large,Long,6.0,Stainless Steel 316L,0.8,150,Extra Large Long pipe for PU injection
PIPE-03579,44,49.0,2.5,800,1520.53,1.2164,Extra Large,Long,6.0,Stainless Steel 316L,0.8,150,Extra Large Long pipe for PU injection
PIPE-03580,44,49.0,2.5,825,1520.53,1.2544,Extra Large,Long,6.0,Stainless Steel 316L,0.8,150,Extra Large Long pipe for PU injection
PIPE-03581,44,49.0,2.5,850,1520.53,1.2925,Extra Large,Long,6.0,Stainless Steel 316L,0.8,150,Extra Large Long pipe for PU injection
PIPE-03582,44,49.0,2.5,875,1520.53,1.3305,Extra Large,Long,6.0,Stainless Steel 316L,0.8,150,Extra Large Long pipe for PU injection
PIPE-03583,44,49.0,2.5,900,1520.53,1.3685,Extra Large,Long,6.0,Stainless Steel 316L,0.8,150,Extra Large Long pipe for PU injection
PIPE-03584,44,49.0,2.5,925,1520.53,1.4065,Extra Large,Long,6.0,Stainless Steel 316L,0.8,150,Extra Large Long pipe for PU injection
PIPE-03585,44,49.0,2.5,950,1520.53,1.4445,Extra Large,Long,6.0,Stainless Steel 316L,0.8,150,Extra Large Long pipe for PU injection
PIPE-03586,44,49.0,2.5,975,1520.53,1.4825,Extra Large,Long,6.0,Stainless Steel 316L,0.8,150,Extra Large Long pipe for PU injection
PIPE-03587,44,49.0,2.5,1000,1520.53,1.5205,Extra Large,Extra Long,6.0,Stainless Steel 316L,0.8,150,Extra Large Extra Long pipe for PU injection
PIPE-03588,44,49.0,2.5,1000,1520.53,1.5205,Extra Large,Extra Long,6.0,Stainless Steel 316L,0.8,150,Extra Large Extra Long pipe for PU injection
PIPE-03589,44,49.0,2.5,1050,1520.53,1.5966,Extra Large,Extra Long,6.0,Stainless Steel 316L,0.8,150,Extra Large Extra Long pipe for PU injection
PIPE-03590,44,49.0,2.5,1100,1520.53,1.6726,Extra Large,Extra Long,6.0,Stainless Steel 316L,0.8,150,Extra Large Extra Long pipe for PU injection
PIPE-03591,44,49.0,2.5,1150,1520.53,1.7486,Extra Large,Extra Long,6.0,Stainless Steel 316L,0.8,150,Extra Large Extra Long pipe for PU injection
PIPE-03592,44,49.0,2.5,1200,1520.53,1.8246,Extra Large,Extra Long,6.0,Stainless Steel 316L,0.8,150,Extra Large Extra Long pipe for PU injection
PIPE-03593,44,49.0,2.5,1250,1520.53,1.9007,Extra Large,Extra Long,6.0,Stainless Steel 316L,0.8,150,Extra Large Extra Long pipe for PU injection
PIPE-03594,44,49.0,2.5,1300,1520.53,1.9767,Extra Large,Extra Long,6.0,Stainless Steel 316L,0.8,150,Extra Large Extra Long pipe for PU injection
PIPE-03595,44,49.0,2.5,1350,1520.53,2.0527,Extra Large,Extra Long,6.0,Stainless Steel 316L,0.8,150,Extra Large Extra Long pipe for PU injection
PIPE-03596,44,49.0,2.5,1400,1520.53,2.1287,Extra Large,Extra Long,6.0,Stainless Steel 316L,0.8,150,Extra Large Extra Long pipe for PU injection
PIPE-03597,44,49.0,2.5,1450,1520.53,2.2048,Extra Large,Extra Long,6.0,Stainless Steel 316L,0.8,150,Extra Large Extra Long pipe for PU injection
PIPE-03598,44,49.0,2.5,1500,1520.53,2.2808,Extra Large,Extra Long,6.0,Stainless Steel 316L,0.8,150,Extra Large Extra Long pipe for PU injection
PIPE-03599,44,49.0,2.5,1550,1520.53,2.3568,Extra Large,Extra Long,6.0,Stainless Steel 316L,0.8,150,Extra Large Extra Long pipe for PU injection
PIPE-03600,44,49.0,2.5,1600,1520.53,2.4328,Extra Large,Extra Long,6.0,Stainless Steel 316L,0.8,150,Extra Large Extra Long pipe for PU injection
PIPE-03601,44,49.0,2.5,1650,1520.53,2.5089,Extra Large,Extra Long,6.0,Stainless Steel 316L,0.8,150,Extra Large Extra Long pipe for PU injection
PIPE-03602,44,49.0,2.5,1700,1520.53,2.5849,Extra Large,Extra Long,6.0,Stainless Steel 316L,0.8,150,Extra Large Extra Long pipe for PU injection
PIPE-03603,44,49.0,2.5,1750,1520.53,2.6609,Extra Large,Extra Long,6.0,Stainless Steel 316L,0.8,150,Extra Large Extra Long pipe for PU injection
PIPE-03604,44,49.0,2.5,1800,1520.53,2.737,Extra Large,Extra Long,6.0,Stainless Steel 316L,0.8,150,Extra Large Extra Long pipe for PU injection
PIPE-03605,44,49.0,2.5,1850,1520.53,2.813,Extra Large,Extra Long,6.0,Stainless Steel 316L,0.8,150,Extra Large Extra Long pipe for PU injection
PIPE-03606,44,49.0,2.5,1900,1520.53,2.889,Extra Large,Extra Long,6.0,Stainless Steel 316L,0.8,150,Extra Large Extra Long pipe for PU injection
PIPE-03607,44,49.0,2.5,1950,1520.53,2.965,Extra Large,Extra Long,6.0,Stainless Steel 316L,0.8,150,Extra Large Extra Long pipe for PU injection
PIPE-03608,44,49.0,2.5,2000,1520.53,3.0411,Extra Large,Extra Long,6.0,Stainless Steel 316L,0.8,150,Extra Large Extra Long pipe for PU injection
PIPE-03609,45,50.0,2.5,50,1590.43,0.0795,Extra Large,Short,6.0,Stainless Steel 316L,0.8,150,Extra Large Short pipe for PU injection
PIPE-03610,45,50.0,2.5,60,1590.43,0.0954,Extra Large,Short,6.0,Stainless Steel 316L,0.8,150,Extra Large Short pipe for PU injection
PIPE-03611,45,50.0,2.5,70,1590.43,0.1113,Extra Large,Short,6.0,Stainless Steel 316L,0.8,150,Extra Large Short pipe for PU injection
PIPE-03612,45,50.0,2.5,80,1590.43,0.1272,Extra Large,Short,6.0,Stainless Steel 316L,0.8,150,Extra Large Short pipe for PU injection
PIPE-03613,45,50.0,2.5,90,1590.43,0.1431,Extra Large,Short,6.0,Stainless Steel 316L,0.8,150,Extra Large Short pipe for PU injection
PIPE-03614,45,50.0,2.5,100,1590.43,0.159,Extra Large,Short,6.0,Stainless Steel 316L,0.8,150,Extra Large Short pipe for PU injection
PIPE-03615,45,50.0,2.5,110,1590.43,0.1749,Extra Large,Short,6.0,Stainless Steel 316L,0.8,150,Extra Large Short pipe for PU injection
PIPE-03616,45,50.0,2.5,120,1590.43,0.1909,Extra Large,Short,6.0,Stainless Steel 316L,0.8,150,Extra Large Short pipe for PU injection
PIPE-03617,45,50.0,2.5,130,1590.43,0.2068,Extra Large,Short,6.0,Stainless Steel 316L,0.8,150,Extra Large Short pipe for PU injection
PIPE-03618,45,50.0,2.5,140,1590.43,0.2227,Extra Large,Short,6.0,Stainless Steel 316L,0.8,150,Extra Large Short pipe for PU injection
PIPE-03619,45,50.0,2.5,150,1590.43,0.2386,Extra Large,Short,6.0,Stainless Steel 316L,0.8,150,Extra Large Short pipe for PU injection
PIPE-03620,45,50.0,2.5,160,1590.43,0.2545,Extra Large,Short,6.0,Stainless Steel 316L,0.8,150,Extra Large Short pipe for PU injection
PIPE-03621,45,50.0,2.5,170,1590.43,0.2704,Extra Large,Short,6.0,Stainless Steel 316L,0.8,150,Extra Large Short pipe for PU injection
PIPE-03622,45,50.0,2.5,180,1590.43,0.2863,Extra Large,Short,6.0,Stainless Steel 316L,0.8,150,Extra Large Short pipe for PU injection
PIPE-03623,45,50.0,2.5,190,1590.43,0.3022,Extra Large,Short,6.0,Stainless Steel 316L,0.8,150,Extra Large Short pipe for PU injection
PIPE-03624,45,50.0,2.5,200,1590.43,0.3181,Extra Large,Medium,6.0,Stainless Steel 316L,0.8,150,Extra Large Medium pipe for PU injection
PIPE-03625,45,50.0,2.5,210,1590.43,0.334,Extra Large,Medium,6.0,Stainless Steel 316L,0.8,150,Extra Large Medium pipe for PU injection
PIPE-03626,45,50.0,2.5,220,1590.43,0.3499,Extra Large,Medium,6.0,Stainless Steel 316L,0.8,150,Extra Large Medium pipe for PU injection
PIPE-03627,45,50.0,2.5,230,1590.43,0.3658,Extra Large,Medium,6.0,Stainless Steel 316L,0.8,150,Extra Large Medium pipe for PU injection
PIPE-03628,45,50.0,2.5,240,1590.43,0.3817,Extra Large,Medium,6.0,Stainless Steel 316L,0.8,150,Extra Large Medium pipe for PU injection
PIPE-03629,45,50.0,2.5,250,1590.43,0.3976,Extra Large,Medium,6.0,Stainless Steel 316L,0.8,150,Extra Large Medium pipe for PU injection
PIPE-03630,45,50.0,2.5,260,1590.43,0.4135,Extra Large,Medium,6.0,Stainless Steel 316L,0.8,150,Extra Large Medium pipe for PU injection
PIPE-03631,45,50.0,2.5,270,1590.43,0.4294,Extra Large,Medium,6.0,Stainless Steel 316L,0.8,150,Extra Large Medium pipe for PU injection
PIPE-03632,45,50.0,2.5,280,1590.43,0.4453,Extra Large,Medium,6.0,Stainless Steel 316L,0.8,150,Extra Large Medium pipe for PU injection
PIPE-03633,45,50.0,2.5,290,1590.43,0.4612,Extra Large,Medium,6.0,Stainless Steel 316L,0.8,150,Extra Large Medium pipe for PU injection
PIPE-03634,45,50.0,2.5,300,1590.43,0.4771,Extra Large,Medium,6.0,Stainless Steel 316L,0.8,150,Extra Large Medium pipe for PU injection
PIPE-03635,45,50.0,2.5,310,1590.43,0.493,Extra Large,Medium,6.0,Stainless Steel 316L,0.8,150,Extra Large Medium pipe for PU injection
PIPE-03636,45,50.0,2.5,320,1590.43,0.5089,Extra Large,Medium,6.0,Stainless Steel 316L,0.8,150,Extra Large Medium pipe for PU injection
PIPE-03637,45,50.0,2.5,330,1590.43,0.5248,Extra Large,Medium,6.0,Stainless Steel 316L,0.8,150,Extra Large Medium pipe for PU injection
PIPE-03638,45,50.0,2.5,340,1590.43,0.5407,Extra Large,Medium,6.0,Stainless Steel 316L,0.8,150,Extra Large Medium pipe for PU injection
PIPE-03639,45,50.0,2.5,350,1590.43,0.5567,Extra Large,Medium,6.0,Stainless Steel 316L,0.8,150,Extra Large Medium pipe for PU injection
PIPE-03640,45,50.0,2.5,360,1590.43,0.5726,Extra Large,Medium,6.0,Stainless Steel 316L,0.8,150,Extra Large Medium pipe for PU injection
PIPE-03641,45,50.0,2.5,370,1590.43,0.5885,Extra Large,Medium,6.0,Stainless Steel 316L,0.8,150,Extra Large Medium pipe for PU injection
PIPE-03642,45,50.0,2.5,380,1590.43,0.6044,Extra Large,Medium,6.0,Stainless Steel 316L,0.8,150,Extra Large Medium pipe for PU injection
PIPE-03643,45,50.0,2.5,390,1590.43,0.6203,Extra Large,Medium,6.0,Stainless Steel 316L,0.8,150,Extra Large Medium pipe for PU injection
PIPE-03644,45,50.0,2.5,400,1590.43,0.6362,Extra Large,Medium,6.0,Stainless Steel 316L,0.8,150,Extra Large Medium pipe for PU injection
PIPE-03645,45,50.0,2.5,410,1590.43,0.6521,Extra Large,Medium,6.0,Stainless Steel 316L,0.8,150,Extra Large Medium pipe for PU injection
PIPE-03646,45,50.0,2.5,420,1590.43,0.668,Extra Large,Medium,6.0,Stainless Steel 316L,0.8,150,Extra Large Medium pipe for PU injection
PIPE-03647,45,50.0,2.5,430,1590.43,0.6839,Extra Large,Medium,6.0,Stainless Steel 316L,0.8,150,Extra Large Medium pipe for PU injection
PIPE-03648,45,50.0,2.5,440,1590.43,0.6998,Extra Large,Medium,6.0,Stainless Steel 316L,0.8,150,Extra Large Medium pipe for PU injection
PIPE-03649,45,50.0,2.5,450,1590.43,0.7157,Extra Large,Medium,6.0,Stainless Steel 316L,0.8,150,Extra Large Medium pipe for PU injection
PIPE-03650,45,50.0,2.5,460,1590.43,0.7316,Extra Large,Medium,6.0,Stainless Steel 316L,0.8,150,Extra Large Medium pipe for PU injection
PIPE-03651,45,50.0,2.5,470,1590.43,0.7475,Extra Large,Medium,6.0,Stainless Steel 316L,0.8,150,Extra Large Medium pipe for PU injection
PIPE-03652,45,50.0,2.5,480,1590.43,0.7634,Extra Large,Medium,6.0,Stainless Steel 316L,0.8,150,Extra Large Medium pipe for PU injection
PIPE-03653,45,50.0,2.5,490,1590.43,0.7793,Extra Large,Medium,6.0,Stainless Steel 316L,0.8,150,Extra Large Medium pipe for PU injection
PIPE-03654,45,50.0,2.5,500,1590.43,0.7952,Extra Large,Long,6.0,Stainless Steel 316L,0.8,150,Extra Large Long pipe for PU injection
PIPE-03655,45,50.0,2.5,500,1590.43,0.7952,Extra Large,Long,6.0,Stainless Steel 316L,0.8,150,Extra Large Long pipe for PU injection
PIPE-03656,45,50.0,2.5,525,1590.43,0.835,Extra Large,Long,6.0,Stainless Steel 316L,0.8,150,Extra Large Long pipe for PU injection
PIPE-03657,45,50.0,2.5,550,1590.43,0.8747,Extra Large,Long,6.0,Stainless Steel 316L,0.8,150,Extra Large Long pipe for PU injection
PIPE-03658,45,50.0,2.5,575,1590.43,0.9145,Extra Large,Long,6.0,Stainless Steel 316L,0.8,150,Extra Large Long pipe for PU injection
PIPE-03659,45,50.0,2.5,600,1590.43,0.9543,Extra Large,Long,6.0,Stainless Steel 316L,0.8,150,Extra Large Long pipe for PU injection
PIPE-03660,45,50.0,2.5,625,1590.43,0.994,Extra Large,Long,6.0,Stainless Steel 316L,0.8,150,Extra Large Long pipe for PU injection
PIPE-03661,45,50.0,2.5,650,1590.43,1.0338,Extra Large,Long,6.0,Stainless Steel 316L,0.8,150,Extra Large Long pipe for PU injection
PIPE-03662,45,50.0,2.5,675,1590.43,1.0735,Extra Large,Long,6.0,Stainless Steel 316L,0.8,150,Extra Large Long pipe for PU injection
PIPE-03663,45,50.0,2.5,700,1590.43,1.1133,Extra Large,Long,6.0,Stainless Steel 316L,0.8,150,Extra Large Long pipe for PU injection
PIPE-03664,45,50.0,2.5,725,1590.43,1.1531,Extra Large,Long,6.0,Stainless Steel 316L,0.8,150,Extra Large Long pipe for PU injection
PIPE-03665,45,50.0,2.5,750,1590.43,1.1928,Extra Large,Long,6.0,Stainless Steel 316L,0.8,150,Extra Large Long pipe for PU injection
PIPE-03666,45,50.0,2.5,775,1590.43,1.2326,Extra Large,Long,6.0,Stainless Steel 316L,0.8,150,Extra Large Long pipe for PU injection
PIPE-03667,45,50.0,2.5,800,1590.43,1.2723,Extra Large,Long,6.0,Stainless Steel 316L,0.8,150,Extra Large Long pipe for PU injection
PIPE-03668,45,50.0,2.5,825,1590.43,1.3121,Extra Large,Long,6.0,Stainless Steel 316L,0.8,150,Extra Large Long pipe for PU injection
PIPE-03669,45,50.0,2.5,850,1590.43,1.3519,Extra Large,Long,6.0,Stainless Steel 316L,0.8,150,Extra Large Long pipe for PU injection
PIPE-03670,45,50.0,2.5,875,1590.43,1.3916,Extra Large,Long,6.0,Stainless Steel 316L,0.8,150,Extra Large Long pipe for PU injection
PIPE-03671,45,50.0,2.5,900,1590.43,1.4314,Extra Large,Long,6.0,Stainless Steel 316L,0.8,150,Extra Large Long pipe for PU injection
PIPE-03672,45,50.0,2.5,925,1590.43,1.4711,Extra Large,Long,6.0,Stainless Steel 316L,0.8,150,Extra Large Long pipe for PU injection
PIPE-03673,45,50.0,2.5,950,1590.43,1.5109,Extra Large,Long,6.0,Stainless Steel 316L,0.8,150,Extra Large Long pipe for PU injection
PIPE-03674,45,50.0,2.5,975,1590.43,1.5507,Extra Large,Long,6.0,Stainless Steel 316L,0.8,150,Extra Large Long pipe for PU injection
PIPE-03675,45,50.0,2.5,1000,1590.43,1.5904,Extra Large,Extra Long,6.0,Stainless Steel 316L,0.8,150,Extra Large Extra Long pipe for PU injection
PIPE-03676,45,50.0,2.5,1000,1590.43,1.5904,Extra Large,Extra Long,6.0,Stainless Steel 316L,0.8,150,Extra Large Extra Long pipe for PU injection
PIPE-03677,45,50.0,2.5,1050,1590.43,1.67,Extra Large,Extra Long,6.0,Stainless Steel 316L,0.8,150,Extra Large Extra Long pipe for PU injection
PIPE-03678,45,50.0,2.5,1100,1590.43,1.7495,Extra Large,Extra Long,6.0,Stainless Steel 316L,0.8,150,Extra Large Extra Long pipe for PU injection
PIPE-03679,45,50.0,2.5,1150,1590.43,1.829,Extra Large,Extra Long,6.0,Stainless Steel 316L,0.8,150,Extra Large Extra Long pipe for PU injection
PIPE-03680,45,50.0,2.5,1200,1590.43,1.9085,Extra Large,Extra Long,6.0,Stainless Steel 316L,0.8,150,Extra Large Extra Long pipe for PU injection
PIPE-03681,45,50.0,2.5,1250,1590.43,1.988,Extra Large,Extra Long,6.0,Stainless Steel 316L,0.8,150,Extra Large Extra Long pipe for PU injection
PIPE-03682,45,50.0,2.5,1300,1590.43,2.0676,Extra Large,Extra Long,6.0,Stainless Steel 316L,0.8,150,Extra Large Extra Long pipe for PU injection
PIPE-03683,45,50.0,2.5,1350,1590.43,2.1471,Extra Large,Extra Long,6.0,Stainless Steel 316L,0.8,150,Extra Large Extra Long pipe for PU injection
PIPE-03684,45,50.0,2.5,1400,1590.43,2.2266,Extra Large,Extra Long,6.0,Stainless Steel 316L,0.8,150,Extra Large Extra Long pipe for PU injection
PIPE-03685,45,50.0,2.5,1450,1590.43,2.3061,Extra Large,Extra Long,6.0,Stainless Steel 316L,0.8,150,Extra Large Extra Long pipe for PU injection
PIPE-03686,45,50.0,2.5,1500,1590.43,2.3856,Extra Large,Extra Long,6.0,Stainless Steel 316L,0.8,150,Extra Large Extra Long pipe for PU injection
PIPE-03687,45,50.0,2.5,1550,1590.43,2.4652,Extra Large,Extra Long,6.0,Stainless Steel 316L,0.8,150,Extra Large Extra Long pipe for PU injection
PIPE-03688,45,50.0,2.5,1600,1590.43,2.5447,Extra Large,Extra Long,6.0,Stainless Steel 316L,0.8,150,Extra Large Extra Long pipe for PU injection
PIPE-03689,45,50.0,2.5,1650,1590.43,2.6242,Extra Large,Extra Long,6.0,Stainless Steel 316L,0.8,150,Extra Large Extra Long pipe for PU injection
PIPE-03690,45,50.0,2.5,1700,1590.43,2.7037,Extra Large,Extra Long,6.0,Stainless Steel 316L,0.8,150,Extra Large Extra Long pipe for PU injection
PIPE-03691,45,50.0,2.5,1750,1590.43,2.7833,Extra Large,Extra Long,6.0,Stainless Steel 316L,0.8,150,Extra Large Extra Long pipe for PU injection
PIPE-03692,45,50.0,2.5,1800,1590.43,2.8628,Extra Large,Extra Long,6.0,Stainless Steel 316L,0.8,150,Extra Large Extra Long pipe for PU injection
PIPE-03693,45,50.0,2.5,1850,1590.43,2.9423,Extra Large,Extra Long,6.0,Stainless Steel 316L,0.8,150,Extra Large Extra Long pipe for PU injection
PIPE-03694,45,50.0,2.5,1900,1590.43,3.0218,Extra Large,Extra Long,6.0,Stainless Steel 316L,0.8,150,Extra Large Extra Long pipe for PU injection
PIPE-03695,45,50.0,2.5,1950,1590.43,3.1013,Extra Large,Extra Long,6.0,Stainless Steel 316L,0.8,150,Extra Large Extra Long pipe for PU injection
PIPE-03696,45,50.0,2.5,2000,1590.43,3.1809,Extra Large,Extra Long,6.0,Stainless Steel 316L,0.8,150,Extra Large Extra Long pipe for PU injection
PIPE-03697,46,51.0,2.5,50,1661.9,0.0831,Extra Large,Short,6.0,Stainless Steel 316L,0.8,150,Extra Large Short pipe for PU injection
PIPE-03698,46,51.0,2.5,60,1661.9,0.0997,Extra Large,Short,6.0,Stainless Steel 316L,0.8,150,Extra Large Short pipe for PU injection
PIPE-03699,46,51.0,2.5,70,1661.9,0.1163,Extra Large,Short,6.0,Stainless Steel 316L,0.8,150,Extra Large Short pipe for PU injection
PIPE-03700,46,51.0,2.5,80,1661.9,0.133,Extra Large,Short,6.0,Stainless Steel 316L,0.8,150,Extra Large Short pipe for PU injection
PIPE-03701,46,51.0,2.5,90,1661.9,0.1496,Extra Large,Short,6.0,Stainless Steel 316L,0.8,150,Extra Large Short pipe for PU injection
PIPE-03702,46,51.0,2.5,100,1661.9,0.1662,Extra Large,Short,6.0,Stainless Steel 316L,0.8,150,Extra Large Short pipe for PU injection
PIPE-03703,46,51.0,2.5,110,1661.9,0.1828,Extra Large,Short,6.0,Stainless Steel 316L,0.8,150,Extra Large Short pipe for PU injection
PIPE-03704,46,51.0,2.5,120,1661.9,0.1994,Extra Large,Short,6.0,Stainless Steel 316L,0.8,150,Extra Large Short pipe for PU injection
PIPE-03705,46,51.0,2.5,130,1661.9,0.216,Extra Large,Short,6.0,Stainless Steel 316L,0.8,150,Extra Large Short pipe for PU injection
PIPE-03706,46,51.0,2.5,140,1661.9,0.2327,Extra Large,Short,6.0,Stainless Steel 316L,0.8,150,Extra Large Short pipe for PU injection
PIPE-03707,46,51.0,2.5,150,1661.9,0.2493,Extra Large,Short,6.0,Stainless Steel 316L,0.8,150,Extra Large Short pipe for PU injection
PIPE-03708,46,51.0,2.5,160,1661.9,0.2659,Extra Large,Short,6.0,Stainless Steel 316L,0.8,150,Extra Large Short pipe for PU injection
PIPE-03709,46,51.0,2.5,170,1661.9,0.2825,Extra Large,Short,6.0,Stainless Steel 316L,0.8,150,Extra Large Short pipe for PU injection
PIPE-03710,46,51.0,2.5,180,1661.9,0.2991,Extra Large,Short,6.0,Stainless Steel 316L,0.8,150,Extra Large Short pipe for PU injection
PIPE-03711,46,51.0,2.5,190,1661.9,0.3158,Extra Large,Short,6.0,Stainless Steel 316L,0.8,150,Extra Large Short pipe for PU injection
PIPE-03712,46,51.0,2.5,200,1661.9,0.3324,Extra Large,Medium,6.0,Stainless Steel 316L,0.8,150,Extra Large Medium pipe for PU injection
PIPE-03713,46,51.0,2.5,210,1661.9,0.349,Extra Large,Medium,6.0,Stainless Steel 316L,0.8,150,Extra Large Medium pipe for PU injection
PIPE-03714,46,51.0,2.5,220,1661.9,0.3656,Extra Large,Medium,6.0,Stainless Steel 316L,0.8,150,Extra Large Medium pipe for PU injection
PIPE-03715,46,51.0,2.5,230,1661.9,0.3822,Extra Large,Medium,6.0,Stainless Steel 316L,0.8,150,Extra Large Medium pipe for PU injection
PIPE-03716,46,51.0,2.5,240,1661.9,0.3989,Extra Large,Medium,6.0,Stainless Steel 316L,0.8,150,Extra Large Medium pipe for PU injection
PIPE-03717,46,51.0,2.5,250,1661.9,0.4155,Extra Large,Medium,6.0,Stainless Steel 316L,0.8,150,Extra Large Medium pipe for PU injection
PIPE-03718,46,51.0,2.5,260,1661.9,0.4321,Extra Large,Medium,6.0,Stainless Steel 316L,0.8,150,Extra Large Medium pipe for PU injection
PIPE-03719,46,51.0,2.5,270,1661.9,0.4487,Extra Large,Medium,6.0,Stainless Steel 316L,0.8,150,Extra Large Medium pipe for PU injection
PIPE-03720,46,51.0,2.5,280,1661.9,0.4653,Extra Large,Medium,6.0,Stainless Steel 316L,0.8,150,Extra Large Medium pipe for PU injection
PIPE-03721,46,51.0,2.5,290,1661.9,0.482,Extra Large,Medium,6.0,Stainless Steel 316L,0.8,150,Extra Large Medium pipe for PU injection
PIPE-03722,46,51.0,2.5,300,1661.9,0.4986,Extra Large,Medium,6.0,Stainless Steel 316L,0.8,150,Extra Large Medium pipe for PU injection
PIPE-03723,46,51.0,2.5,310,1661.9,0.5152,Extra Large,Medium,6.0,Stainless Steel 316L,0.8,150,Extra Large Medium pipe for PU injection
PIPE-03724,46,51.0,2.5,320,1661.9,0.5318,Extra Large,Medium,6.0,Stainless Steel 316L,0.8,150,Extra Large Medium pipe for PU injection
PIPE-03725,46,51.0,2.5,330,1661.9,0.5484,Extra Large,Medium,6.0,Stainless Steel 316L,0.8,150,Extra Large Medium pipe for PU injection
PIPE-03726,46,51.0,2.5,340,1661.9,0.565,Extra Large,Medium,6.0,Stainless Steel 316L,0.8,150,Extra Large Medium pipe for PU injection
PIPE-03727,46,51.0,2.5,350,1661.9,0.5817,Extra Large,Medium,6.0,Stainless Steel 316L,0.8,150,Extra Large Medium pipe for PU injection
PIPE-03728,46,51.0,2.5,360,1661.9,0.5983,Extra Large,Medium,6.0,Stainless Steel 316L,0.8,150,Extra Large Medium pipe for PU injection
PIPE-03729,46,51.0,2.5,370,1661.9,0.6149,Extra Large,Medium,6.0,Stainless Steel 316L,0.8,150,Extra Large Medium pipe for PU injection
PIPE-03730,46,51.0,2.5,380,1661.9,0.6315,Extra Large,Medium,6.0,Stainless Steel 316L,0.8,150,Extra Large Medium pipe for PU injection
PIPE-03731,46,51.0,2.5,390,1661.9,0.6481,Extra Large,Medium,6.0,Stainless Steel 316L,0.8,150,Extra Large Medium pipe for PU injection
PIPE-03732,46,51.0,2.5,400,1661.9,0.6648,Extra Large,Medium,6.0,Stainless Steel 316L,0.8,150,Extra Large Medium pipe for PU injection
PIPE-03733,46,51.0,2.5,410,1661.9,0.6814,Extra Large,Medium,6.0,Stainless Steel 316L,0.8,150,Extra Large Medium pipe for PU injection
PIPE-03734,46,51.0,2.5,420,1661.9,0.698,Extra Large,Medium,6.0,Stainless Steel 316L,0.8,150,Extra Large Medium pipe for PU injection
PIPE-03735,46,51.0,2.5,430,1661.9,0.7146,Extra Large,Medium,6.0,Stainless Steel 316L,0.8,150,Extra Large Medium pipe for PU injection
PIPE-03736,46,51.0,2.5,440,1661.9,0.7312,Extra Large,Medium,6.0,Stainless Steel 316L,0.8,150,Extra Large Medium pipe for PU injection
PIPE-03737,46,51.0,2.5,450,1661.9,0.7479,Extra Large,Medium,6.0,Stainless Steel 316L,0.8,150,Extra Large Medium pipe for PU injection
PIPE-03738,46,51.0,2.5,460,1661.9,0.7645,Extra Large,Medium,6.0,Stainless Steel 316L,0.8,150,Extra Large Medium pipe for PU injection
PIPE-03739,46,51.0,2.5,470,1661.9,0.7811,Extra Large,Medium,6.0,Stainless Steel 316L,0.8,150,Extra Large Medium pipe for PU injection
PIPE-03740,46,51.0,2.5,480,1661.9,0.7977,Extra Large,Medium,6.0,Stainless Steel 316L,0.8,150,Extra Large Medium pipe for PU injection
PIPE-03741,46,51.0,2.5,490,1661.9,0.8143,Extra Large,Medium,6.0,Stainless Steel 316L,0.8,150,Extra Large Medium pipe for PU injection
PIPE-03742,46,51.0,2.5,500,1661.9,0.831,Extra Large,Long,6.0,Stainless Steel 316L,0.8,150,Extra Large Long pipe for PU injection
PIPE-03743,46,51.0,2.5,500,1661.9,0.831,Extra Large,Long,6.0,Stainless Steel 316L,0.8,150,Extra Large Long pipe for PU injection
PIPE-03744,46,51.0,2.5,525,1661.9,0.8725,Extra Large,Long,6.0,Stainless Steel 316L,0.8,150,Extra Large Long pipe for PU injection
PIPE-03745,46,51.0,2.5,550,1661.9,0.914,Extra Large,Long,6.0,Stainless Steel 316L,0.8,150,Extra Large Long pipe for PU injection
PIPE-03746,46,51.0,2.5,575,1661.9,0.9556,Extra Large,Long,6.0,Stainless Steel 316L,0.8,150,Extra Large Long pipe for PU injection
PIPE-03747,46,51.0,2.5,600,1661.9,0.9971,Extra Large,Long,6.0,Stainless Steel 316L,0.8,150,Extra Large Long pipe for PU injection
PIPE-03748,46,51.0,2.5,625,1661.9,1.0387,Extra Large,Long,6.0,Stainless Steel 316L,0.8,150,Extra Large Long pipe for PU injection
PIPE-03749,46,51.0,2.5,650,1661.9,1.0802,Extra Large,Long,6.0,Stainless Steel 316L,0.8,150,Extra Large Long pipe for PU injection
PIPE-03750,46,51.0,2.5,675,1661.9,1.1218,Extra Large,Long,6.0,Stainless Steel 316L,0.8,150,Extra Large Long pipe for PU injection
PIPE-03751,46,51.0,2.5,700,1661.9,1.1633,Extra Large,Long,6.0,Stainless Steel 316L,0.8,150,Extra Large Long pipe for PU injection
PIPE-03752,46,51.0,2.5,725,1661.9,1.2049,Extra Large,Long,6.0,Stainless Steel 316L,0.8,150,Extra Large Long pipe for PU injection
PIPE-03753,46,51.0,2.5,750,1661.9,1.2464,Extra Large,Long,6.0,Stainless Steel 316L,0.8,150,Extra Large Long pipe for PU injection
PIPE-03754,46,51.0,2.5,775,1661.9,1.288,Extra Large,Long,6.0,Stainless Steel 316L,0.8,150,Extra Large Long pipe for PU injection
PIPE-03755,46,51.0,2.5,800,1661.9,1.3295,Extra Large,Long,6.0,Stainless Steel 316L,0.8,150,Extra Large Long pipe for PU injection
PIPE-03756,46,51.0,2.5,825,1661.9,1.3711,Extra Large,Long,6.0,Stainless Steel 316L,0.8,150,Extra Large Long pipe for PU injection
PIPE-03757,46,51.0,2.5,850,1661.9,1.4126,Extra Large,Long,6.0,Stainless Steel 316L,0.8,150,Extra Large Long pipe for PU injection
PIPE-03758,46,51.0,2.5,875,1661.9,1.4542,Extra Large,Long,6.0,Stainless Steel 316L,0.8,150,Extra Large Long pipe for PU injection
PIPE-03759,46,51.0,2.5,900,1661.9,1.4957,Extra Large,Long,6.0,Stainless Steel 316L,0.8,150,Extra Large Long pipe for PU injection
PIPE-03760,46,51.0,2.5,925,1661.9,1.5373,Extra Large,Long,6.0,Stainless Steel 316L,0.8,150,Extra Large Long pipe for PU injection
PIPE-03761,46,51.0,2.5,950,1661.9,1.5788,Extra Large,Long,6.0,Stainless Steel 316L,0.8,150,Extra Large Long pipe for PU injection
PIPE-03762,46,51.0,2.5,975,1661.9,1.6204,Extra Large,Long,6.0,Stainless Steel 316L,0.8,150,Extra Large Long pipe for PU injection
PIPE-03763,46,51.0,2.5,1000,1661.9,1.6619,Extra Large,Extra Long,6.0,Stainless Steel 316L,0.8,150,Extra Large Extra Long pipe for PU injection
PIPE-03764,46,51.0,2.5,1000,1661.9,1.6619,Extra Large,Extra Long,6.0,Stainless Steel 316L,0.8,150,Extra Large Extra Long pipe for PU injection
PIPE-03765,46,51.0,2.5,1050,1661.9,1.745,Extra Large,Extra Long,6.0,Stainless Steel 316L,0.8,150,Extra Large Extra Long pipe for PU injection
PIPE-03766,46,51.0,2.5,1100,1661.9,1.8281,Extra Large,Extra Long,6.0,Stainless Steel 316L,0.8,150,Extra Large Extra Long pipe for PU injection
PIPE-03767,46,51.0,2.5,1150,1661.9,1.9112,Extra Large,Extra Long,6.0,Stainless Steel 316L,0.8,150,Extra Large Extra Long pipe for PU injection
PIPE-03768,46,51.0,2.5,1200,1661.9,1.9943,Extra Large,Extra Long,6.0,Stainless Steel 316L,0.8,150,Extra Large Extra Long pipe for PU injection
PIPE-03769,46,51.0,2.5,1250,1661.9,2.0774,Extra Large,Extra Long,6.0,Stainless Steel 316L,0.8,150,Extra Large Extra Long pipe for PU injection
PIPE-03770,46,51.0,2.5,1300,1661.9,2.1605,Extra Large,Extra Long,6.0,Stainless Steel 316L,0.8,150,Extra Large Extra Long pipe for PU injection
PIPE-03771,46,51.0,2.5,1350,1661.9,2.2436,Extra Large,Extra Long,6.0,Stainless Steel 316L,0.8,150,Extra Large Extra Long pipe for PU injection
PIPE-03772,46,51.0,2.5,1400,1661.9,2.3267,Extra Large,Extra Long,6.0,Stainless Steel 316L,0.8,150,Extra Large Extra Long pipe for PU injection
PIPE-03773,46,51.0,2.5,1450,1661.9,2.4098,Extra Large,Extra Long,6.0,Stainless Steel 316L,0.8,150,Extra Large Extra Long pipe for PU injection
PIPE-03774,46,51.0,2.5,1500,1661.9,2.4929,Extra Large,Extra Long,6.0,Stainless Steel 316L,0.8,150,Extra Large Extra Long pipe for PU injection
PIPE-03775,46,51.0,2.5,1550,1661.9,2.5759,Extra Large,Extra Long,6.0,Stainless Steel 316L,0.8,150,Extra Large Extra Long pipe for PU injection
PIPE-03776,46,51.0,2.5,1600,1661.9,2.659,Extra Large,Extra Long,6.0,Stainless Steel 316L,0.8,150,Extra Large Extra Long pipe for PU injection
PIPE-03777,46,51.0,2.5,1650,1661.9,2.7421,Extra Large,Extra Long,6.0,Stainless Steel 316L,0.8,150,Extra Large Extra Long pipe for PU injection
PIPE-03778,46,51.0,2.5,1700,1661.9,2.8252,Extra Large,Extra Long,6.0,Stainless Steel 316L,0.8,150,Extra Large Extra Long pipe for PU injection
PIPE-03779,46,51.0,2.5,1750,1661.9,2.9083,Extra Large,Extra Long,6.0,Stainless Steel 316L,0.8,150,Extra Large Extra Long pipe for PU injection
PIPE-03780,46,51.0,2.5,1800,1661.9,2.9914,Extra Large,Extra Long,6.0,Stainless Steel 316L,0.8,150,Extra Large Extra Long pipe for PU injection
PIPE-03781,46,51.0,2.5,1850,1661.9,3.0745,Extra Large,Extra Long,6.0,Stainless Steel 316L,0.8,150,Extra Large Extra Long pipe for PU injection
PIPE-03782,46,51.0,2.5,1900,1661.9,3.1576,Extra Large,Extra Long,6.0,Stainless Steel 316L,0.8,150,Extra Large Extra Long pipe for PU injection
PIPE-03783,46,51.0,2.5,1950,1661.9,3.2407,Extra Large,Extra Long,6.0,Stainless Steel 316L,0.8,150,Extra Large Extra Long pipe for PU injection
PIPE-03784,46,51.0,2.5,2000,1661.9,3.3238,Extra Large,Extra Long,6.0,Stainless Steel 316L,0.8,150,Extra Large Extra Long pipe for PU injection
PIPE-03785,47,52.0,2.5,50,1734.94,0.0867,Extra Large,Short,6.0,Stainless Steel 316L,0.8,150,Extra Large Short pipe for PU injection
PIPE-03786,47,52.0,2.5,60,1734.94,0.1041,Extra Large,Short,6.0,Stainless Steel 316L,0.8,150,Extra Large Short pipe for PU injection
PIPE-03787,47,52.0,2.5,70,1734.94,0.1214,Extra Large,Short,6.0,Stainless Steel 316L,0.8,150,Extra Large Short pipe for PU injection
PIPE-03788,47,52.0,2.5,80,1734.94,0.1388,Extra Large,Short,6.0,Stainless Steel 316L,0.8,150,Extra Large Short pipe for PU injection
PIPE-03789,47,52.0,2.5,90,1734.94,0.1561,Extra Large,Short,6.0,Stainless Steel 316L,0.8,150,Extra Large Short pipe for PU injection
PIPE-03790,47,52.0,2.5,100,1734.94,0.1735,Extra Large,Short,6.0,Stainless Steel 316L,0.8,150,Extra Large Short pipe for PU injection
PIPE-03791,47,52.0,2.5,110,1734.94,0.1908,Extra Large,Short,6.0,Stainless Steel 316L,0.8,150,Extra Large Short pipe for PU injection
PIPE-03792,47,52.0,2.5,120,1734.94,0.2082,Extra Large,Short,6.0,Stainless Steel 316L,0.8,150,Extra Large Short pipe for PU injection
PIPE-03793,47,52.0,2.5,130,1734.94,0.2255,Extra Large,Short,6.0,Stainless Steel 316L,0.8,150,Extra Large Short pipe for PU injection
PIPE-03794,47,52.0,2.5,140,1734.94,0.2429,Extra Large,Short,6.0,Stainless Steel 316L,0.8,150,Extra Large Short pipe for PU injection
PIPE-03795,47,52.0,2.5,150,1734.94,0.2602,Extra Large,Short,6.0,Stainless Steel 316L,0.8,150,Extra Large Short pipe for PU injection
PIPE-03796,47,52.0,2.5,160,1734.94,0.2776,Extra Large,Short,6.0,Stainless Steel 316L,0.8,150,Extra Large Short pipe for PU injection
PIPE-03797,47,52.0,2.5,170,1734.94,0.2949,Extra Large,Short,6.0,Stainless Steel 316L,0.8,150,Extra Large Short pipe for PU injection
PIPE-03798,47,52.0,2.5,180,1734.94,0.3123,Extra Large,Short,6.0,Stainless Steel 316L,0.8,150,Extra Large Short pipe for PU injection
PIPE-03799,47,52.0,2.5,190,1734.94,0.3296,Extra Large,Short,6.0,Stainless Steel 316L,0.8,150,Extra Large Short pipe for PU injection
PIPE-03800,47,52.0,2.5,200,1734.94,0.347,Extra Large,Medium,6.0,Stainless Steel 316L,0.8,150,Extra Large Medium pipe for PU injection
PIPE-03801,47,52.0,2.5,210,1734.94,0.3643,Extra Large,Medium,6.0,Stainless Steel 316L,0.8,150,Extra Large Medium pipe for PU injection
PIPE-03802,47,52.0,2.5,220,1734.94,0.3817,Extra Large,Medium,6.0,Stainless Steel 316L,0.8,150,Extra Large Medium pipe for PU injection
PIPE-03803,47,52.0,2.5,230,1734.94,0.399,Extra Large,Medium,6.0,Stainless Steel 316L,0.8,150,Extra Large Medium pipe for PU injection
PIPE-03804,47,52.0,2.5,240,1734.94,0.4164,Extra Large,Medium,6.0,Stainless Steel 316L,0.8,150,Extra Large Medium pipe for PU injection
PIPE-03805,47,52.0,2.5,250,1734.94,0.4337,Extra Large,Medium,6.0,Stainless Steel 316L,0.8,150,Extra Large Medium pipe for PU injection
PIPE-03806,47,52.0,2.5,260,1734.94,0.4511,Extra Large,Medium,6.0,Stainless Steel 316L,0.8,150,Extra Large Medium pipe for PU injection
PIPE-03807,47,52.0,2.5,270,1734.94,0.4684,Extra Large,Medium,6.0,Stainless Steel 316L,0.8,150,Extra Large Medium pipe for PU injection
PIPE-03808,47,52.0,2.5,280,1734.94,0.4858,Extra Large,Medium,6.0,Stainless Steel 316L,0.8,150,Extra Large Medium pipe for PU injection
PIPE-03809,47,52.0,2.5,290,1734.94,0.5031,Extra Large,Medium,6.0,Stainless Steel 316L,0.8,150,Extra Large Medium pipe for PU injection
PIPE-03810,47,52.0,2.5,300,1734.94,0.5205,Extra Large,Medium,6.0,Stainless Steel 316L,0.8,150,Extra Large Medium pipe for PU injection
PIPE-03811,47,52.0,2.5,310,1734.94,0.5378,Extra Large,Medium,6.0,Stainless Steel 316L,0.8,150,Extra Large Medium pipe for PU injection
PIPE-03812,47,52.0,2.5,320,1734.94,0.5552,Extra Large,Medium,6.0,Stainless Steel 316L,0.8,150,Extra Large Medium pipe for PU injection
PIPE-03813,47,52.0,2.5,330,1734.94,0.5725,Extra Large,Medium,6.0,Stainless Steel 316L,0.8,150,Extra Large Medium pipe for PU injection
PIPE-03814,47,52.0,2.5,340,1734.94,0.5899,Extra Large,Medium,6.0,Stainless Steel 316L,0.8,150,Extra Large Medium pipe for PU injection
PIPE-03815,47,52.0,2.5,350,1734.94,0.6072,Extra Large,Medium,6.0,Stainless Steel 316L,0.8,150,Extra Large Medium pipe for PU injection
PIPE-03816,47,52.0,2.5,360,1734.94,0.6246,Extra Large,Medium,6.0,Stainless Steel 316L,0.8,150,Extra Large Medium pipe for PU injection
PIPE-03817,47,52.0,2.5,370,1734.94,0.6419,Extra Large,Medium,6.0,Stainless Steel 316L,0.8,150,Extra Large Medium pipe for PU injection
PIPE-03818,47,52.0,2.5,380,1734.94,0.6593,Extra Large,Medium,6.0,Stainless Steel 316L,0.8,150,Extra Large Medium pipe for PU injection
PIPE-03819,47,52.0,2.5,390,1734.94,0.6766,Extra Large,Medium,6.0,Stainless Steel 316L,0.8,150,Extra Large Medium pipe for PU injection
PIPE-03820,47,52.0,2.5,400,1734.94,0.694,Extra Large,Medium,6.0,Stainless Steel 316L,0.8,150,Extra Large Medium pipe for PU injection
PIPE-03821,47,52.0,2.5,410,1734.94,0.7113,Extra Large,Medium,6.0,Stainless Steel 316L,0.8,150,Extra Large Medium pipe for PU injection
PIPE-03822,47,52.0,2.5,420,1734.94,0.7287,Extra Large,Medium,6.0,Stainless Steel 316L,0.8,150,Extra Large Medium pipe for PU injection
PIPE-03823,47,52.0,2.5,430,1734.94,0.746,Extra Large,Medium,6.0,Stainless Steel 316L,0.8,150,Extra Large Medium pipe for PU injection
PIPE-03824,47,52.0,2.5,440,1734.94,0.7634,Extra Large,Medium,6.0,Stainless Steel 316L,0.8,150,Extra Large Medium pipe for PU injection
PIPE-03825,47,52.0,2.5,450,1734.94,0.7807,Extra Large,Medium,6.0,Stainless Steel 316L,0.8,150,Extra Large Medium pipe for PU injection
PIPE-03826,47,52.0,2.5,460,1734.94,0.7981,Extra Large,Medium,6.0,Stainless Steel 316L,0.8,150,Extra Large Medium pipe for PU injection
PIPE-03827,47,52.0,2.5,470,1734.94,0.8154,Extra Large,Medium,6.0,Stainless Steel 316L,0.8,150,Extra Large Medium pipe for PU injection
PIPE-03828,47,52.0,2.5,480,1734.94,0.8328,Extra Large,Medium,6.0,Stainless Steel 316L,0.8,150,Extra Large Medium pipe for PU injection
PIPE-03829,47,52.0,2.5,490,1734.94,0.8501,Extra Large,Medium,6.0,Stainless Steel 316L,0.8,150,Extra Large Medium pipe for PU injection
PIPE-03830,47,52.0,2.5,500,1734.94,0.8675,Extra Large,Long,6.0,Stainless Steel 316L,0.8,150,Extra Large Long pipe for PU injection
PIPE-03831,47,52.0,2.5,500,1734.94,0.8675,Extra Large,Long,6.0,Stainless Steel 316L,0.8,150,Extra Large Long pipe for PU injection
PIPE-03832,47,52.0,2.5,525,1734.94,0.9108,Extra Large,Long,6.0,Stainless Steel 316L,0.8,150,Extra Large Long pipe for PU injection
PIPE-03833,47,52.0,2.5,550,1734.94,0.9542,Extra Large,Long,6.0,Stainless Steel 316L,0.8,150,Extra Large Long pipe for PU injection
PIPE-03834,47,52.0,2.5,575,1734.94,0.9976,Extra Large,Long,6.0,Stainless Steel 316L,0.8,150,Extra Large Long pipe for PU injection
PIPE-03835,47,52.0,2.5,600,1734.94,1.041,Extra Large,Long,6.0,Stainless Steel 316L,0.8,150,Extra Large Long pipe for PU injection
PIPE-03836,47,52.0,2.5,625,1734.94,1.0843,Extra Large,Long,6.0,Stainless Steel 316L,0.8,150,Extra Large Long pipe for PU injection
PIPE-03837,47,52.0,2.5,650,1734.94,1.1277,Extra Large,Long,6.0,Stainless Steel 316L,0.8,150,Extra Large Long pipe for PU injection
PIPE-03838,47,52.0,2.5,675,1734.94,1.1711,Extra Large,Long,6.0,Stainless Steel 316L,0.8,150,Extra Large Long pipe for PU injection
PIPE-03839,47,52.0,2.5,700,1734.94,1.2145,Extra Large,Long,6.0,Stainless Steel 316L,0.8,150,Extra Large Long pipe for PU injection
PIPE-03840,47,52.0,2.5,725,1734.94,1.2578,Extra Large,Long,6.0,Stainless Steel 316L,0.8,150,Extra Large Long pipe for PU injection
PIPE-03841,47,52.0,2.5,750,1734.94,1.3012,Extra Large,Long,6.0,Stainless Steel 316L,0.8,150,Extra Large Long pipe for PU injection
PIPE-03842,47,52.0,2.5,775,1734.94,1.3446,Extra Large,Long,6.0,Stainless Steel 316L,0.8,150,Extra Large Long pipe for PU injection
PIPE-03843,47,52.0,2.5,800,1734.94,1.388,Extra Large,Long,6.0,Stainless Steel 316L,0.8,150,Extra Large Long pipe for PU injection
PIPE-03844,47,52.0,2.5,825,1734.94,1.4313,Extra Large,Long,6.0,Stainless Steel 316L,0.8,150,Extra Large Long pipe for PU injection
PIPE-03845,47,52.0,2.5,850,1734.94,1.4747,Extra Large,Long,6.0,Stainless Steel 316L,0.8,150,Extra Large Long pipe for PU injection
PIPE-03846,47,52.0,2.5,875,1734.94,1.5181,Extra Large,Long,6.0,Stainless Steel 316L,0.8,150,Extra Large Long pipe for PU injection
PIPE-03847,47,52.0,2.5,900,1734.94,1.5615,Extra Large,Long,6.0,Stainless Steel 316L,0.8,150,Extra Large Long pipe for PU injection
PIPE-03848,47,52.0,2.5,925,1734.94,1.6048,Extra Large,Long,6.0,Stainless Steel 316L,0.8,150,Extra Large Long pipe for PU injection
PIPE-03849,47,52.0,2.5,950,1734.94,1.6482,Extra Large,Long,6.0,Stainless Steel 316L,0.8,150,Extra Large Long pipe for PU injection
PIPE-03850,47,52.0,2.5,975,1734.94,1.6916,Extra Large,Long,6.0,Stainless Steel 316L,0.8,150,Extra Large Long pipe for PU injection
PIPE-03851,47,52.0,2.5,1000,1734.94,1.7349,Extra Large,Extra Long,6.0,Stainless Steel 316L,0.8,150,Extra Large Extra Long pipe for PU injection
PIPE-03852,47,52.0,2.5,1000,1734.94,1.7349,Extra Large,Extra Long,6.0,Stainless Steel 316L,0.8,150,Extra Large Extra Long pipe for PU injection
PIPE-03853,47,52.0,2.5,1050,1734.94,1.8217,Extra Large,Extra Long,6.0,Stainless Steel 316L,0.8,150,Extra Large Extra Long pipe for PU injection
PIPE-03854,47,52.0,2.5,1100,1734.94,1.9084,Extra Large,Extra Long,6.0,Stainless Steel 316L,0.8,150,Extra Large Extra Long pipe for PU injection
PIPE-03855,47,52.0,2.5,1150,1734.94,1.9952,Extra Large,Extra Long,6.0,Stainless Steel 316L,0.8,150,Extra Large Extra Long pipe for PU injection
PIPE-03856,47,52.0,2.5,1200,1734.94,2.0819,Extra Large,Extra Long,6.0,Stainless Steel 316L,0.8,150,Extra Large Extra Long pipe for PU injection
PIPE-03857,47,52.0,2.5,1250,1734.94,2.1687,Extra Large,Extra Long,6.0,Stainless Steel 316L,0.8,150,Extra Large Extra Long pipe for PU injection
PIPE-03858,47,52.0,2.5,1300,1734.94,2.2554,Extra Large,Extra Long,6.0,Stainless Steel 316L,0.8,150,Extra Large Extra Long pipe for PU injection
PIPE-03859,47,52.0,2.5,1350,1734.94,2.3422,Extra Large,Extra Long,6.0,Stainless Steel 316L,0.8,150,Extra Large Extra Long pipe for PU injection
PIPE-03860,47,52.0,2.5,1400,1734.94,2.4289,Extra Large,Extra Long,6.0,Stainless Steel 316L,0.8,150,Extra Large Extra Long pipe for PU injection
PIPE-03861,47,52.0,2.5,1450,1734.94,2.5157,Extra Large,Extra Long,6.0,Stainless Steel 316L,0.8,150,Extra Large Extra Long pipe for PU injection
PIPE-03862,47,52.0,2.5,1500,1734.94,2.6024,Extra Large,Extra Long,6.0,Stainless Steel 316L,0.8,150,Extra Large Extra Long pipe for PU injection
PIPE-03863,47,52.0,2.5,1550,1734.94,2.6892,Extra Large,Extra Long,6.0,Stainless Steel 316L,0.8,150,Extra Large Extra Long pipe for PU injection
PIPE-03864,47,52.0,2.5,1600,1734.94,2.7759,Extra Large,Extra Long,6.0,Stainless Steel 316L,0.8,150,Extra Large Extra Long pipe for PU injection
PIPE-03865,47,52.0,2.5,1650,1734.94,2.8627,Extra Large,Extra Long,6.0,Stainless Steel 316L,0.8,150,Extra Large Extra Long pipe for PU injection
PIPE-03866,47,52.0,2.5,1700,1734.94,2.9494,Extra Large,Extra Long,6.0,Stainless Steel 316L,0.8,150,Extra Large Extra Long pipe for PU injection
PIPE-03867,47,52.0,2.5,1750,1734.94,3.0362,Extra Large,Extra Long,6.0,Stainless Steel 316L,0.8,150,Extra Large Extra Long pipe for PU injection
PIPE-03868,47,52.0,2.5,1800,1734.94,3.1229,Extra Large,Extra Long,6.0,Stainless Steel 316L,0.8,150,Extra Large Extra Long pipe for PU injection
PIPE-03869,47,52.0,2.5,1850,1734.94,3.2096,Extra Large,Extra Long,6.0,Stainless Steel 316L,0.8,150,Extra Large Extra Long pipe for PU injection
PIPE-03870,47,52.0,2.5,1900,1734.94,3.2964,Extra Large,Extra Long,6.0,Stainless Steel 316L,0.8,150,Extra Large Extra Long pipe for PU injection
PIPE-03871,47,52.0,2.5,1950,1734.94,3.3831,Extra Large,Extra Long,6.0,Stainless Steel 316L,0.8,150,Extra Large Extra Long pipe for PU injection
PIPE-03872,47,52.0,2.5,2000,1734.94,3.4699,Extra Large,Extra Long,6.0,Stainless Steel 316L,0.8,150,Extra Large Extra Long pipe for PU injection
PIPE-03873,48,53.0,2.5,50,1809.56,0.0905,Extra Large,Short,6.0,Stainless Steel 316L,0.8,150,Extra Large Short pipe for PU injection
PIPE-03874,48,53.0,2.5,60,1809.56,0.1086,Extra Large,Short,6.0,Stainless Steel 316L,0.8,150,Extra Large Short pipe for PU injection
PIPE-03875,48,53.0,2.5,70,1809.56,0.1267,Extra Large,Short,6.0,Stainless Steel 316L,0.8,150,Extra Large Short pipe for PU injection
PIPE-03876,48,53.0,2.5,80,1809.56,0.1448,Extra Large,Short,6.0,Stainless Steel 316L,0.8,150,Extra Large Short pipe for PU injection
PIPE-03877,48,53.0,2.5,90,1809.56,0.1629,Extra Large,Short,6.0,Stainless Steel 316L,0.8,150,Extra Large Short pipe for PU injection
PIPE-03878,48,53.0,2.5,100,1809.56,0.181,Extra Large,Short,6.0,Stainless Steel 316L,0.8,150,Extra Large Short pipe for PU injection
PIPE-03879,48,53.0,2.5,110,1809.56,0.1991,Extra Large,Short,6.0,Stainless Steel 316L,0.8,150,Extra Large Short pipe for PU injection
PIPE-03880,48,53.0,2.5,120,1809.56,0.2171,Extra Large,Short,6.0,Stainless Steel 316L,0.8,150,Extra Large Short pipe for PU injection
PIPE-03881,48,53.0,2.5,130,1809.56,0.2352,Extra Large,Short,6.0,Stainless Steel 316L,0.8,150,Extra Large Short pipe for PU injection
PIPE-03882,48,53.0,2.5,140,1809.56,0.2533,Extra Large,Short,6.0,Stainless Steel 316L,0.8,150,Extra Large Short pipe for PU injection
PIPE-03883,48,53.0,2.5,150,1809.56,0.2714,Extra Large,Short,6.0,Stainless Steel 316L,0.8,150,Extra Large Short pipe for PU injection
PIPE-03884,48,53.0,2.5,160,1809.56,0.2895,Extra Large,Short,6.0,Stainless Steel 316L,0.8,150,Extra Large Short pipe for PU injection
PIPE-03885,48,53.0,2.5,170,1809.56,0.3076,Extra Large,Short,6.0,Stainless Steel 316L,0.8,150,Extra Large Short pipe for PU injection
PIPE-03886,48,53.0,2.5,180,1809.56,0.3257,Extra Large,Short,6.0,Stainless Steel 316L,0.8,150,Extra Large Short pipe for PU injection
PIPE-03887,48,53.0,2.5,190,1809.56,0.3438,Extra Large,Short,6.0,Stainless Steel 316L,0.8,150,Extra Large Short pipe for PU injection
PIPE-03888,48,53.0,2.5,200,1809.56,0.3619,Extra Large,Medium,6.0,Stainless Steel 316L,0.8,150,Extra Large Medium pipe for PU injection
PIPE-03889,48,53.0,2.5,210,1809.56,0.38,Extra Large,Medium,6.0,Stainless Steel 316L,0.8,150,Extra Large Medium pipe for PU injection
PIPE-03890,48,53.0,2.5,220,1809.56,0.3981,Extra Large,Medium,6.0,Stainless Steel 316L,0.8,150,Extra Large Medium pipe for PU injection
PIPE-03891,48,53.0,2.5,230,1809.56,0.4162,Extra Large,Medium,6.0,Stainless Steel 316L,0.8,150,Extra Large Medium pipe for PU injection
PIPE-03892,48,53.0,2.5,240,1809.56,0.4343,Extra Large,Medium,6.0,Stainless Steel 316L,0.8,150,Extra Large Medium pipe for PU injection
PIPE-03893,48,53.0,2.5,250,1809.56,0.4524,Extra Large,Medium,6.0,Stainless Steel 316L,0.8,150,Extra Large Medium pipe for PU injection
PIPE-03894,48,53.0,2.5,260,1809.56,0.4705,Extra Large,Medium,6.0,Stainless Steel 316L,0.8,150,Extra Large Medium pipe for PU injection
PIPE-03895,48,53.0,2.5,270,1809.56,0.4886,Extra Large,Medium,6.0,Stainless Steel 316L,0.8,150,Extra Large Medium pipe for PU injection
PIPE-03896,48,53.0,2.5,280,1809.56,0.5067,Extra Large,Medium,6.0,Stainless Steel 316L,0.8,150,Extra Large Medium pipe for PU injection
PIPE-03897,48,53.0,2.5,290,1809.56,0.5248,Extra Large,Medium,6.0,Stainless Steel 316L,0.8,150,Extra Large Medium pipe for PU injection
PIPE-03898,48,53.0,2.5,300,1809.56,0.5429,Extra Large,Medium,6.0,Stainless Steel 316L,0.8,150,Extra Large Medium pipe for PU injection
PIPE-03899,48,53.0,2.5,310,1809.56,0.561,Extra Large,Medium,6.0,Stainless Steel 316L,0.8,150,Extra Large Medium pipe for PU injection
PIPE-03900,48,53.0,2.5,320,1809.56,0.5791,Extra Large,Medium,6.0,Stainless Steel 316L,0.8,150,Extra Large Medium pipe for PU injection
PIPE-03901,48,53.0,2.5,330,1809.56,0.5972,Extra Large,Medium,6.0,Stainless Steel 316L,0.8,150,Extra Large Medium pipe for PU injection
PIPE-03902,48,53.0,2.5,340,1809.56,0.6152,Extra Large,Medium,6.0,Stainless Steel 316L,0.8,150,Extra Large Medium pipe for PU injection
PIPE-03903,48,53.0,2.5,350,1809.56,0.6333,Extra Large,Medium,6.0,Stainless Steel 316L,0.8,150,Extra Large Medium pipe for PU injection
PIPE-03904,48,53.0,2.5,360,1809.56,0.6514,Extra Large,Medium,6.0,Stainless Steel 316L,0.8,150,Extra Large Medium pipe for PU injection
PIPE-03905,48,53.0,2.5,370,1809.56,0.6695,Extra Large,Medium,6.0,Stainless Steel 316L,0.8,150,Extra Large Medium pipe for PU injection
PIPE-03906,48,53.0,2.5,380,1809.56,0.6876,Extra Large,Medium,6.0,Stainless Steel 316L,0.8,150,Extra Large Medium pipe for PU injection
PIPE-03907,48,53.0,2.5,390,1809.56,0.7057,Extra Large,Medium,6.0,Stainless Steel 316L,0.8,150,Extra Large Medium pipe for PU injection
PIPE-03908,48,53.0,2.5,400,1809.56,0.7238,Extra Large,Medium,6.0,Stainless Steel 316L,0.8,150,Extra Large Medium pipe for PU injection
PIPE-03909,48,53.0,2.5,410,1809.56,0.7419,Extra Large,Medium,6.0,Stainless Steel 316L,0.8,150,Extra Large Medium pipe for PU injection
PIPE-03910,48,53.0,2.5,420,1809.56,0.76,Extra Large,Medium,6.0,Stainless Steel 316L,0.8,150,Extra Large Medium pipe for PU injection
PIPE-03911,48,53.0,2.5,430,1809.56,0.7781,Extra Large,Medium,6.0,Stainless Steel 316L,0.8,150,Extra Large Medium pipe for PU injection
PIPE-03912,48,53.0,2.5,440,1809.56,0.7962,Extra Large,Medium,6.0,Stainless Steel 316L,0.8,150,Extra Large Medium pipe for PU injection
PIPE-03913,48,53.0,2.5,450,1809.56,0.8143,Extra Large,Medium,6.0,Stainless Steel 316L,0.8,150,Extra Large Medium pipe for PU injection
PIPE-03914,48,53.0,2.5,460,1809.56,0.8324,Extra Large,Medium,6.0,Stainless Steel 316L,0.8,150,Extra Large Medium pipe for PU injection
PIPE-03915,48,53.0,2.5,470,1809.56,0.8505,Extra Large,Medium,6.0,Stainless Steel 316L,0.8,150,Extra Large Medium pipe for PU injection
PIPE-03916,48,53.0,2.5,480,1809.56,0.8686,Extra Large,Medium,6.0,Stainless Steel 316L,0.8,150,Extra Large Medium pipe for PU injection
PIPE-03917,48,53.0,2.5,490,1809.56,0.8867,Extra Large,Medium,6.0,Stainless Steel 316L,0.8,150,Extra Large Medium pipe for PU injection
PIPE-03918,48,53.0,2.5,500,1809.56,0.9048,Extra Large,Long,6.0,Stainless Steel 316L,0.8,150,Extra Large Long pipe for PU injection
PIPE-03919,48,53.0,2.5,500,1809.56,0.9048,Extra Large,Long,6.0,Stainless Steel 316L,0.8,150,Extra Large Long pipe for PU injection
PIPE-03920,48,53.0,2.5,525,1809.56,0.95,Extra Large,Long,6.0,Stainless Steel 316L,0.8,150,Extra Large Long pipe for PU injection
PIPE-03921,48,53.0,2.5,550,1809.56,0.9953,Extra Large,Long,6.0,Stainless Steel 316L,0.8,150,Extra Large Long pipe for PU injection
PIPE-03922,48,53.0,2.5,575,1809.56,1.0405,Extra Large,Long,6.0,Stainless Steel 316L,0.8,150,Extra Large Long pipe for PU injection
PIPE-03923,48,53.0,2.5,600,1809.56,1.0857,Extra Large,Long,6.0,Stainless Steel 316L,0.8,150,Extra Large Long pipe for PU injection
PIPE-03924,48,53.0,2.5,625,1809.56,1.131,Extra Large,Long,6.0,Stainless Steel 316L,0.8,150,Extra Large Long pipe for PU injection
PIPE-03925,48,53.0,2.5,650,1809.56,1.1762,Extra Large,Long,6.0,Stainless Steel 316L,0.8,150,Extra Large Long pipe for PU injection
PIPE-03926,48,53.0,2.5,675,1809.56,1.2215,Extra Large,Long,6.0,Stainless Steel 316L,0.8,150,Extra Large Long pipe for PU injection
PIPE-03927,48,53.0,2.5,700,1809.56,1.2667,Extra Large,Long,6.0,Stainless Steel 316L,0.8,150,Extra Large Long pipe for PU injection
PIPE-03928,48,53.0,2.5,725,1809.56,1.3119,Extra Large,Long,6.0,Stainless Steel 316L,0.8,150,Extra Large Long pipe for PU injection
PIPE-03929,48,53.0,2.5,750,1809.56,1.3572,Extra Large,Long,6.0,Stainless Steel 316L,0.8,150,Extra Large Long pipe for PU injection
PIPE-03930,48,53.0,2.5,775,1809.56,1.4024,Extra Large,Long,6.0,Stainless Steel 316L,0.8,150,Extra Large Long pipe for PU injection
PIPE-03931,48,53.0,2.5,800,1809.56,1.4476,Extra Large,Long,6.0,Stainless Steel 316L,0.8,150,Extra Large Long pipe for PU injection
PIPE-03932,48,53.0,2.5,825,1809.56,1.4929,Extra Large,Long,6.0,Stainless Steel 316L,0.8,150,Extra Large Long pipe for PU injection
PIPE-03933,48,53.0,2.5,850,1809.56,1.5381,Extra Large,Long,6.0,Stainless Steel 316L,0.8,150,Extra Large Long pipe for PU injection
PIPE-03934,48,53.0,2.5,875,1809.56,1.5834,Extra Large,Long,6.0,Stainless Steel 316L,0.8,150,Extra Large Long pipe for PU injection
PIPE-03935,48,53.0,2.5,900,1809.56,1.6286,Extra Large,Long,6.0,Stainless Steel 316L,0.8,150,Extra Large Long pipe for PU injection
PIPE-03936,48,53.0,2.5,925,1809.56,1.6738,Extra Large,Long,6.0,Stainless Steel 316L,0.8,150,Extra Large Long pipe for PU injection
PIPE-03937,48,53.0,2.5,950,1809.56,1.7191,Extra Large,Long,6.0,Stainless Steel 316L,0.8,150,Extra Large Long pipe for PU injection
PIPE-03938,48,53.0,2.5,975,1809.56,1.7643,Extra Large,Long,6.0,Stainless Steel 316L,0.8,150,Extra Large Long pipe for PU injection
PIPE-03939,48,53.0,2.5,1000,1809.56,1.8096,Extra Large,Extra Long,6.0,Stainless Steel 316L,0.8,150,Extra Large Extra Long pipe for PU injection
PIPE-03940,48,53.0,2.5,1000,1809.56,1.8096,Extra Large,Extra Long,6.0,Stainless Steel 316L,0.8,150,Extra Large Extra Long pipe for PU injection
PIPE-03941,48,53.0,2.5,1050,1809.56,1.9,Extra Large,Extra Long,6.0,Stainless Steel 316L,0.8,150,Extra Large Extra Long pipe for PU injection
PIPE-03942,48,53.0,2.5,1100,1809.56,1.9905,Extra Large,Extra Long,6.0,Stainless Steel 316L,0.8,150,Extra Large Extra Long pipe for PU injection
PIPE-03943,48,53.0,2.5,1150,1809.56,2.081,Extra Large,Extra Long,6.0,Stainless Steel 316L,0.8,150,Extra Large Extra Long pipe for PU injection
PIPE-03944,48,53.0,2.5,1200,1809.56,2.1715,Extra Large,Extra Long,6.0,Stainless Steel 316L,0.8,150,Extra Large Extra Long pipe for PU injection
PIPE-03945,48,53.0,2.5,1250,1809.56,2.2619,Extra Large,Extra Long,6.0,Stainless Steel 316L,0.8,150,Extra Large Extra Long pipe for PU injection
PIPE-03946,48,53.0,2.5,1300,1809.56,2.3524,Extra Large,Extra Long,6.0,Stainless Steel 316L,0.8,150,Extra Large Extra Long pipe for PU injection
PIPE-03947,48,53.0,2.5,1350,1809.56,2.4429,Extra Large,Extra Long,6.0,Stainless Steel 316L,0.8,150,Extra Large Extra Long pipe for PU injection
PIPE-03948,48,53.0,2.5,1400,1809.56,2.5334,Extra Large,Extra Long,6.0,Stainless Steel 316L,0.8,150,Extra Large Extra Long pipe for PU injection
PIPE-03949,48,53.0,2.5,1450,1809.56,2.6239,Extra Large,Extra Long,6.0,Stainless Steel 316L,0.8,150,Extra Large Extra Long pipe for PU injection
PIPE-03950,48,53.0,2.5,1500,1809.56,2.7143,Extra Large,Extra Long,6.0,Stainless Steel 316L,0.8,150,Extra Large Extra Long pipe for PU injection
PIPE-03951,48,53.0,2.5,1550,1809.56,2.8048,Extra Large,Extra Long,6.0,Stainless Steel 316L,0.8,150,Extra Large Extra Long pipe for PU injection
PIPE-03952,48,53.0,2.5,1600,1809.56,2.8953,Extra Large,Extra Long,6.0,Stainless Steel 316L,0.8,150,Extra Large Extra Long pipe for PU injection
PIPE-03953,48,53.0,2.5,1650,1809.56,2.9858,Extra Large,Extra Long,6.0,Stainless Steel 316L,0.8,150,Extra Large Extra Long pipe for PU injection
PIPE-03954,48,53.0,2.5,1700,1809.56,3.0762,Extra Large,Extra Long,6.0,Stainless Steel 316L,0.8,150,Extra Large Extra Long pipe for PU injection
PIPE-03955,48,53.0,2.5,1750,1809.56,3.1667,Extra Large,Extra Long,6.0,Stainless Steel 316L,0.8,150,Extra Large Extra Long pipe for PU injection
PIPE-03956,48,53.0,2.5,1800,1809.56,3.2572,Extra Large,Extra Long,6.0,Stainless Steel 316L,0.8,150,Extra Large Extra Long pipe for PU injection
PIPE-03957,48,53.0,2.5,1850,1809.56,3.3477,Extra Large,Extra Long,6.0,Stainless Steel 316L,0.8,150,Extra Large Extra Long pipe for PU injection
PIPE-03958,48,53.0,2.5,1900,1809.56,3.4382,Extra Large,Extra Long,6.0,Stainless Steel 316L,0.8,150,Extra Large Extra Long pipe for PU injection
PIPE-03959,48,53.0,2.5,1950,1809.56,3.5286,Extra Large,Extra Long,6.0,Stainless Steel 316L,0.8,150,Extra Large Extra Long pipe for PU injection
PIPE-03960,48,53.0,2.5,2000,1809.56,3.6191,Extra Large,Extra Long,6.0,Stainless Steel 316L,0.8,150,Extra Large Extra Long pipe for PU injection
PIPE-03961,49,54.0,2.5,50,1885.74,0.0943,Extra Large,Short,6.0,Stainless Steel 316L,0.8,150,Extra Large Short pipe for PU injection
PIPE-03962,49,54.0,2.5,60,1885.74,0.1131,Extra Large,Short,6.0,Stainless Steel 316L,0.8,150,Extra Large Short pipe for PU injection
PIPE-03963,49,54.0,2.5,70,1885.74,0.132,Extra Large,Short,6.0,Stainless Steel 316L,0.8,150,Extra Large Short pipe for PU injection
PIPE-03964,49,54.0,2.5,80,1885.74,0.1509,Extra Large,Short,6.0,Stainless Steel 316L,0.8,150,Extra Large Short pipe for PU injection
PIPE-03965,49,54.0,2.5,90,1885.74,0.1697,Extra Large,Short,6.0,Stainless Steel 316L,0.8,150,Extra Large Short pipe for PU injection
PIPE-03966,49,54.0,2.5,100,1885.74,0.1886,Extra Large,Short,6.0,Stainless Steel 316L,0.8,150,Extra Large Short pipe for PU injection
PIPE-03967,49,54.0,2.5,110,1885.74,0.2074,Extra Large,Short,6.0,Stainless Steel 316L,0.8,150,Extra Large Short pipe for PU injection
PIPE-03968,49,54.0,2.5,120,1885.74,0.2263,Extra Large,Short,6.0,Stainless Steel 316L,0.8,150,Extra Large Short pipe for PU injection
PIPE-03969,49,54.0,2.5,130,1885.74,0.2451,Extra Large,Short,6.0,Stainless Steel 316L,0.8,150,Extra Large Short pipe for PU injection
PIPE-03970,49,54.0,2.5,140,1885.74,0.264,Extra Large,Short,6.0,Stainless Steel 316L,0.8,150,Extra Large Short pipe for PU injection
PIPE-03971,49,54.0,2.5,150,1885.74,0.2829,Extra Large,Short,6.0,Stainless Steel 316L,0.8,150,Extra Large Short pipe for PU injection
PIPE-03972,49,54.0,2.5,160,1885.74,0.3017,Extra Large,Short,6.0,Stainless Steel 316L,0.8,150,Extra Large Short pipe for PU injection
PIPE-03973,49,54.0,2.5,170,1885.74,0.3206,Extra Large,Short,6.0,Stainless Steel 316L,0.8,150,Extra Large Short pipe for PU injection
PIPE-03974,49,54.0,2.5,180,1885.74,0.3394,Extra Large,Short,6.0,Stainless Steel 316L,0.8,150,Extra Large Short pipe for PU injection
PIPE-03975,49,54.0,2.5,190,1885.74,0.3583,Extra Large,Short,6.0,Stainless Steel 316L,0.8,150,Extra Large Short pipe for PU injection
PIPE-03976,49,54.0,2.5,200,1885.74,0.3771,Extra Large,Medium,6.0,Stainless Steel 316L,0.8,150,Extra Large Medium pipe for PU injection
PIPE-03977,49,54.0,2.5,210,1885.74,0.396,Extra Large,Medium,6.0,Stainless Steel 316L,0.8,150,Extra Large Medium pipe for PU injection
PIPE-03978,49,54.0,2.5,220,1885.74,0.4149,Extra Large,Medium,6.0,Stainless Steel 316L,0.8,150,Extra Large Medium pipe for PU injection
PIPE-03979,49,54.0,2.5,230,1885.74,0.4337,Extra Large,Medium,6.0,Stainless Steel 316L,0.8,150,Extra Large Medium pipe for PU injection
PIPE-03980,49,54.0,2.5,240,1885.74,0.4526,Extra Large,Medium,6.0,Stainless Steel 316L,0.8,150,Extra Large Medium pipe for PU injection
PIPE-03981,49,54.0,2.5,250,1885.74,0.4714,Extra Large,Medium,6.0,Stainless Steel 316L,0.8,150,Extra Large Medium pipe for PU injection
PIPE-03982,49,54.0,2.5,260,1885.74,0.4903,Extra Large,Medium,6.0,Stainless Steel 316L,0.8,150,Extra Large Medium pipe for PU injection
PIPE-03983,49,54.0,2.5,270,1885.74,0.5092,Extra Large,Medium,6.0,Stainless Steel 316L,0.8,150,Extra Large Medium pipe for PU injection
PIPE-03984,49,54.0,2.5,280,1885.74,0.528,Extra Large,Medium,6.0,Stainless Steel 316L,0.8,150,Extra Large Medium pipe for PU injection
PIPE-03985,49,54.0,2.5,290,1885.74,0.5469,Extra Large,Medium,6.0,Stainless Steel 316L,0.8,150,Extra Large Medium pipe for PU injection
PIPE-03986,49,54.0,2.5,300,1885.74,0.5657,Extra Large,Medium,6.0,Stainless Steel 316L,0.8,150,Extra Large Medium pipe for PU injection
PIPE-03987,49,54.0,2.5,310,1885.74,0.5846,Extra Large,Medium,6.0,Stainless Steel 316L,0.8,150,Extra Large Medium pipe for PU injection
PIPE-03988,49,54.0,2.5,320,1885.74,0.6034,Extra Large,Medium,6.0,Stainless Steel 316L,0.8,150,Extra Large Medium pipe for PU injection
PIPE-03989,49,54.0,2.5,330,1885.74,0.6223,Extra Large,Medium,6.0,Stainless Steel 316L,0.8,150,Extra Large Medium pipe for PU injection
PIPE-03990,49,54.0,2.5,340,1885.74,0.6412,Extra Large,Medium,6.0,Stainless Steel 316L,0.8,150,Extra Large Medium pipe for PU injection
PIPE-03991,49,54.0,2.5,350,1885.74,0.66,Extra Large,Medium,6.0,Stainless Steel 316L,0.8,150,Extra Large Medium pipe for PU injection
PIPE-03992,49,54.0,2.5,360,1885.74,0.6789,Extra Large,Medium,6.0,Stainless Steel 316L,0.8,150,Extra Large Medium pipe for PU injection
PIPE-03993,49,54.0,2.5,370,1885.74,0.6977,Extra Large,Medium,6.0,Stainless Steel 316L,0.8,150,Extra Large Medium pipe for PU injection
PIPE-03994,49,54.0,2.5,380,1885.74,0.7166,Extra Large,Medium,6.0,Stainless Steel 316L,0.8,150,Extra Large Medium pipe for PU injection
PIPE-03995,49,54.0,2.5,390,1885.74,0.7354,Extra Large,Medium,6.0,Stainless Steel 316L,0.8,150,Extra Large Medium pipe for PU injection
PIPE-03996,49,54.0,2.5,400,1885.74,0.7543,Extra Large,Medium,6.0,Stainless Steel 316L,0.8,150,Extra Large Medium pipe for PU injection
PIPE-03997,49,54.0,2.5,410,1885.74,0.7732,Extra Large,Medium,6.0,Stainless Steel 316L,0.8,150,Extra Large Medium pipe for PU injection
PIPE-03998,49,54.0,2.5,420,1885.74,0.792,Extra Large,Medium,6.0,Stainless Steel 316L,0.8,150,Extra Large Medium pipe for PU injection
PIPE-03999,49,54.0,2.5,430,1885.74,0.8109,Extra Large,Medium,6.0,Stainless Steel 316L,0.8,150,Extra Large Medium pipe for PU injection
PIPE-04000,49,54.0,2.5,440,1885.74,0.8297,Extra Large,Medium,6.0,Stainless Steel 316L,0.8,150,Extra Large Medium pipe for PU injection
PIPE-04001,49,54.0,2.5,450,1885.74,0.8486,Extra Large,Medium,6.0,Stainless Steel 316L,0.8,150,Extra Large Medium pipe for PU injection
PIPE-04002,49,54.0,2.5,460,1885.74,0.8674,Extra Large,Medium,6.0,Stainless Steel 316L,0.8,150,Extra Large Medium pipe for PU injection
PIPE-04003,49,54.0,2.5,470,1885.74,0.8863,Extra Large,Medium,6.0,Stainless Steel 316L,0.8,150,Extra Large Medium pipe for PU injection
PIPE-04004,49,54.0,2.5,480,1885.74,0.9052,Extra Large,Medium,6.0,Stainless Steel 316L,0.8,150,Extra Large Medium pipe for PU injection
PIPE-04005,49,54.0,2.5,490,1885.74,0.924,Extra Large,Medium,6.0,Stainless Steel 316L,0.8,150,Extra Large Medium pipe for PU injection
PIPE-04006,49,54.0,2.5,500,1885.74,0.9429,Extra Large,Long,6.0,Stainless Steel 316L,0.8,150,Extra Large Long pipe for PU injection
PIPE-04007,49,54.0,2.5,500,1885.74,0.9429,Extra Large,Long,6.0,Stainless Steel 316L,0.8,150,Extra Large Long pipe for PU injection
PIPE-04008,49,54.0,2.5,525,1885.74,0.99,Extra Large,Long,6.0,Stainless Steel 316L,0.8,150,Extra Large Long pipe for PU injection
PIPE-04009,49,54.0,2.5,550,1885.74,1.0372,Extra Large,Long,6.0,Stainless Steel 316L,0.8,150,Extra Large Long pipe for PU injection
PIPE-04010,49,54.0,2.5,575,1885.74,1.0843,Extra Large,Long,6.0,Stainless Steel 316L,0.8,150,Extra Large Long pipe for PU injection
PIPE-04011,49,54.0,2.5,600,1885.74,1.1314,Extra Large,Long,6.0,Stainless Steel 316L,0.8,150,Extra Large Long pipe for PU injection
PIPE-04012,49,54.0,2.5,625,1885.74,1.1786,Extra Large,Long,6.0,Stainless Steel 316L,0.8,150,Extra Large Long pipe for PU injection
PIPE-04013,49,54.0,2.5,650,1885.74,1.2257,Extra Large,Long,6.0,Stainless Steel 316L,0.8,150,Extra Large Long pipe for PU injection
PIPE-04014,49,54.0,2.5,675,1885.74,1.2729,Extra Large,Long,6.0,Stainless Steel 316L,0.8,150,Extra Large Long pipe for PU injection
PIPE-04015,49,54.0,2.5,700,1885.74,1.32,Extra Large,Long,6.0,Stainless Steel 316L,0.8,150,Extra Large Long pipe for PU injection
PIPE-04016,49,54.0,2.5,725,1885.74,1.3672,Extra Large,Long,6.0,Stainless Steel 316L,0.8,150,Extra Large Long pipe for PU injection
PIPE-04017,49,54.0,2.5,750,1885.74,1.4143,Extra Large,Long,6.0,Stainless Steel 316L,0.8,150,Extra Large Long pipe for PU injection
PIPE-04018,49,54.0,2.5,775,1885.74,1.4614,Extra Large,Long,6.0,Stainless Steel 316L,0.8,150,Extra Large Long pipe for PU injection
PIPE-04019,49,54.0,2.5,800,1885.74,1.5086,Extra Large,Long,6.0,Stainless Steel 316L,0.8,150,Extra Large Long pipe for PU injection
PIPE-04020,49,54.0,2.5,825,1885.74,1.5557,Extra Large,Long,6.0,Stainless Steel 316L,0.8,150,Extra Large Long pipe for PU injection
PIPE-04021,49,54.0,2.5,850,1885.74,1.6029,Extra Large,Long,6.0,Stainless Steel 316L,0.8,150,Extra Large Long pipe for PU injection
PIPE-04022,49,54.0,2.5,875,1885.74,1.65,Extra Large,Long,6.0,Stainless Steel 316L,0.8,150,Extra Large Long pipe for PU injection
PIPE-04023,49,54.0,2.5,900,1885.74,1.6972,Extra Large,Long,6.0,Stainless Steel 316L,0.8,150,Extra Large Long pipe for PU injection
PIPE-04024,49,54.0,2.5,925,1885.74,1.7443,Extra Large,Long,6.0,Stainless Steel 316L,0.8,150,Extra Large Long pipe for PU injection
PIPE-04025,49,54.0,2.5,950,1885.74,1.7915,Extra Large,Long,6.0,Stainless Steel 316L,0.8,150,Extra Large Long pipe for PU injection
PIPE-04026,49,54.0,2.5,975,1885.74,1.8386,Extra Large,Long,6.0,Stainless Steel 316L,0.8,150,Extra Large Long pipe for PU injection
PIPE-04027,49,54.0,2.5,1000,1885.74,1.8857,Extra Large,Extra Long,6.0,Stainless Steel 316L,0.8,150,Extra Large Extra Long pipe for PU injection
PIPE-04028,49,54.0,2.5,1000,1885.74,1.8857,Extra Large,Extra Long,6.0,Stainless Steel 316L,0.8,150,Extra Large Extra Long pipe for PU injection
PIPE-04029,49,54.0,2.5,1050,1885.74,1.98,Extra Large,Extra Long,6.0,Stainless Steel 316L,0.8,150,Extra Large Extra Long pipe for PU injection
PIPE-04030,49,54.0,2.5,1100,1885.74,2.0743,Extra Large,Extra Long,6.0,Stainless Steel 316L,0.8,150,Extra Large Extra Long pipe for PU injection
PIPE-04031,49,54.0,2.5,1150,1885.74,2.1686,Extra Large,Extra Long,6.0,Stainless Steel 316L,0.8,150,Extra Large Extra Long pipe for PU injection
PIPE-04032,49,54.0,2.5,1200,1885.74,2.2629,Extra Large,Extra Long,6.0,Stainless Steel 316L,0.8,150,Extra Large Extra Long pipe for PU injection
PIPE-04033,49,54.0,2.5,1250,1885.74,2.3572,Extra Large,Extra Long,6.0,Stainless Steel 316L,0.8,150,Extra Large Extra Long pipe for PU injection
PIPE-04034,49,54.0,2.5,1300,1885.74,2.4515,Extra Large,Extra Long,6.0,Stainless Steel 316L,0.8,150,Extra Large Extra Long pipe for PU injection
PIPE-04035,49,54.0,2.5,1350,1885.74,2.5458,Extra Large,Extra Long,6.0,Stainless Steel 316L,0.8,150,Extra Large Extra Long pipe for PU injection
PIPE-04036,49,54.0,2.5,1400,1885.74,2.64,Extra Large,Extra Long,6.0,Stainless Steel 316L,0.8,150,Extra Large Extra Long pipe for PU injection
PIPE-04037,49,54.0,2.5,1450,1885.74,2.7343,Extra Large,Extra Long,6.0,Stainless Steel 316L,0.8,150,Extra Large Extra Long pipe for PU injection
PIPE-04038,49,54.0,2.5,1500,1885.74,2.8286,Extra Large,Extra Long,6.0,Stainless Steel 316L,0.8,150,Extra Large Extra Long pipe for PU injection
PIPE-04039,49,54.0,2.5,1550,1885.74,2.9229,Extra Large,Extra Long,6.0,Stainless Steel 316L,0.8,150,Extra Large Extra Long pipe for PU injection
PIPE-04040,49,54.0,2.5,1600,1885.74,3.0172,Extra Large,Extra Long,6.0,Stainless Steel 316L,0.8,150,Extra Large Extra Long pipe for PU injection
PIPE-04041,49,54.0,2.5,1650,1885.74,3.1115,Extra Large,Extra Long,6.0,Stainless Steel 316L,0.8,150,Extra Large Extra Long pipe for PU injection
PIPE-04042,49,54.0,2.5,1700,1885.74,3.2058,Extra Large,Extra Long,6.0,Stainless Steel 316L,0.8,150,Extra Large Extra Long pipe for PU injection
PIPE-04043,49,54.0,2.5,1750,1885.74,3.3,Extra Large,Extra Long,6.0,Stainless Steel 316L,0.8,150,Extra Large Extra Long pipe for PU injection
PIPE-04044,49,54.0,2.5,1800,1885.74,3.3943,Extra Large,Extra Long,6.0,Stainless Steel 316L,0.8,150,Extra Large Extra Long pipe for PU injection
PIPE-04045,49,54.0,2.5,1850,1885.74,3.4886,Extra Large,Extra Long,6.0,Stainless Steel 316L,0.8,150,Extra Large Extra Long pipe for PU injection
PIPE-04046,49,54.0,2.5,1900,1885.74,3.5829,Extra Large,Extra Long,6.0,Stainless Steel 316L,0.8,150,Extra Large Extra Long pipe for PU injection
PIPE-04047,49,54.0,2.5,1950,1885.74,3.6772,Extra Large,Extra Long,6.0,Stainless Steel 316L,0.8,150,Extra Large Extra Long pipe for PU injection
PIPE-04048,49,54.0,2.5,2000,1885.74,3.7715,Extra Large,Extra Long,6.0,Stainless Steel 316L,0.8,150,Extra Large Extra Long pipe for PU injection
PIPE-04049,50,55.0,2.5,50,1963.5,0.0982,Extra Large,Short,6.0,Stainless Steel 316L,0.8,150,Extra Large Short pipe for PU injection
PIPE-04050,50,55.0,2.5,60,1963.5,0.1178,Extra Large,Short,6.0,Stainless Steel 316L,0.8,150,Extra Large Short pipe for PU injection
PIPE-04051,50,55.0,2.5,70,1963.5,0.1374,Extra Large,Short,6.0,Stainless Steel 316L,0.8,150,Extra Large Short pipe for PU injection
PIPE-04052,50,55.0,2.5,80,1963.5,0.1571,Extra Large,Short,6.0,Stainless Steel 316L,0.8,150,Extra Large Short pipe for PU injection
PIPE-04053,50,55.0,2.5,90,1963.5,0.1767,Extra Large,Short,6.0,Stainless Steel 316L,0.8,150,Extra Large Short pipe for PU injection
PIPE-04054,50,55.0,2.5,100,1963.5,0.1963,Extra Large,Short,6.0,Stainless Steel 316L,0.8,150,Extra Large Short pipe for PU injection
PIPE-04055,50,55.0,2.5,110,1963.5,0.216,Extra Large,Short,6.0,Stainless Steel 316L,0.8,150,Extra Large Short pipe for PU injection
PIPE-04056,50,55.0,2.5,120,1963.5,0.2356,Extra Large,Short,6.0,Stainless Steel 316L,0.8,150,Extra Large Short pipe for PU injection
PIPE-04057,50,55.0,2.5,130,1963.5,0.2553,Extra Large,Short,6.0,Stainless Steel 316L,0.8,150,Extra Large Short pipe for PU injection
PIPE-04058,50,55.0,2.5,140,1963.5,0.2749,Extra Large,Short,6.0,Stainless Steel 316L,0.8,150,Extra Large Short pipe for PU injection
PIPE-04059,50,55.0,2.5,150,1963.5,0.2945,Extra Large,Short,6.0,Stainless Steel 316L,0.8,150,Extra Large Short pipe for PU injection
PIPE-04060,50,55.0,2.5,160,1963.5,0.3142,Extra Large,Short,6.0,Stainless Steel 316L,0.8,150,Extra Large Short pipe for PU injection
PIPE-04061,50,55.0,2.5,170,1963.5,0.3338,Extra Large,Short,6.0,Stainless Steel 316L,0.8,150,Extra Large Short pipe for PU injection
PIPE-04062,50,55.0,2.5,180,1963.5,0.3534,Extra Large,Short,6.0,Stainless Steel 316L,0.8,150,Extra Large Short pipe for PU injection
PIPE-04063,50,55.0,2.5,190,1963.5,0.3731,Extra Large,Short,6.0,Stainless Steel 316L,0.8,150,Extra Large Short pipe for PU injection
PIPE-04064,50,55.0,2.5,200,1963.5,0.3927,Extra Large,Medium,6.0,Stainless Steel 316L,0.8,150,Extra Large Medium pipe for PU injection
PIPE-04065,50,55.0,2.5,210,1963.5,0.4123,Extra Large,Medium,6.0,Stainless Steel 316L,0.8,150,Extra Large Medium pipe for PU injection
PIPE-04066,50,55.0,2.5,220,1963.5,0.432,Extra Large,Medium,6.0,Stainless Steel 316L,0.8,150,Extra Large Medium pipe for PU injection
PIPE-04067,50,55.0,2.5,230,1963.5,0.4516,Extra Large,Medium,6.0,Stainless Steel 316L,0.8,150,Extra Large Medium pipe for PU injection
PIPE-04068,50,55.0,2.5,240,1963.5,0.4712,Extra Large,Medium,6.0,Stainless Steel 316L,0.8,150,Extra Large Medium pipe for PU injection
PIPE-04069,50,55.0,2.5,250,1963.5,0.4909,Extra Large,Medium,6.0,Stainless Steel 316L,0.8,150,Extra Large Medium pipe for PU injection
PIPE-04070,50,55.0,2.5,260,1963.5,0.5105,Extra Large,Medium,6.0,Stainless Steel 316L,0.8,150,Extra Large Medium pipe for PU injection
PIPE-04071,50,55.0,2.5,270,1963.5,0.5301,Extra Large,Medium,6.0,Stainless Steel 316L,0.8,150,Extra Large Medium pipe for PU injection
PIPE-04072,50,55.0,2.5,280,1963.5,0.5498,Extra Large,Medium,6.0,Stainless Steel 316L,0.8,150,Extra Large Medium pipe for PU injection
PIPE-04073,50,55.0,2.5,290,1963.5,0.5694,Extra Large,Medium,6.0,Stainless Steel 316L,0.8,150,Extra Large Medium pipe for PU injection
PIPE-04074,50,55.0,2.5,300,1963.5,0.589,Extra Large,Medium,6.0,Stainless Steel 316L,0.8,150,Extra Large Medium pipe for PU injection
PIPE-04075,50,55.0,2.5,310,1963.5,0.6087,Extra Large,Medium,6.0,Stainless Steel 316L,0.8,150,Extra Large Medium pipe for PU injection
PIPE-04076,50,55.0,2.5,320,1963.5,0.6283,Extra Large,Medium,6.0,Stainless Steel 316L,0.8,150,Extra Large Medium pipe for PU injection
PIPE-04077,50,55.0,2.5,330,1963.5,0.648,Extra Large,Medium,6.0,Stainless Steel 316L,0.8,150,Extra Large Medium pipe for PU injection
PIPE-04078,50,55.0,2.5,340,1963.5,0.6676,Extra Large,Medium,6.0,Stainless Steel 316L,0.8,150,Extra Large Medium pipe for PU injection
PIPE-04079,50,55.0,2.5,350,1963.5,0.6872,Extra Large,Medium,6.0,Stainless Steel 316L,0.8,150,Extra Large Medium pipe for PU injection
PIPE-04080,50,55.0,2.5,360,1963.5,0.7069,Extra Large,Medium,6.0,Stainless Steel 316L,0.8,150,Extra Large Medium pipe for PU injection
PIPE-04081,50,55.0,2.5,370,1963.5,0.7265,Extra Large,Medium,6.0,Stainless Steel 316L,0.8,150,Extra Large Medium pipe for PU injection
PIPE-04082,50,55.0,2.5,380,1963.5,0.7461,Extra Large,Medium,6.0,Stainless Steel 316L,0.8,150,Extra Large Medium pipe for PU injection
PIPE-04083,50,55.0,2.5,390,1963.5,0.7658,Extra Large,Medium,6.0,Stainless Steel 316L,0.8,150,Extra Large Medium pipe for PU injection
PIPE-04084,50,55.0,2.5,400,1963.5,0.7854,Extra Large,Medium,6.0,Stainless Steel 316L,0.8,150,Extra Large Medium pipe for PU injection
PIPE-04085,50,55.0,2.5,410,1963.5,0.805,Extra Large,Medium,6.0,Stainless Steel 316L,0.8,150,Extra Large Medium pipe for PU injection
PIPE-04086,50,55.0,2.5,420,1963.5,0.8247,Extra Large,Medium,6.0,Stainless Steel 316L,0.8,150,Extra Large Medium pipe for PU injection
PIPE-04087,50,55.0,2.5,430,1963.5,0.8443,Extra Large,Medium,6.0,Stainless Steel 316L,0.8,150,Extra Large Medium pipe for PU injection
PIPE-04088,50,55.0,2.5,440,1963.5,0.8639,Extra Large,Medium,6.0,Stainless Steel 316L,0.8,150,Extra Large Medium pipe for PU injection
PIPE-04089,50,55.0,2.5,450,1963.5,0.8836,Extra Large,Medium,6.0,Stainless Steel 316L,0.8,150,Extra Large Medium pipe for PU injection
PIPE-04090,50,55.0,2.5,460,1963.5,0.9032,Extra Large,Medium,6.0,Stainless Steel 316L,0.8,150,Extra Large Medium pipe for PU injection
PIPE-04091,50,55.0,2.5,470,1963.5,0.9228,Extra Large,Medium,6.0,Stainless Steel 316L,0.8,150,Extra Large Medium pipe for PU injection
PIPE-04092,50,55.0,2.5,480,1963.5,0.9425,Extra Large,Medium,6.0,Stainless Steel 316L,0.8,150,Extra Large Medium pipe for PU injection
PIPE-04093,50,55.0,2.5,490,1963.5,0.9621,Extra Large,Medium,6.0,Stainless Steel 316L,0.8,150,Extra Large Medium pipe for PU injection
PIPE-04094,50,55.0,2.5,500,1963.5,0.9817,Extra Large,Long,6.0,Stainless Steel 316L,0.8,150,Extra Large Long pipe for PU injection
PIPE-04095,50,55.0,2.5,500,1963.5,0.9817,Extra Large,Long,6.0,Stainless Steel 316L,0.8,150,Extra Large Long pipe for PU injection
PIPE-04096,50,55.0,2.5,525,1963.5,1.0308,Extra Large,Long,6.0,Stainless Steel 316L,0.8,150,Extra Large Long pipe for PU injection
PIPE-04097,50,55.0,2.5,550,1963.5,1.0799,Extra Large,Long,6.0,Stainless Steel 316L,0.8,150,Extra Large Long pipe for PU injection
PIPE-04098,50,55.0,2.5,575,1963.5,1.129,Extra Large,Long,6.0,Stainless Steel 316L,0.8,150,Extra Large Long pipe for PU injection
PIPE-04099,50,55.0,2.5,600,1963.5,1.1781,Extra Large,Long,6.0,Stainless Steel 316L,0.8,150,Extra Large Long pipe for PU injection
PIPE-04100,50,55.0,2.5,625,1963.5,1.2272,Extra Large,Long,6.0,Stainless Steel 316L,0.8,150,Extra Large Long pipe for PU injection
PIPE-04101,50,55.0,2.5,650,1963.5,1.2763,Extra Large,Long,6.0,Stainless Steel 316L,0.8,150,Extra Large Long pipe for PU injection
PIPE-04102,50,55.0,2.5,675,1963.5,1.3254,Extra Large,Long,6.0,Stainless Steel 316L,0.8,150,Extra Large Long pipe for PU injection
PIPE-04103,50,55.0,2.5,700,1963.5,1.3744,Extra Large,Long,6.0,Stainless Steel 316L,0.8,150,Extra Large Long pipe for PU injection
PIPE-04104,50,55.0,2.5,725,1963.5,1.4235,Extra Large,Long,6.0,Stainless Steel 316L,0.8,150,Extra Large Long pipe for PU injection
PIPE-04105,50,55.0,2.5,750,1963.5,1.4726,Extra Large,Long,6.0,Stainless Steel 316L,0.8,150,Extra Large Long pipe for PU injection
PIPE-04106,50,55.0,2.5,775,1963.5,1.5217,Extra Large,Long,6.0,Stainless Steel 316L,0.8,150,Extra Large Long pipe for PU injection
PIPE-04107,50,55.0,2.5,800,1963.5,1.5708,Extra Large,Long,6.0,Stainless Steel 316L,0.8,150,Extra Large Long pipe for PU injection
PIPE-04108,50,55.0,2.5,825,1963.5,1.6199,Extra Large,Long,6.0,Stainless Steel 316L,0.8,150,Extra Large Long pipe for PU injection
PIPE-04109,50,55.0,2.5,850,1963.5,1.669,Extra Large,Long,6.0,Stainless Steel 316L,0.8,150,Extra Large Long pipe for PU injection
PIPE-04110,50,55.0,2.5,875,1963.5,1.7181,Extra Large,Long,6.0,Stainless Steel 316L,0.8,150,Extra Large Long pipe for PU injection
PIPE-04111,50,55.0,2.5,900,1963.5,1.7671,Extra Large,Long,6.0,Stainless Steel 316L,0.8,150,Extra Large Long pipe for PU injection
PIPE-04112,50,55.0,2.5,925,1963.5,1.8162,Extra Large,Long,6.0,Stainless Steel 316L,0.8,150,Extra Large Long pipe for PU injection
PIPE-04113,50,55.0,2.5,950,1963.5,1.8653,Extra Large,Long,6.0,Stainless Steel 316L,0.8,150,Extra Large Long pipe for PU injection
PIPE-04114,50,55.0,2.5,975,1963.5,1.9144,Extra Large,Long,6.0,Stainless Steel 316L,0.8,150,Extra Large Long pipe for PU injection
PIPE-04115,50,55.0,2.5,1000,1963.5,1.9635,Extra Large,Extra Long,6.0,Stainless Steel 316L,0.8,150,Extra Large Extra Long pipe for PU injection
PIPE-04116,50,55.0,2.5,1000,1963.5,1.9635,Extra Large,Extra Long,6.0,Stainless Steel 316L,0.8,150,Extra Large Extra Long pipe for PU injection
PIPE-04117,50,55.0,2.5,1050,1963.5,2.0617,Extra Large,Extra Long,6.0,Stainless Steel 316L,0.8,150,Extra Large Extra Long pipe for PU injection
PIPE-04118,50,55.0,2.5,1100,1963.5,2.1598,Extra Large,Extra Long,6.0,Stainless Steel 316L,0.8,150,Extra Large Extra Long pipe for PU injection
PIPE-04119,50,55.0,2.5,1150,1963.5,2.258,Extra Large,Extra Long,6.0,Stainless Steel 316L,0.8,150,Extra Large Extra Long pipe for PU injection
PIPE-04120,50,55.0,2.5,1200,1963.5,2.3562,Extra Large,Extra Long,6.0,Stainless Steel 316L,0.8,150,Extra Large Extra Long pipe for PU injection
PIPE-04121,50,55.0,2.5,1250,1963.5,2.4544,Extra Large,Extra Long,6.0,Stainless Steel 316L,0.8,150,Extra Large Extra Long pipe for PU injection
PIPE-04122,50,55.0,2.5,1300,1963.5,2.5525,Extra Large,Extra Long,6.0,Stainless Steel 316L,0.8,150,Extra Large Extra Long pipe for PU injection
PIPE-04123,50,55.0,2.5,1350,1963.5,2.6507,Extra Large,Extra Long,6.0,Stainless Steel 316L,0.8,150,Extra Large Extra Long pipe for PU injection
PIPE-04124,50,55.0,2.5,1400,1963.5,2.7489,Extra Large,Extra Long,6.0,Stainless Steel 316L,0.8,150,Extra Large Extra Long pipe for PU injection
PIPE-04125,50,55.0,2.5,1450,1963.5,2.8471,Extra Large,Extra Long,6.0,Stainless Steel 316L,0.8,150,Extra Large Extra Long pipe for PU injection
PIPE-04126,50,55.0,2.5,1500,1963.5,2.9452,Extra Large,Extra Long,6.0,Stainless Steel 316L,0.8,150,Extra Large Extra Long pipe for PU injection
PIPE-04127,50,55.0,2.5,1550,1963.5,3.0434,Extra Large,Extra Long,6.0,Stainless Steel 316L,0.8,150,Extra Large Extra Long pipe for PU injection
PIPE-04128,50,55.0,2.5,1600,1963.5,3.1416,Extra Large,Extra Long,6.0,Stainless Steel 316L,0.8,150,Extra Large Extra Long pipe for PU injection
PIPE-04129,50,55.0,2.5,1650,1963.5,3.2398,Extra Large,Extra Long,6.0,Stainless Steel 316L,0.8,150,Extra Large Extra Long pipe for PU injection
PIPE-04130,50,55.0,2.5,1700,1963.5,3.3379,Extra Large,Extra Long,6.0,Stainless Steel 316L,0.8,150,Extra Large Extra Long pipe for PU injection
PIPE-04131,50,55.0,2.5,1750,1963.5,3.4361,Extra Large,Extra Long,6.0,Stainless Steel 316L,0.8,150,Extra Large Extra Long pipe for PU injection
PIPE-04132,50,55.0,2.5,1800,1963.5,3.5343,Extra Large,Extra Long,6.0,Stainless Steel 316L,0.8,150,Extra Large Extra Long pipe for PU injection
PIPE-04133,50,55.0,2.5,1850,1963.5,3.6325,Extra Large,Extra Long,6.0,Stainless Steel 316L,0.8,150,Extra Large Extra Long pipe for PU injection
PIPE-04134,50,55.0,2.5,1900,1963.5,3.7306,Extra Large,Extra Long,6.0,Stainless Steel 316L,0.8,150,Extra Large Extra Long pipe for PU injection
PIPE-04135,50,55.0,2.5,1950,1963.5,3.8288,Extra Large,Extra Long,6.0,Stainless Steel 316L,0.8,150,Extra Large Extra Long pipe for PU injection
PIPE-04136,50,55.0,2.5,2000,1963.5,3.927,Extra Large,Extra Long,6.0,Stainless Steel 316L,0.8,150,Extra Large Extra Long pipe for PU injection
