mold_id,shape,type,application,length_mm,width_mm,height_thickness_mm,diameter_mm,wall_thickness_mm,volume_liters,surface_area_mm2,cavity_count,injection_points,typical_material,typical_density_kgm3,cycle_time_estimate_s,notes
MOLD-RECT-00001,Rectangular,Small Panel,"Appliance Door Core, Light Insulation",300,200,10,,,0.6,130000,1,1,"Ecofoam Standard, Ecomate Spray EC",40,31.0,"Small Panel for Appliance Door Core, Light Insulation"
MOLD-RECT-00002,Rectangular,Small Panel,"Appliance Door Core, Light Insulation",300,200,15,,,0.9,135000,1,1,"Ecofoam Standard, Ecomate Spray EC",40,32.0,"Small Panel for Appliance Door Core, Light Insulation"
MOLD-RECT-00003,Rectangular,Small Panel,"Appliance Door Core, Light Insulation",300,200,20,,,1.2,140000,1,1,"Ecofoam Standard, Ecomate Spray EC",40,32.0,"Small Panel for Appliance Door Core, Light Insulation"
MOLD-RECT-00004,Rectangular,Small Panel,"Appliance Door Core, Light Insulation",300,200,25,,,1.5,145000,1,1,"Ecofoam Standard, Ecomate Spray EC",40,33.0,"Small Panel for Appliance Door Core, Light Insulation"
MOLD-RECT-00005,Rectangular,Small Panel,"Refrigerator Panel, Medium Insulation",300,200,30,,,1.8,150000,1,1,"Ecofoam Standard, Ecomate Spray EC",40,34.0,"Small Panel for Refrigerator Panel, Medium Insulation"
MOLD-RECT-00006,Rectangular,Small Panel,"Refrigerator Panel, Medium Insulation",300,200,35,,,2.1,155000,1,1,"Ecofoam Standard, Ecomate Spray EC",40,34.0,"Small Panel for Refrigerator Panel, Medium Insulation"
MOLD-RECT-00007,Rectangular,Small Panel,"Refrigerator Panel, Medium Insulation",300,200,40,,,2.4,160000,1,1,"Ecofoam Standard, Ecomate Spray EC",40,35.0,"Small Panel for Refrigerator Panel, Medium Insulation"
MOLD-RECT-00008,Rectangular,Small Panel,"Refrigerator Panel, Medium Insulation",300,200,45,,,2.7,165000,1,1,"Ecofoam Standard, Ecomate Spray EC",40,35.0,"Small Panel for Refrigerator Panel, Medium Insulation"
MOLD-RECT-00009,Rectangular,Small Panel,"Refrigerator Panel, Medium Insulation",300,200,50,,,3.0,170000,1,1,"Ecofoam Standard, Ecomate Spray EC",40,36.0,"Small Panel for Refrigerator Panel, Medium Insulation"
MOLD-RECT-00010,Rectangular,Small Panel,"Appliance Door Core, Light Insulation",300,300,10,,,0.9,192000,1,1,"Ecofoam Standard, Ecomate Spray EC",40,32.0,"Small Panel for Appliance Door Core, Light Insulation"
MOLD-RECT-00011,Rectangular,Small Panel,"Appliance Door Core, Light Insulation",300,300,15,,,1.35,198000,1,1,"Ecofoam Standard, Ecomate Spray EC",40,33.0,"Small Panel for Appliance Door Core, Light Insulation"
MOLD-RECT-00012,Rectangular,Small Panel,"Appliance Door Core, Light Insulation",300,300,20,,,1.8,204000,1,1,"Ecofoam Standard, Ecomate Spray EC",40,34.0,"Small Panel for Appliance Door Core, Light Insulation"
MOLD-RECT-00013,Rectangular,Small Panel,"Appliance Door Core, Light Insulation",300,300,25,,,2.25,210000,1,1,"Ecofoam Standard, Ecomate Spray EC",40,34.0,"Small Panel for Appliance Door Core, Light Insulation"
MOLD-RECT-00014,Rectangular,Small Panel,"Refrigerator Panel, Medium Insulation",300,300,30,,,2.7,216000,1,1,"Ecofoam Standard, Ecomate Spray EC",40,35.0,"Small Panel for Refrigerator Panel, Medium Insulation"
MOLD-RECT-00015,Rectangular,Small Panel,"Refrigerator Panel, Medium Insulation",300,300,35,,,3.15,222000,1,1,"Ecofoam Standard, Ecomate Spray EC",40,36.0,"Small Panel for Refrigerator Panel, Medium Insulation"
MOLD-RECT-00016,Rectangular,Small Panel,"Refrigerator Panel, Medium Insulation",300,300,40,,,3.6,228000,1,1,"Ecofoam Standard, Ecomate Spray EC",40,37.0,"Small Panel for Refrigerator Panel, Medium Insulation"
MOLD-RECT-00017,Rectangular,Small Panel,"Refrigerator Panel, Medium Insulation",300,300,45,,,4.05,234000,1,1,"Ecofoam Standard, Ecomate Spray EC",40,38.0,"Small Panel for Refrigerator Panel, Medium Insulation"
MOLD-RECT-00018,Rectangular,Small Panel,"Refrigerator Panel, Medium Insulation",300,300,50,,,4.5,240000,1,1,"Ecofoam Standard, Ecomate Spray EC",40,39.0,"Small Panel for Refrigerator Panel, Medium Insulation"
MOLD-RECT-00019,Rectangular,Small Panel,"Appliance Door Core, Light Insulation",300,400,10,,,1.2,254000,1,1,"Ecofoam Standard, Ecomate Spray EC",40,32.0,"Small Panel for Appliance Door Core, Light Insulation"
MOLD-RECT-00020,Rectangular,Small Panel,"Appliance Door Core, Light Insulation",300,400,15,,,1.8,261000,1,1,"Ecofoam Standard, Ecomate Spray EC",40,34.0,"Small Panel for Appliance Door Core, Light Insulation"
MOLD-RECT-00021,Rectangular,Small Panel,"Appliance Door Core, Light Insulation",300,400,20,,,2.4,268000,1,1,"Ecofoam Standard, Ecomate Spray EC",40,35.0,"Small Panel for Appliance Door Core, Light Insulation"
MOLD-RECT-00022,Rectangular,Small Panel,"Appliance Door Core, Light Insulation",300,400,25,,,3.0,275000,1,1,"Ecofoam Standard, Ecomate Spray EC",40,36.0,"Small Panel for Appliance Door Core, Light Insulation"
MOLD-RECT-00023,Rectangular,Small Panel,"Refrigerator Panel, Medium Insulation",300,400,30,,,3.6,282000,1,1,"Ecofoam Standard, Ecomate Spray EC",40,37.0,"Small Panel for Refrigerator Panel, Medium Insulation"
MOLD-RECT-00024,Rectangular,Small Panel,"Refrigerator Panel, Medium Insulation",300,400,35,,,4.2,289000,1,1,"Ecofoam Standard, Ecomate Spray EC",40,38.0,"Small Panel for Refrigerator Panel, Medium Insulation"
MOLD-RECT-00025,Rectangular,Small Panel,"Refrigerator Panel, Medium Insulation",300,400,40,,,4.8,296000,1,1,"Ecofoam Standard, Ecomate Spray EC",40,40.0,"Small Panel for Refrigerator Panel, Medium Insulation"
MOLD-RECT-00026,Rectangular,Small Panel,"Refrigerator Panel, Medium Insulation",300,400,45,,,5.4,303000,1,1,"Ecofoam Standard, Ecomate Spray EC",40,41.0,"Small Panel for Refrigerator Panel, Medium Insulation"
MOLD-RECT-00027,Rectangular,Small Panel,"Refrigerator Panel, Medium Insulation",300,400,50,,,6.0,310000,1,1,"Ecofoam Standard, Ecomate Spray EC",40,42.0,"Small Panel for Refrigerator Panel, Medium Insulation"
MOLD-RECT-00028,Rectangular,Small Panel,"Appliance Door Core, Light Insulation",300,500,10,,,1.5,316000,1,1,"Ecofoam Standard, Ecomate Spray EC",40,33.0,"Small Panel for Appliance Door Core, Light Insulation"
MOLD-RECT-00029,Rectangular,Small Panel,"Appliance Door Core, Light Insulation",300,500,15,,,2.25,324000,1,1,"Ecofoam Standard, Ecomate Spray EC",40,34.0,"Small Panel for Appliance Door Core, Light Insulation"
MOLD-RECT-00030,Rectangular,Small Panel,"Appliance Door Core, Light Insulation",300,500,20,,,3.0,332000,1,1,"Ecofoam Standard, Ecomate Spray EC",40,36.0,"Small Panel for Appliance Door Core, Light Insulation"
MOLD-RECT-00031,Rectangular,Small Panel,"Appliance Door Core, Light Insulation",300,500,25,,,3.75,340000,1,1,"Ecofoam Standard, Ecomate Spray EC",40,38.0,"Small Panel for Appliance Door Core, Light Insulation"
MOLD-RECT-00032,Rectangular,Small Panel,"Refrigerator Panel, Medium Insulation",300,500,30,,,4.5,348000,1,1,"Ecofoam Standard, Ecomate Spray EC",40,39.0,"Small Panel for Refrigerator Panel, Medium Insulation"
MOLD-RECT-00033,Rectangular,Small Panel,"Refrigerator Panel, Medium Insulation",300,500,35,,,5.25,356000,1,1,"Ecofoam Standard, Ecomate Spray EC",40,40.0,"Small Panel for Refrigerator Panel, Medium Insulation"
MOLD-RECT-00034,Rectangular,Small Panel,"Refrigerator Panel, Medium Insulation",300,500,40,,,6.0,364000,1,1,"Ecofoam Standard, Ecomate Spray EC",40,42.0,"Small Panel for Refrigerator Panel, Medium Insulation"
MOLD-RECT-00035,Rectangular,Small Panel,"Refrigerator Panel, Medium Insulation",300,500,45,,,6.75,372000,1,1,"Ecofoam Standard, Ecomate Spray EC",40,44.0,"Small Panel for Refrigerator Panel, Medium Insulation"
MOLD-RECT-00036,Rectangular,Small Panel,"Refrigerator Panel, Medium Insulation",300,500,50,,,7.5,380000,1,1,"Ecofoam Standard, Ecomate Spray EC",40,45.0,"Small Panel for Refrigerator Panel, Medium Insulation"
MOLD-RECT-00037,Rectangular,Small Panel,"Appliance Door Core, Light Insulation",300,600,10,,,1.8,378000,1,1,"Ecofoam Standard, Ecomate Spray EC",40,34.0,"Small Panel for Appliance Door Core, Light Insulation"
MOLD-RECT-00038,Rectangular,Small Panel,"Appliance Door Core, Light Insulation",300,600,15,,,2.7,387000,1,1,"Ecofoam Standard, Ecomate Spray EC",40,35.0,"Small Panel for Appliance Door Core, Light Insulation"
MOLD-RECT-00039,Rectangular,Small Panel,"Appliance Door Core, Light Insulation",300,600,20,,,3.6,396000,1,1,"Ecofoam Standard, Ecomate Spray EC",40,37.0,"Small Panel for Appliance Door Core, Light Insulation"
MOLD-RECT-00040,Rectangular,Small Panel,"Appliance Door Core, Light Insulation",300,600,25,,,4.5,405000,1,1,"Ecofoam Standard, Ecomate Spray EC",40,39.0,"Small Panel for Appliance Door Core, Light Insulation"
MOLD-RECT-00041,Rectangular,Small Panel,"Refrigerator Panel, Medium Insulation",300,600,30,,,5.4,414000,1,1,"Ecofoam Standard, Ecomate Spray EC",40,41.0,"Small Panel for Refrigerator Panel, Medium Insulation"
MOLD-RECT-00042,Rectangular,Small Panel,"Refrigerator Panel, Medium Insulation",300,600,35,,,6.3,423000,1,1,"Ecofoam Standard, Ecomate Spray EC",40,43.0,"Small Panel for Refrigerator Panel, Medium Insulation"
MOLD-RECT-00043,Rectangular,Small Panel,"Refrigerator Panel, Medium Insulation",300,600,40,,,7.2,432000,1,1,"Ecofoam Standard, Ecomate Spray EC",40,44.0,"Small Panel for Refrigerator Panel, Medium Insulation"
MOLD-RECT-00044,Rectangular,Small Panel,"Refrigerator Panel, Medium Insulation",300,600,45,,,8.1,441000,1,1,"Ecofoam Standard, Ecomate Spray EC",40,46.0,"Small Panel for Refrigerator Panel, Medium Insulation"
MOLD-RECT-00045,Rectangular,Small Panel,"Refrigerator Panel, Medium Insulation",300,600,50,,,9.0,450000,1,1,"Ecofoam Standard, Ecomate Spray EC",40,48.0,"Small Panel for Refrigerator Panel, Medium Insulation"
MOLD-RECT-00046,Rectangular,Small Panel,"Appliance Door Core, Light Insulation",400,200,10,,,0.8,172000,1,1,"Ecofoam Standard, Ecomate Spray EC",40,32.0,"Small Panel for Appliance Door Core, Light Insulation"
MOLD-RECT-00047,Rectangular,Small Panel,"Appliance Door Core, Light Insulation",400,200,15,,,1.2,178000,1,1,"Ecofoam Standard, Ecomate Spray EC",40,32.0,"Small Panel for Appliance Door Core, Light Insulation"
MOLD-RECT-00048,Rectangular,Small Panel,"Appliance Door Core, Light Insulation",400,200,20,,,1.6,184000,1,1,"Ecofoam Standard, Ecomate Spray EC",40,33.0,"Small Panel for Appliance Door Core, Light Insulation"
MOLD-RECT-00049,Rectangular,Small Panel,"Appliance Door Core, Light Insulation",400,200,25,,,2.0,190000,1,1,"Ecofoam Standard, Ecomate Spray EC",40,34.0,"Small Panel for Appliance Door Core, Light Insulation"
MOLD-RECT-00050,Rectangular,Small Panel,"Refrigerator Panel, Medium Insulation",400,200,30,,,2.4,196000,1,1,"Ecofoam Standard, Ecomate Spray EC",40,35.0,"Small Panel for Refrigerator Panel, Medium Insulation"
MOLD-RECT-00051,Rectangular,Small Panel,"Refrigerator Panel, Medium Insulation",400,200,35,,,2.8,202000,1,1,"Ecofoam Standard, Ecomate Spray EC",40,36.0,"Small Panel for Refrigerator Panel, Medium Insulation"
MOLD-RECT-00052,Rectangular,Small Panel,"Refrigerator Panel, Medium Insulation",400,200,40,,,3.2,208000,1,1,"Ecofoam Standard, Ecomate Spray EC",40,36.0,"Small Panel for Refrigerator Panel, Medium Insulation"
MOLD-RECT-00053,Rectangular,Small Panel,"Refrigerator Panel, Medium Insulation",400,200,45,,,3.6,214000,1,1,"Ecofoam Standard, Ecomate Spray EC",40,37.0,"Small Panel for Refrigerator Panel, Medium Insulation"
MOLD-RECT-00054,Rectangular,Small Panel,"Refrigerator Panel, Medium Insulation",400,200,50,,,4.0,220000,1,1,"Ecofoam Standard, Ecomate Spray EC",40,38.0,"Small Panel for Refrigerator Panel, Medium Insulation"
MOLD-RECT-00055,Rectangular,Small Panel,"Appliance Door Core, Light Insulation",400,300,10,,,1.2,254000,1,1,"Ecofoam Standard, Ecomate Spray EC",40,32.0,"Small Panel for Appliance Door Core, Light Insulation"
MOLD-RECT-00056,Rectangular,Small Panel,"Appliance Door Core, Light Insulation",400,300,15,,,1.8,261000,1,1,"Ecofoam Standard, Ecomate Spray EC",40,34.0,"Small Panel for Appliance Door Core, Light Insulation"
MOLD-RECT-00057,Rectangular,Small Panel,"Appliance Door Core, Light Insulation",400,300,20,,,2.4,268000,1,1,"Ecofoam Standard, Ecomate Spray EC",40,35.0,"Small Panel for Appliance Door Core, Light Insulation"
MOLD-RECT-00058,Rectangular,Small Panel,"Appliance Door Core, Light Insulation",400,300,25,,,3.0,275000,1,1,"Ecofoam Standard, Ecomate Spray EC",40,36.0,"Small Panel for Appliance Door Core, Light Insulation"
MOLD-RECT-00059,Rectangular,Small Panel,"Refrigerator Panel, Medium Insulation",400,300,30,,,3.6,282000,1,1,"Ecofoam Standard, Ecomate Spray EC",40,37.0,"Small Panel for Refrigerator Panel, Medium Insulation"
MOLD-RECT-00060,Rectangular,Small Panel,"Refrigerator Panel, Medium Insulation",400,300,35,,,4.2,289000,1,1,"Ecofoam Standard, Ecomate Spray EC",40,38.0,"Small Panel for Refrigerator Panel, Medium Insulation"
MOLD-RECT-00061,Rectangular,Small Panel,"Refrigerator Panel, Medium Insulation",400,300,40,,,4.8,296000,1,1,"Ecofoam Standard, Ecomate Spray EC",40,40.0,"Small Panel for Refrigerator Panel, Medium Insulation"
MOLD-RECT-00062,Rectangular,Small Panel,"Refrigerator Panel, Medium Insulation",400,300,45,,,5.4,303000,1,1,"Ecofoam Standard, Ecomate Spray EC",40,41.0,"Small Panel for Refrigerator Panel, Medium Insulation"
MOLD-RECT-00063,Rectangular,Small Panel,"Refrigerator Panel, Medium Insulation",400,300,50,,,6.0,310000,1,1,"Ecofoam Standard, Ecomate Spray EC",40,42.0,"Small Panel for Refrigerator Panel, Medium Insulation"
MOLD-RECT-00064,Rectangular,Small Panel,"Appliance Door Core, Light Insulation",400,400,10,,,1.6,336000,1,1,"Ecofoam Standard, Ecomate Spray EC",40,33.0,"Small Panel for Appliance Door Core, Light Insulation"
MOLD-RECT-00065,Rectangular,Small Panel,"Appliance Door Core, Light Insulation",400,400,15,,,2.4,344000,1,1,"Ecofoam Standard, Ecomate Spray EC",40,35.0,"Small Panel for Appliance Door Core, Light Insulation"
MOLD-RECT-00066,Rectangular,Small Panel,"Appliance Door Core, Light Insulation",400,400,20,,,3.2,352000,1,1,"Ecofoam Standard, Ecomate Spray EC",40,36.0,"Small Panel for Appliance Door Core, Light Insulation"
MOLD-RECT-00067,Rectangular,Small Panel,"Appliance Door Core, Light Insulation",400,400,25,,,4.0,360000,1,1,"Ecofoam Standard, Ecomate Spray EC",40,38.0,"Small Panel for Appliance Door Core, Light Insulation"
MOLD-RECT-00068,Rectangular,Small Panel,"Refrigerator Panel, Medium Insulation",400,400,30,,,4.8,368000,1,1,"Ecofoam Standard, Ecomate Spray EC",40,40.0,"Small Panel for Refrigerator Panel, Medium Insulation"
MOLD-RECT-00069,Rectangular,Small Panel,"Refrigerator Panel, Medium Insulation",400,400,35,,,5.6,376000,1,1,"Ecofoam Standard, Ecomate Spray EC",40,41.0,"Small Panel for Refrigerator Panel, Medium Insulation"
MOLD-RECT-00070,Rectangular,Small Panel,"Refrigerator Panel, Medium Insulation",400,400,40,,,6.4,384000,1,1,"Ecofoam Standard, Ecomate Spray EC",40,43.0,"Small Panel for Refrigerator Panel, Medium Insulation"
MOLD-RECT-00071,Rectangular,Small Panel,"Refrigerator Panel, Medium Insulation",400,400,45,,,7.2,392000,1,1,"Ecofoam Standard, Ecomate Spray EC",40,44.0,"Small Panel for Refrigerator Panel, Medium Insulation"
MOLD-RECT-00072,Rectangular,Small Panel,"Refrigerator Panel, Medium Insulation",400,400,50,,,8.0,400000,1,1,"Ecofoam Standard, Ecomate Spray EC",40,46.0,"Small Panel for Refrigerator Panel, Medium Insulation"
MOLD-RECT-00073,Rectangular,Small Panel,"Appliance Door Core, Light Insulation",400,500,10,,,2.0,418000,1,1,"Ecofoam Standard, Ecomate Spray EC",40,34.0,"Small Panel for Appliance Door Core, Light Insulation"
MOLD-RECT-00074,Rectangular,Small Panel,"Appliance Door Core, Light Insulation",400,500,15,,,3.0,427000,1,1,"Ecofoam Standard, Ecomate Spray EC",40,36.0,"Small Panel for Appliance Door Core, Light Insulation"
MOLD-RECT-00075,Rectangular,Small Panel,"Appliance Door Core, Light Insulation",400,500,20,,,4.0,436000,1,1,"Ecofoam Standard, Ecomate Spray EC",40,38.0,"Small Panel for Appliance Door Core, Light Insulation"
MOLD-RECT-00076,Rectangular,Small Panel,"Appliance Door Core, Light Insulation",400,500,25,,,5.0,445000,1,1,"Ecofoam Standard, Ecomate Spray EC",40,40.0,"Small Panel for Appliance Door Core, Light Insulation"
MOLD-RECT-00077,Rectangular,Small Panel,"Refrigerator Panel, Medium Insulation",400,500,30,,,6.0,454000,1,1,"Ecofoam Standard, Ecomate Spray EC",40,42.0,"Small Panel for Refrigerator Panel, Medium Insulation"
MOLD-RECT-00078,Rectangular,Small Panel,"Refrigerator Panel, Medium Insulation",400,500,35,,,7.0,463000,1,1,"Ecofoam Standard, Ecomate Spray EC",40,44.0,"Small Panel for Refrigerator Panel, Medium Insulation"
MOLD-RECT-00079,Rectangular,Small Panel,"Refrigerator Panel, Medium Insulation",400,500,40,,,8.0,472000,1,1,"Ecofoam Standard, Ecomate Spray EC",40,46.0,"Small Panel for Refrigerator Panel, Medium Insulation"
MOLD-RECT-00080,Rectangular,Small Panel,"Refrigerator Panel, Medium Insulation",400,500,45,,,9.0,481000,1,1,"Ecofoam Standard, Ecomate Spray EC",40,48.0,"Small Panel for Refrigerator Panel, Medium Insulation"
MOLD-RECT-00081,Rectangular,Small Panel,"Refrigerator Panel, Medium Insulation",400,500,50,,,10.0,490000,1,2,"Ecofoam Standard, Ecomate Spray EC",40,50.0,"Small Panel for Refrigerator Panel, Medium Insulation"
MOLD-RECT-00082,Rectangular,Small Panel,"Appliance Door Core, Light Insulation",400,600,10,,,2.4,500000,1,1,"Ecofoam Standard, Ecomate Spray EC",40,35.0,"Small Panel for Appliance Door Core, Light Insulation"
MOLD-RECT-00083,Rectangular,Small Panel,"Appliance Door Core, Light Insulation",400,600,15,,,3.6,510000,1,1,"Ecofoam Standard, Ecomate Spray EC",40,37.0,"Small Panel for Appliance Door Core, Light Insulation"
MOLD-RECT-00084,Rectangular,Small Panel,"Appliance Door Core, Light Insulation",400,600,20,,,4.8,520000,1,1,"Ecofoam Standard, Ecomate Spray EC",40,40.0,"Small Panel for Appliance Door Core, Light Insulation"
MOLD-RECT-00085,Rectangular,Small Panel,"Appliance Door Core, Light Insulation",400,600,25,,,6.0,530000,1,1,"Ecofoam Standard, Ecomate Spray EC",40,42.0,"Small Panel for Appliance Door Core, Light Insulation"
MOLD-RECT-00086,Rectangular,Small Panel,"Refrigerator Panel, Medium Insulation",400,600,30,,,7.2,540000,1,1,"Ecofoam Standard, Ecomate Spray EC",40,44.0,"Small Panel for Refrigerator Panel, Medium Insulation"
MOLD-RECT-00087,Rectangular,Small Panel,"Refrigerator Panel, Medium Insulation",400,600,35,,,8.4,550000,1,1,"Ecofoam Standard, Ecomate Spray EC",40,47.0,"Small Panel for Refrigerator Panel, Medium Insulation"
MOLD-RECT-00088,Rectangular,Small Panel,"Refrigerator Panel, Medium Insulation",400,600,40,,,9.6,560000,1,1,"Ecofoam Standard, Ecomate Spray EC",40,49.0,"Small Panel for Refrigerator Panel, Medium Insulation"
MOLD-RECT-00089,Rectangular,Small Panel,"Refrigerator Panel, Medium Insulation",400,600,45,,,10.8,570000,1,2,"Ecofoam Standard, Ecomate Spray EC",40,52.0,"Small Panel for Refrigerator Panel, Medium Insulation"
MOLD-RECT-00090,Rectangular,Small Panel,"Refrigerator Panel, Medium Insulation",400,600,50,,,12.0,580000,1,2,"Ecofoam Standard, Ecomate Spray EC",40,54.0,"Small Panel for Refrigerator Panel, Medium Insulation"
MOLD-RECT-00091,Rectangular,Small Panel,"Appliance Door Core, Light Insulation",500,200,10,,,1.0,214000,1,1,"Ecofoam Standard, Ecomate Spray EC",40,32.0,"Small Panel for Appliance Door Core, Light Insulation"
MOLD-RECT-00092,Rectangular,Small Panel,"Appliance Door Core, Light Insulation",500,200,15,,,1.5,221000,1,1,"Ecofoam Standard, Ecomate Spray EC",40,33.0,"Small Panel for Appliance Door Core, Light Insulation"
MOLD-RECT-00093,Rectangular,Small Panel,"Appliance Door Core, Light Insulation",500,200,20,,,2.0,228000,1,1,"Ecofoam Standard, Ecomate Spray EC",40,34.0,"Small Panel for Appliance Door Core, Light Insulation"
MOLD-RECT-00094,Rectangular,Small Panel,"Appliance Door Core, Light Insulation",500,200,25,,,2.5,235000,1,1,"Ecofoam Standard, Ecomate Spray EC",40,35.0,"Small Panel for Appliance Door Core, Light Insulation"
MOLD-RECT-00095,Rectangular,Small Panel,"Refrigerator Panel, Medium Insulation",500,200,30,,,3.0,242000,1,1,"Ecofoam Standard, Ecomate Spray EC",40,36.0,"Small Panel for Refrigerator Panel, Medium Insulation"
MOLD-RECT-00096,Rectangular,Small Panel,"Refrigerator Panel, Medium Insulation",500,200,35,,,3.5,249000,1,1,"Ecofoam Standard, Ecomate Spray EC",40,37.0,"Small Panel for Refrigerator Panel, Medium Insulation"
MOLD-RECT-00097,Rectangular,Small Panel,"Refrigerator Panel, Medium Insulation",500,200,40,,,4.0,256000,1,1,"Ecofoam Standard, Ecomate Spray EC",40,38.0,"Small Panel for Refrigerator Panel, Medium Insulation"
MOLD-RECT-00098,Rectangular,Small Panel,"Refrigerator Panel, Medium Insulation",500,200,45,,,4.5,263000,1,1,"Ecofoam Standard, Ecomate Spray EC",40,39.0,"Small Panel for Refrigerator Panel, Medium Insulation"
MOLD-RECT-00099,Rectangular,Small Panel,"Refrigerator Panel, Medium Insulation",500,200,50,,,5.0,270000,1,1,"Ecofoam Standard, Ecomate Spray EC",40,40.0,"Small Panel for Refrigerator Panel, Medium Insulation"
MOLD-RECT-00100,Rectangular,Small Panel,"Appliance Door Core, Light Insulation",500,300,10,,,1.5,316000,1,1,"Ecofoam Standard, Ecomate Spray EC",40,33.0,"Small Panel for Appliance Door Core, Light Insulation"
MOLD-RECT-00101,Rectangular,Small Panel,"Appliance Door Core, Light Insulation",500,300,15,,,2.25,324000,1,1,"Ecofoam Standard, Ecomate Spray EC",40,34.0,"Small Panel for Appliance Door Core, Light Insulation"
MOLD-RECT-00102,Rectangular,Small Panel,"Appliance Door Core, Light Insulation",500,300,20,,,3.0,332000,1,1,"Ecofoam Standard, Ecomate Spray EC",40,36.0,"Small Panel for Appliance Door Core, Light Insulation"
MOLD-RECT-00103,Rectangular,Small Panel,"Appliance Door Core, Light Insulation",500,300,25,,,3.75,340000,1,1,"Ecofoam Standard, Ecomate Spray EC",40,38.0,"Small Panel for Appliance Door Core, Light Insulation"
MOLD-RECT-00104,Rectangular,Small Panel,"Refrigerator Panel, Medium Insulation",500,300,30,,,4.5,348000,1,1,"Ecofoam Standard, Ecomate Spray EC",40,39.0,"Small Panel for Refrigerator Panel, Medium Insulation"
MOLD-RECT-00105,Rectangular,Small Panel,"Refrigerator Panel, Medium Insulation",500,300,35,,,5.25,356000,1,1,"Ecofoam Standard, Ecomate Spray EC",40,40.0,"Small Panel for Refrigerator Panel, Medium Insulation"
MOLD-RECT-00106,Rectangular,Small Panel,"Refrigerator Panel, Medium Insulation",500,300,40,,,6.0,364000,1,1,"Ecofoam Standard, Ecomate Spray EC",40,42.0,"Small Panel for Refrigerator Panel, Medium Insulation"
MOLD-RECT-00107,Rectangular,Small Panel,"Refrigerator Panel, Medium Insulation",500,300,45,,,6.75,372000,1,1,"Ecofoam Standard, Ecomate Spray EC",40,44.0,"Small Panel for Refrigerator Panel, Medium Insulation"
MOLD-RECT-00108,Rectangular,Small Panel,"Refrigerator Panel, Medium Insulation",500,300,50,,,7.5,380000,1,1,"Ecofoam Standard, Ecomate Spray EC",40,45.0,"Small Panel for Refrigerator Panel, Medium Insulation"
MOLD-RECT-00109,Rectangular,Small Panel,"Appliance Door Core, Light Insulation",500,400,10,,,2.0,418000,1,1,"Ecofoam Standard, Ecomate Spray EC",40,34.0,"Small Panel for Appliance Door Core, Light Insulation"
MOLD-RECT-00110,Rectangular,Small Panel,"Appliance Door Core, Light Insulation",500,400,15,,,3.0,427000,1,1,"Ecofoam Standard, Ecomate Spray EC",40,36.0,"Small Panel for Appliance Door Core, Light Insulation"
MOLD-RECT-00111,Rectangular,Small Panel,"Appliance Door Core, Light Insulation",500,400,20,,,4.0,436000,1,1,"Ecofoam Standard, Ecomate Spray EC",40,38.0,"Small Panel for Appliance Door Core, Light Insulation"
MOLD-RECT-00112,Rectangular,Small Panel,"Appliance Door Core, Light Insulation",500,400,25,,,5.0,445000,1,1,"Ecofoam Standard, Ecomate Spray EC",40,40.0,"Small Panel for Appliance Door Core, Light Insulation"
MOLD-RECT-00113,Rectangular,Small Panel,"Refrigerator Panel, Medium Insulation",500,400,30,,,6.0,454000,1,1,"Ecofoam Standard, Ecomate Spray EC",40,42.0,"Small Panel for Refrigerator Panel, Medium Insulation"
MOLD-RECT-00114,Rectangular,Small Panel,"Refrigerator Panel, Medium Insulation",500,400,35,,,7.0,463000,1,1,"Ecofoam Standard, Ecomate Spray EC",40,44.0,"Small Panel for Refrigerator Panel, Medium Insulation"
MOLD-RECT-00115,Rectangular,Small Panel,"Refrigerator Panel, Medium Insulation",500,400,40,,,8.0,472000,1,1,"Ecofoam Standard, Ecomate Spray EC",40,46.0,"Small Panel for Refrigerator Panel, Medium Insulation"
MOLD-RECT-00116,Rectangular,Small Panel,"Refrigerator Panel, Medium Insulation",500,400,45,,,9.0,481000,1,1,"Ecofoam Standard, Ecomate Spray EC",40,48.0,"Small Panel for Refrigerator Panel, Medium Insulation"
MOLD-RECT-00117,Rectangular,Small Panel,"Refrigerator Panel, Medium Insulation",500,400,50,,,10.0,490000,1,2,"Ecofoam Standard, Ecomate Spray EC",40,50.0,"Small Panel for Refrigerator Panel, Medium Insulation"
MOLD-RECT-00118,Rectangular,Small Panel,"Appliance Door Core, Light Insulation",500,500,10,,,2.5,520000,1,1,"Ecofoam Standard, Ecomate Spray EC",40,35.0,"Small Panel for Appliance Door Core, Light Insulation"
MOLD-RECT-00119,Rectangular,Small Panel,"Appliance Door Core, Light Insulation",500,500,15,,,3.75,530000,1,1,"Ecofoam Standard, Ecomate Spray EC",40,38.0,"Small Panel for Appliance Door Core, Light Insulation"
MOLD-RECT-00120,Rectangular,Small Panel,"Appliance Door Core, Light Insulation",500,500,20,,,5.0,540000,1,1,"Ecofoam Standard, Ecomate Spray EC",40,40.0,"Small Panel for Appliance Door Core, Light Insulation"
MOLD-RECT-00121,Rectangular,Small Panel,"Appliance Door Core, Light Insulation",500,500,25,,,6.25,550000,1,1,"Ecofoam Standard, Ecomate Spray EC",40,42.0,"Small Panel for Appliance Door Core, Light Insulation"
MOLD-RECT-00122,Rectangular,Small Panel,"Refrigerator Panel, Medium Insulation",500,500,30,,,7.5,560000,1,1,"Ecofoam Standard, Ecomate Spray EC",40,45.0,"Small Panel for Refrigerator Panel, Medium Insulation"
MOLD-RECT-00123,Rectangular,Small Panel,"Refrigerator Panel, Medium Insulation",500,500,35,,,8.75,570000,1,1,"Ecofoam Standard, Ecomate Spray EC",40,48.0,"Small Panel for Refrigerator Panel, Medium Insulation"
MOLD-RECT-00124,Rectangular,Small Panel,"Refrigerator Panel, Medium Insulation",500,500,40,,,10.0,580000,1,2,"Ecofoam Standard, Ecomate Spray EC",40,50.0,"Small Panel for Refrigerator Panel, Medium Insulation"
MOLD-RECT-00125,Rectangular,Small Panel,"Refrigerator Panel, Medium Insulation",500,500,45,,,11.25,590000,1,2,"Ecofoam Standard, Ecomate Spray EC",40,52.0,"Small Panel for Refrigerator Panel, Medium Insulation"
MOLD-RECT-00126,Rectangular,Small Panel,"Refrigerator Panel, Medium Insulation",500,500,50,,,12.5,600000,1,2,"Ecofoam Standard, Ecomate Spray EC",40,55.0,"Small Panel for Refrigerator Panel, Medium Insulation"
MOLD-RECT-00127,Rectangular,Small Panel,"Appliance Door Core, Light Insulation",500,600,10,,,3.0,622000,1,1,"Ecofoam Standard, Ecomate Spray EC",40,36.0,"Small Panel for Appliance Door Core, Light Insulation"
MOLD-RECT-00128,Rectangular,Small Panel,"Appliance Door Core, Light Insulation",500,600,15,,,4.5,633000,1,1,"Ecofoam Standard, Ecomate Spray EC",40,39.0,"Small Panel for Appliance Door Core, Light Insulation"
MOLD-RECT-00129,Rectangular,Small Panel,"Appliance Door Core, Light Insulation",500,600,20,,,6.0,644000,1,1,"Ecofoam Standard, Ecomate Spray EC",40,42.0,"Small Panel for Appliance Door Core, Light Insulation"
MOLD-RECT-00130,Rectangular,Small Panel,"Appliance Door Core, Light Insulation",500,600,25,,,7.5,655000,1,1,"Ecofoam Standard, Ecomate Spray EC",40,45.0,"Small Panel for Appliance Door Core, Light Insulation"
MOLD-RECT-00131,Rectangular,Small Panel,"Refrigerator Panel, Medium Insulation",500,600,30,,,9.0,666000,1,1,"Ecofoam Standard, Ecomate Spray EC",40,48.0,"Small Panel for Refrigerator Panel, Medium Insulation"
MOLD-RECT-00132,Rectangular,Small Panel,"Refrigerator Panel, Medium Insulation",500,600,35,,,10.5,677000,1,2,"Ecofoam Standard, Ecomate Spray EC",40,51.0,"Small Panel for Refrigerator Panel, Medium Insulation"
MOLD-RECT-00133,Rectangular,Small Panel,"Refrigerator Panel, Medium Insulation",500,600,40,,,12.0,688000,1,2,"Ecofoam Standard, Ecomate Spray EC",40,54.0,"Small Panel for Refrigerator Panel, Medium Insulation"
MOLD-RECT-00134,Rectangular,Small Panel,"Refrigerator Panel, Medium Insulation",500,600,45,,,13.5,699000,1,2,"Ecofoam Standard, Ecomate Spray EC",40,57.0,"Small Panel for Refrigerator Panel, Medium Insulation"
MOLD-RECT-00135,Rectangular,Small Panel,"Refrigerator Panel, Medium Insulation",500,600,50,,,15.0,710000,1,2,"Ecofoam Standard, Ecomate Spray EC",40,60.0,"Small Panel for Refrigerator Panel, Medium Insulation"
MOLD-RECT-00136,Rectangular,Small Panel,"Appliance Door Core, Light Insulation",600,200,10,,,1.2,256000,1,1,"Ecofoam Standard, Ecomate Spray EC",40,32.0,"Small Panel for Appliance Door Core, Light Insulation"
MOLD-RECT-00137,Rectangular,Small Panel,"Appliance Door Core, Light Insulation",600,200,15,,,1.8,264000,1,1,"Ecofoam Standard, Ecomate Spray EC",40,34.0,"Small Panel for Appliance Door Core, Light Insulation"
MOLD-RECT-00138,Rectangular,Small Panel,"Appliance Door Core, Light Insulation",600,200,20,,,2.4,272000,1,1,"Ecofoam Standard, Ecomate Spray EC",40,35.0,"Small Panel for Appliance Door Core, Light Insulation"
MOLD-RECT-00139,Rectangular,Small Panel,"Appliance Door Core, Light Insulation",600,200,25,,,3.0,280000,1,1,"Ecofoam Standard, Ecomate Spray EC",40,36.0,"Small Panel for Appliance Door Core, Light Insulation"
MOLD-RECT-00140,Rectangular,Small Panel,"Refrigerator Panel, Medium Insulation",600,200,30,,,3.6,288000,1,1,"Ecofoam Standard, Ecomate Spray EC",40,37.0,"Small Panel for Refrigerator Panel, Medium Insulation"
MOLD-RECT-00141,Rectangular,Small Panel,"Refrigerator Panel, Medium Insulation",600,200,35,,,4.2,296000,1,1,"Ecofoam Standard, Ecomate Spray EC",40,38.0,"Small Panel for Refrigerator Panel, Medium Insulation"
MOLD-RECT-00142,Rectangular,Small Panel,"Refrigerator Panel, Medium Insulation",600,200,40,,,4.8,304000,1,1,"Ecofoam Standard, Ecomate Spray EC",40,40.0,"Small Panel for Refrigerator Panel, Medium Insulation"
MOLD-RECT-00143,Rectangular,Small Panel,"Refrigerator Panel, Medium Insulation",600,200,45,,,5.4,312000,1,1,"Ecofoam Standard, Ecomate Spray EC",40,41.0,"Small Panel for Refrigerator Panel, Medium Insulation"
MOLD-RECT-00144,Rectangular,Small Panel,"Refrigerator Panel, Medium Insulation",600,200,50,,,6.0,320000,1,1,"Ecofoam Standard, Ecomate Spray EC",40,42.0,"Small Panel for Refrigerator Panel, Medium Insulation"
MOLD-RECT-00145,Rectangular,Small Panel,"Appliance Door Core, Light Insulation",600,300,10,,,1.8,378000,1,1,"Ecofoam Standard, Ecomate Spray EC",40,34.0,"Small Panel for Appliance Door Core, Light Insulation"
MOLD-RECT-00146,Rectangular,Small Panel,"Appliance Door Core, Light Insulation",600,300,15,,,2.7,387000,1,1,"Ecofoam Standard, Ecomate Spray EC",40,35.0,"Small Panel for Appliance Door Core, Light Insulation"
MOLD-RECT-00147,Rectangular,Small Panel,"Appliance Door Core, Light Insulation",600,300,20,,,3.6,396000,1,1,"Ecofoam Standard, Ecomate Spray EC",40,37.0,"Small Panel for Appliance Door Core, Light Insulation"
MOLD-RECT-00148,Rectangular,Small Panel,"Appliance Door Core, Light Insulation",600,300,25,,,4.5,405000,1,1,"Ecofoam Standard, Ecomate Spray EC",40,39.0,"Small Panel for Appliance Door Core, Light Insulation"
MOLD-RECT-00149,Rectangular,Small Panel,"Refrigerator Panel, Medium Insulation",600,300,30,,,5.4,414000,1,1,"Ecofoam Standard, Ecomate Spray EC",40,41.0,"Small Panel for Refrigerator Panel, Medium Insulation"
MOLD-RECT-00150,Rectangular,Small Panel,"Refrigerator Panel, Medium Insulation",600,300,35,,,6.3,423000,1,1,"Ecofoam Standard, Ecomate Spray EC",40,43.0,"Small Panel for Refrigerator Panel, Medium Insulation"
MOLD-RECT-00151,Rectangular,Small Panel,"Refrigerator Panel, Medium Insulation",600,300,40,,,7.2,432000,1,1,"Ecofoam Standard, Ecomate Spray EC",40,44.0,"Small Panel for Refrigerator Panel, Medium Insulation"
MOLD-RECT-00152,Rectangular,Small Panel,"Refrigerator Panel, Medium Insulation",600,300,45,,,8.1,441000,1,1,"Ecofoam Standard, Ecomate Spray EC",40,46.0,"Small Panel for Refrigerator Panel, Medium Insulation"
MOLD-RECT-00153,Rectangular,Small Panel,"Refrigerator Panel, Medium Insulation",600,300,50,,,9.0,450000,1,1,"Ecofoam Standard, Ecomate Spray EC",40,48.0,"Small Panel for Refrigerator Panel, Medium Insulation"
MOLD-RECT-00154,Rectangular,Small Panel,"Appliance Door Core, Light Insulation",600,400,10,,,2.4,500000,1,1,"Ecofoam Standard, Ecomate Spray EC",40,35.0,"Small Panel for Appliance Door Core, Light Insulation"
MOLD-RECT-00155,Rectangular,Small Panel,"Appliance Door Core, Light Insulation",600,400,15,,,3.6,510000,1,1,"Ecofoam Standard, Ecomate Spray EC",40,37.0,"Small Panel for Appliance Door Core, Light Insulation"
MOLD-RECT-00156,Rectangular,Small Panel,"Appliance Door Core, Light Insulation",600,400,20,,,4.8,520000,1,1,"Ecofoam Standard, Ecomate Spray EC",40,40.0,"Small Panel for Appliance Door Core, Light Insulation"
MOLD-RECT-00157,Rectangular,Small Panel,"Appliance Door Core, Light Insulation",600,400,25,,,6.0,530000,1,1,"Ecofoam Standard, Ecomate Spray EC",40,42.0,"Small Panel for Appliance Door Core, Light Insulation"
MOLD-RECT-00158,Rectangular,Small Panel,"Refrigerator Panel, Medium Insulation",600,400,30,,,7.2,540000,1,1,"Ecofoam Standard, Ecomate Spray EC",40,44.0,"Small Panel for Refrigerator Panel, Medium Insulation"
MOLD-RECT-00159,Rectangular,Small Panel,"Refrigerator Panel, Medium Insulation",600,400,35,,,8.4,550000,1,1,"Ecofoam Standard, Ecomate Spray EC",40,47.0,"Small Panel for Refrigerator Panel, Medium Insulation"
MOLD-RECT-00160,Rectangular,Small Panel,"Refrigerator Panel, Medium Insulation",600,400,40,,,9.6,560000,1,1,"Ecofoam Standard, Ecomate Spray EC",40,49.0,"Small Panel for Refrigerator Panel, Medium Insulation"
MOLD-RECT-00161,Rectangular,Small Panel,"Refrigerator Panel, Medium Insulation",600,400,45,,,10.8,570000,1,2,"Ecofoam Standard, Ecomate Spray EC",40,52.0,"Small Panel for Refrigerator Panel, Medium Insulation"
MOLD-RECT-00162,Rectangular,Small Panel,"Refrigerator Panel, Medium Insulation",600,400,50,,,12.0,580000,1,2,"Ecofoam Standard, Ecomate Spray EC",40,54.0,"Small Panel for Refrigerator Panel, Medium Insulation"
MOLD-RECT-00163,Rectangular,Small Panel,"Appliance Door Core, Light Insulation",600,500,10,,,3.0,622000,1,1,"Ecofoam Standard, Ecomate Spray EC",40,36.0,"Small Panel for Appliance Door Core, Light Insulation"
MOLD-RECT-00164,Rectangular,Small Panel,"Appliance Door Core, Light Insulation",600,500,15,,,4.5,633000,1,1,"Ecofoam Standard, Ecomate Spray EC",40,39.0,"Small Panel for Appliance Door Core, Light Insulation"
MOLD-RECT-00165,Rectangular,Small Panel,"Appliance Door Core, Light Insulation",600,500,20,,,6.0,644000,1,1,"Ecofoam Standard, Ecomate Spray EC",40,42.0,"Small Panel for Appliance Door Core, Light Insulation"
MOLD-RECT-00166,Rectangular,Small Panel,"Appliance Door Core, Light Insulation",600,500,25,,,7.5,655000,1,1,"Ecofoam Standard, Ecomate Spray EC",40,45.0,"Small Panel for Appliance Door Core, Light Insulation"
MOLD-RECT-00167,Rectangular,Small Panel,"Refrigerator Panel, Medium Insulation",600,500,30,,,9.0,666000,1,1,"Ecofoam Standard, Ecomate Spray EC",40,48.0,"Small Panel for Refrigerator Panel, Medium Insulation"
MOLD-RECT-00168,Rectangular,Small Panel,"Refrigerator Panel, Medium Insulation",600,500,35,,,10.5,677000,1,2,"Ecofoam Standard, Ecomate Spray EC",40,51.0,"Small Panel for Refrigerator Panel, Medium Insulation"
MOLD-RECT-00169,Rectangular,Small Panel,"Refrigerator Panel, Medium Insulation",600,500,40,,,12.0,688000,1,2,"Ecofoam Standard, Ecomate Spray EC",40,54.0,"Small Panel for Refrigerator Panel, Medium Insulation"
MOLD-RECT-00170,Rectangular,Small Panel,"Refrigerator Panel, Medium Insulation",600,500,45,,,13.5,699000,1,2,"Ecofoam Standard, Ecomate Spray EC",40,57.0,"Small Panel for Refrigerator Panel, Medium Insulation"
MOLD-RECT-00171,Rectangular,Small Panel,"Refrigerator Panel, Medium Insulation",600,500,50,,,15.0,710000,1,2,"Ecofoam Standard, Ecomate Spray EC",40,60.0,"Small Panel for Refrigerator Panel, Medium Insulation"
MOLD-RECT-00172,Rectangular,Small Panel,"Appliance Door Core, Light Insulation",600,600,10,,,3.6,744000,1,1,"Ecofoam Standard, Ecomate Spray EC",40,37.0,"Small Panel for Appliance Door Core, Light Insulation"
MOLD-RECT-00173,Rectangular,Small Panel,"Appliance Door Core, Light Insulation",600,600,15,,,5.4,756000,1,1,"Ecofoam Standard, Ecomate Spray EC",40,41.0,"Small Panel for Appliance Door Core, Light Insulation"
MOLD-RECT-00174,Rectangular,Small Panel,"Appliance Door Core, Light Insulation",600,600,20,,,7.2,768000,1,1,"Ecofoam Standard, Ecomate Spray EC",40,44.0,"Small Panel for Appliance Door Core, Light Insulation"
MOLD-RECT-00175,Rectangular,Small Panel,"Appliance Door Core, Light Insulation",600,600,25,,,9.0,780000,1,1,"Ecofoam Standard, Ecomate Spray EC",40,48.0,"Small Panel for Appliance Door Core, Light Insulation"
MOLD-RECT-00176,Rectangular,Small Panel,"Refrigerator Panel, Medium Insulation",600,600,30,,,10.8,792000,1,2,"Ecofoam Standard, Ecomate Spray EC",40,52.0,"Small Panel for Refrigerator Panel, Medium Insulation"
MOLD-RECT-00177,Rectangular,Small Panel,"Refrigerator Panel, Medium Insulation",600,600,35,,,12.6,804000,1,2,"Ecofoam Standard, Ecomate Spray EC",40,55.0,"Small Panel for Refrigerator Panel, Medium Insulation"
MOLD-RECT-00178,Rectangular,Small Panel,"Refrigerator Panel, Medium Insulation",600,600,40,,,14.4,816000,1,2,"Ecofoam Standard, Ecomate Spray EC",40,59.0,"Small Panel for Refrigerator Panel, Medium Insulation"
MOLD-RECT-00179,Rectangular,Small Panel,"Refrigerator Panel, Medium Insulation",600,600,45,,,16.2,828000,1,2,"Ecofoam Standard, Ecomate Spray EC",40,62.0,"Small Panel for Refrigerator Panel, Medium Insulation"
MOLD-RECT-00180,Rectangular,Small Panel,"Refrigerator Panel, Medium Insulation",600,600,50,,,18.0,840000,1,2,"Ecofoam Standard, Ecomate Spray EC",40,66.0,"Small Panel for Refrigerator Panel, Medium Insulation"
MOLD-RECT-00181,Rectangular,Small Panel,"Appliance Door Core, Light Insulation",700,200,10,,,1.4,298000,1,1,"Ecofoam Standard, Ecomate Spray EC",40,33.0,"Small Panel for Appliance Door Core, Light Insulation"
MOLD-RECT-00182,Rectangular,Small Panel,"Appliance Door Core, Light Insulation",700,200,15,,,2.1,307000,1,1,"Ecofoam Standard, Ecomate Spray EC",40,34.0,"Small Panel for Appliance Door Core, Light Insulation"
MOLD-RECT-00183,Rectangular,Small Panel,"Appliance Door Core, Light Insulation",700,200,20,,,2.8,316000,1,1,"Ecofoam Standard, Ecomate Spray EC",40,36.0,"Small Panel for Appliance Door Core, Light Insulation"
MOLD-RECT-00184,Rectangular,Small Panel,"Appliance Door Core, Light Insulation",700,200,25,,,3.5,325000,1,1,"Ecofoam Standard, Ecomate Spray EC",40,37.0,"Small Panel for Appliance Door Core, Light Insulation"
MOLD-RECT-00185,Rectangular,Small Panel,"Refrigerator Panel, Medium Insulation",700,200,30,,,4.2,334000,1,1,"Ecofoam Standard, Ecomate Spray EC",40,38.0,"Small Panel for Refrigerator Panel, Medium Insulation"
MOLD-RECT-00186,Rectangular,Small Panel,"Refrigerator Panel, Medium Insulation",700,200,35,,,4.9,343000,1,1,"Ecofoam Standard, Ecomate Spray EC",40,40.0,"Small Panel for Refrigerator Panel, Medium Insulation"
MOLD-RECT-00187,Rectangular,Small Panel,"Refrigerator Panel, Medium Insulation",700,200,40,,,5.6,352000,1,1,"Ecofoam Standard, Ecomate Spray EC",40,41.0,"Small Panel for Refrigerator Panel, Medium Insulation"
MOLD-RECT-00188,Rectangular,Small Panel,"Refrigerator Panel, Medium Insulation",700,200,45,,,6.3,361000,1,1,"Ecofoam Standard, Ecomate Spray EC",40,43.0,"Small Panel for Refrigerator Panel, Medium Insulation"
MOLD-RECT-00189,Rectangular,Small Panel,"Refrigerator Panel, Medium Insulation",700,200,50,,,7.0,370000,1,1,"Ecofoam Standard, Ecomate Spray EC",40,44.0,"Small Panel for Refrigerator Panel, Medium Insulation"
MOLD-RECT-00190,Rectangular,Small Panel,"Appliance Door Core, Light Insulation",700,300,10,,,2.1,440000,1,1,"Ecofoam Standard, Ecomate Spray EC",40,34.0,"Small Panel for Appliance Door Core, Light Insulation"
MOLD-RECT-00191,Rectangular,Small Panel,"Appliance Door Core, Light Insulation",700,300,15,,,3.15,450000,1,1,"Ecofoam Standard, Ecomate Spray EC",40,36.0,"Small Panel for Appliance Door Core, Light Insulation"
MOLD-RECT-00192,Rectangular,Small Panel,"Appliance Door Core, Light Insulation",700,300,20,,,4.2,460000,1,1,"Ecofoam Standard, Ecomate Spray EC",40,38.0,"Small Panel for Appliance Door Core, Light Insulation"
MOLD-RECT-00193,Rectangular,Small Panel,"Appliance Door Core, Light Insulation",700,300,25,,,5.25,470000,1,1,"Ecofoam Standard, Ecomate Spray EC",40,40.0,"Small Panel for Appliance Door Core, Light Insulation"
MOLD-RECT-00194,Rectangular,Small Panel,"Refrigerator Panel, Medium Insulation",700,300,30,,,6.3,480000,1,1,"Ecofoam Standard, Ecomate Spray EC",40,43.0,"Small Panel for Refrigerator Panel, Medium Insulation"
MOLD-RECT-00195,Rectangular,Small Panel,"Refrigerator Panel, Medium Insulation",700,300,35,,,7.35,490000,1,1,"Ecofoam Standard, Ecomate Spray EC",40,45.0,"Small Panel for Refrigerator Panel, Medium Insulation"
MOLD-RECT-00196,Rectangular,Small Panel,"Refrigerator Panel, Medium Insulation",700,300,40,,,8.4,500000,1,1,"Ecofoam Standard, Ecomate Spray EC",40,47.0,"Small Panel for Refrigerator Panel, Medium Insulation"
MOLD-RECT-00197,Rectangular,Small Panel,"Refrigerator Panel, Medium Insulation",700,300,45,,,9.45,510000,1,1,"Ecofoam Standard, Ecomate Spray EC",40,49.0,"Small Panel for Refrigerator Panel, Medium Insulation"
MOLD-RECT-00198,Rectangular,Small Panel,"Refrigerator Panel, Medium Insulation",700,300,50,,,10.5,520000,1,2,"Ecofoam Standard, Ecomate Spray EC",40,51.0,"Small Panel for Refrigerator Panel, Medium Insulation"
MOLD-RECT-00199,Rectangular,Small Panel,"Appliance Door Core, Light Insulation",700,400,10,,,2.8,582000,1,1,"Ecofoam Standard, Ecomate Spray EC",40,36.0,"Small Panel for Appliance Door Core, Light Insulation"
MOLD-RECT-00200,Rectangular,Small Panel,"Appliance Door Core, Light Insulation",700,400,15,,,4.2,593000,1,1,"Ecofoam Standard, Ecomate Spray EC",40,38.0,"Small Panel for Appliance Door Core, Light Insulation"
MOLD-RECT-00201,Rectangular,Small Panel,"Appliance Door Core, Light Insulation",700,400,20,,,5.6,604000,1,1,"Ecofoam Standard, Ecomate Spray EC",40,41.0,"Small Panel for Appliance Door Core, Light Insulation"
MOLD-RECT-00202,Rectangular,Small Panel,"Appliance Door Core, Light Insulation",700,400,25,,,7.0,615000,1,1,"Ecofoam Standard, Ecomate Spray EC",40,44.0,"Small Panel for Appliance Door Core, Light Insulation"
MOLD-RECT-00203,Rectangular,Small Panel,"Refrigerator Panel, Medium Insulation",700,400,30,,,8.4,626000,1,1,"Ecofoam Standard, Ecomate Spray EC",40,47.0,"Small Panel for Refrigerator Panel, Medium Insulation"
MOLD-RECT-00204,Rectangular,Small Panel,"Refrigerator Panel, Medium Insulation",700,400,35,,,9.8,637000,1,1,"Ecofoam Standard, Ecomate Spray EC",40,50.0,"Small Panel for Refrigerator Panel, Medium Insulation"
MOLD-RECT-00205,Rectangular,Small Panel,"Refrigerator Panel, Medium Insulation",700,400,40,,,11.2,648000,1,2,"Ecofoam Standard, Ecomate Spray EC",40,52.0,"Small Panel for Refrigerator Panel, Medium Insulation"
MOLD-RECT-00206,Rectangular,Small Panel,"Refrigerator Panel, Medium Insulation",700,400,45,,,12.6,659000,1,2,"Ecofoam Standard, Ecomate Spray EC",40,55.0,"Small Panel for Refrigerator Panel, Medium Insulation"
MOLD-RECT-00207,Rectangular,Small Panel,"Refrigerator Panel, Medium Insulation",700,400,50,,,14.0,670000,1,2,"Ecofoam Standard, Ecomate Spray EC",40,58.0,"Small Panel for Refrigerator Panel, Medium Insulation"
MOLD-RECT-00208,Rectangular,Small Panel,"Appliance Door Core, Light Insulation",700,500,10,,,3.5,724000,1,1,"Ecofoam Standard, Ecomate Spray EC",40,37.0,"Small Panel for Appliance Door Core, Light Insulation"
MOLD-RECT-00209,Rectangular,Small Panel,"Appliance Door Core, Light Insulation",700,500,15,,,5.25,736000,1,1,"Ecofoam Standard, Ecomate Spray EC",40,40.0,"Small Panel for Appliance Door Core, Light Insulation"
MOLD-RECT-00210,Rectangular,Small Panel,"Appliance Door Core, Light Insulation",700,500,20,,,7.0,748000,1,1,"Ecofoam Standard, Ecomate Spray EC",40,44.0,"Small Panel for Appliance Door Core, Light Insulation"
MOLD-RECT-00211,Rectangular,Small Panel,"Appliance Door Core, Light Insulation",700,500,25,,,8.75,760000,1,1,"Ecofoam Standard, Ecomate Spray EC",40,48.0,"Small Panel for Appliance Door Core, Light Insulation"
MOLD-RECT-00212,Rectangular,Small Panel,"Refrigerator Panel, Medium Insulation",700,500,30,,,10.5,772000,1,2,"Ecofoam Standard, Ecomate Spray EC",40,51.0,"Small Panel for Refrigerator Panel, Medium Insulation"
MOLD-RECT-00213,Rectangular,Small Panel,"Refrigerator Panel, Medium Insulation",700,500,35,,,12.25,784000,1,2,"Ecofoam Standard, Ecomate Spray EC",40,54.0,"Small Panel for Refrigerator Panel, Medium Insulation"
MOLD-RECT-00214,Rectangular,Small Panel,"Refrigerator Panel, Medium Insulation",700,500,40,,,14.0,796000,1,2,"Ecofoam Standard, Ecomate Spray EC",40,58.0,"Small Panel for Refrigerator Panel, Medium Insulation"
MOLD-RECT-00215,Rectangular,Small Panel,"Refrigerator Panel, Medium Insulation",700,500,45,,,15.75,808000,1,2,"Ecofoam Standard, Ecomate Spray EC",40,62.0,"Small Panel for Refrigerator Panel, Medium Insulation"
MOLD-RECT-00216,Rectangular,Small Panel,"Refrigerator Panel, Medium Insulation",700,500,50,,,17.5,820000,1,2,"Ecofoam Standard, Ecomate Spray EC",40,65.0,"Small Panel for Refrigerator Panel, Medium Insulation"
MOLD-RECT-00217,Rectangular,Small Panel,"Appliance Door Core, Light Insulation",700,600,10,,,4.2,866000,1,1,"Ecofoam Standard, Ecomate Spray EC",40,38.0,"Small Panel for Appliance Door Core, Light Insulation"
MOLD-RECT-00218,Rectangular,Small Panel,"Appliance Door Core, Light Insulation",700,600,15,,,6.3,879000,1,1,"Ecofoam Standard, Ecomate Spray EC",40,43.0,"Small Panel for Appliance Door Core, Light Insulation"
MOLD-RECT-00219,Rectangular,Small Panel,"Appliance Door Core, Light Insulation",700,600,20,,,8.4,892000,1,1,"Ecofoam Standard, Ecomate Spray EC",40,47.0,"Small Panel for Appliance Door Core, Light Insulation"
MOLD-RECT-00220,Rectangular,Small Panel,"Appliance Door Core, Light Insulation",700,600,25,,,10.5,905000,1,2,"Ecofoam Standard, Ecomate Spray EC",40,51.0,"Small Panel for Appliance Door Core, Light Insulation"
MOLD-RECT-00221,Rectangular,Small Panel,"Refrigerator Panel, Medium Insulation",700,600,30,,,12.6,918000,1,2,"Ecofoam Standard, Ecomate Spray EC",40,55.0,"Small Panel for Refrigerator Panel, Medium Insulation"
MOLD-RECT-00222,Rectangular,Small Panel,"Refrigerator Panel, Medium Insulation",700,600,35,,,14.7,931000,1,2,"Ecofoam Standard, Ecomate Spray EC",40,59.0,"Small Panel for Refrigerator Panel, Medium Insulation"
MOLD-RECT-00223,Rectangular,Small Panel,"Refrigerator Panel, Medium Insulation",700,600,40,,,16.8,944000,1,2,"Ecofoam Standard, Ecomate Spray EC",40,64.0,"Small Panel for Refrigerator Panel, Medium Insulation"
MOLD-RECT-00224,Rectangular,Small Panel,"Refrigerator Panel, Medium Insulation",700,600,45,,,18.9,957000,1,2,"Ecofoam Standard, Ecomate Spray EC",40,68.0,"Small Panel for Refrigerator Panel, Medium Insulation"
MOLD-RECT-00225,Rectangular,Small Panel,"Refrigerator Panel, Medium Insulation",700,600,50,,,21.0,970000,1,2,"Ecofoam Standard, Ecomate Spray EC",40,72.0,"Small Panel for Refrigerator Panel, Medium Insulation"
MOLD-RECT-00226,Rectangular,Small Panel,"Appliance Door Core, Light Insulation",800,200,10,,,1.6,340000,1,1,"Ecofoam Standard, Ecomate Spray EC",40,33.0,"Small Panel for Appliance Door Core, Light Insulation"
MOLD-RECT-00227,Rectangular,Small Panel,"Appliance Door Core, Light Insulation",800,200,15,,,2.4,350000,1,1,"Ecofoam Standard, Ecomate Spray EC",40,35.0,"Small Panel for Appliance Door Core, Light Insulation"
MOLD-RECT-00228,Rectangular,Small Panel,"Appliance Door Core, Light Insulation",800,200,20,,,3.2,360000,1,1,"Ecofoam Standard, Ecomate Spray EC",40,36.0,"Small Panel for Appliance Door Core, Light Insulation"
MOLD-RECT-00229,Rectangular,Small Panel,"Appliance Door Core, Light Insulation",800,200,25,,,4.0,370000,1,1,"Ecofoam Standard, Ecomate Spray EC",40,38.0,"Small Panel for Appliance Door Core, Light Insulation"
MOLD-RECT-00230,Rectangular,Small Panel,"Refrigerator Panel, Medium Insulation",800,200,30,,,4.8,380000,1,1,"Ecofoam Standard, Ecomate Spray EC",40,40.0,"Small Panel for Refrigerator Panel, Medium Insulation"
MOLD-RECT-00231,Rectangular,Small Panel,"Refrigerator Panel, Medium Insulation",800,200,35,,,5.6,390000,1,1,"Ecofoam Standard, Ecomate Spray EC",40,41.0,"Small Panel for Refrigerator Panel, Medium Insulation"
MOLD-RECT-00232,Rectangular,Small Panel,"Refrigerator Panel, Medium Insulation",800,200,40,,,6.4,400000,1,1,"Ecofoam Standard, Ecomate Spray EC",40,43.0,"Small Panel for Refrigerator Panel, Medium Insulation"
MOLD-RECT-00233,Rectangular,Small Panel,"Refrigerator Panel, Medium Insulation",800,200,45,,,7.2,410000,1,1,"Ecofoam Standard, Ecomate Spray EC",40,44.0,"Small Panel for Refrigerator Panel, Medium Insulation"
MOLD-RECT-00234,Rectangular,Small Panel,"Refrigerator Panel, Medium Insulation",800,200,50,,,8.0,420000,1,1,"Ecofoam Standard, Ecomate Spray EC",40,46.0,"Small Panel for Refrigerator Panel, Medium Insulation"
MOLD-RECT-00235,Rectangular,Small Panel,"Appliance Door Core, Light Insulation",800,300,10,,,2.4,502000,1,1,"Ecofoam Standard, Ecomate Spray EC",40,35.0,"Small Panel for Appliance Door Core, Light Insulation"
MOLD-RECT-00236,Rectangular,Small Panel,"Appliance Door Core, Light Insulation",800,300,15,,,3.6,513000,1,1,"Ecofoam Standard, Ecomate Spray EC",40,37.0,"Small Panel for Appliance Door Core, Light Insulation"
MOLD-RECT-00237,Rectangular,Small Panel,"Appliance Door Core, Light Insulation",800,300,20,,,4.8,524000,1,1,"Ecofoam Standard, Ecomate Spray EC",40,40.0,"Small Panel for Appliance Door Core, Light Insulation"
MOLD-RECT-00238,Rectangular,Small Panel,"Appliance Door Core, Light Insulation",800,300,25,,,6.0,535000,1,1,"Ecofoam Standard, Ecomate Spray EC",40,42.0,"Small Panel for Appliance Door Core, Light Insulation"
MOLD-RECT-00239,Rectangular,Small Panel,"Refrigerator Panel, Medium Insulation",800,300,30,,,7.2,546000,1,1,"Ecofoam Standard, Ecomate Spray EC",40,44.0,"Small Panel for Refrigerator Panel, Medium Insulation"
MOLD-RECT-00240,Rectangular,Small Panel,"Refrigerator Panel, Medium Insulation",800,300,35,,,8.4,557000,1,1,"Ecofoam Standard, Ecomate Spray EC",40,47.0,"Small Panel for Refrigerator Panel, Medium Insulation"
MOLD-RECT-00241,Rectangular,Small Panel,"Refrigerator Panel, Medium Insulation",800,300,40,,,9.6,568000,1,1,"Ecofoam Standard, Ecomate Spray EC",40,49.0,"Small Panel for Refrigerator Panel, Medium Insulation"
MOLD-RECT-00242,Rectangular,Small Panel,"Refrigerator Panel, Medium Insulation",800,300,45,,,10.8,579000,1,2,"Ecofoam Standard, Ecomate Spray EC",40,52.0,"Small Panel for Refrigerator Panel, Medium Insulation"
MOLD-RECT-00243,Rectangular,Small Panel,"Refrigerator Panel, Medium Insulation",800,300,50,,,12.0,590000,1,2,"Ecofoam Standard, Ecomate Spray EC",40,54.0,"Small Panel for Refrigerator Panel, Medium Insulation"
MOLD-RECT-00244,Rectangular,Small Panel,"Appliance Door Core, Light Insulation",800,400,10,,,3.2,664000,1,1,"Ecofoam Standard, Ecomate Spray EC",40,36.0,"Small Panel for Appliance Door Core, Light Insulation"
MOLD-RECT-00245,Rectangular,Small Panel,"Appliance Door Core, Light Insulation",800,400,15,,,4.8,676000,1,1,"Ecofoam Standard, Ecomate Spray EC",40,40.0,"Small Panel for Appliance Door Core, Light Insulation"
MOLD-RECT-00246,Rectangular,Small Panel,"Appliance Door Core, Light Insulation",800,400,20,,,6.4,688000,1,1,"Ecofoam Standard, Ecomate Spray EC",40,43.0,"Small Panel for Appliance Door Core, Light Insulation"
MOLD-RECT-00247,Rectangular,Small Panel,"Appliance Door Core, Light Insulation",800,400,25,,,8.0,700000,1,1,"Ecofoam Standard, Ecomate Spray EC",40,46.0,"Small Panel for Appliance Door Core, Light Insulation"
MOLD-RECT-00248,Rectangular,Small Panel,"Refrigerator Panel, Medium Insulation",800,400,30,,,9.6,712000,1,1,"Ecofoam Standard, Ecomate Spray EC",40,49.0,"Small Panel for Refrigerator Panel, Medium Insulation"
MOLD-RECT-00249,Rectangular,Small Panel,"Refrigerator Panel, Medium Insulation",800,400,35,,,11.2,724000,1,2,"Ecofoam Standard, Ecomate Spray EC",40,52.0,"Small Panel for Refrigerator Panel, Medium Insulation"
MOLD-RECT-00250,Rectangular,Small Panel,"Refrigerator Panel, Medium Insulation",800,400,40,,,12.8,736000,1,2,"Ecofoam Standard, Ecomate Spray EC",40,56.0,"Small Panel for Refrigerator Panel, Medium Insulation"
MOLD-RECT-00251,Rectangular,Small Panel,"Refrigerator Panel, Medium Insulation",800,400,45,,,14.4,748000,1,2,"Ecofoam Standard, Ecomate Spray EC",40,59.0,"Small Panel for Refrigerator Panel, Medium Insulation"
MOLD-RECT-00252,Rectangular,Small Panel,"Refrigerator Panel, Medium Insulation",800,400,50,,,16.0,760000,1,2,"Ecofoam Standard, Ecomate Spray EC",40,62.0,"Small Panel for Refrigerator Panel, Medium Insulation"
MOLD-RECT-00253,Rectangular,Small Panel,"Appliance Door Core, Light Insulation",800,500,10,,,4.0,826000,1,1,"Ecofoam Standard, Ecomate Spray EC",40,38.0,"Small Panel for Appliance Door Core, Light Insulation"
MOLD-RECT-00254,Rectangular,Small Panel,"Appliance Door Core, Light Insulation",800,500,15,,,6.0,839000,1,1,"Ecofoam Standard, Ecomate Spray EC",40,42.0,"Small Panel for Appliance Door Core, Light Insulation"
MOLD-RECT-00255,Rectangular,Small Panel,"Appliance Door Core, Light Insulation",800,500,20,,,8.0,852000,1,1,"Ecofoam Standard, Ecomate Spray EC",40,46.0,"Small Panel for Appliance Door Core, Light Insulation"
MOLD-RECT-00256,Rectangular,Small Panel,"Appliance Door Core, Light Insulation",800,500,25,,,10.0,865000,1,2,"Ecofoam Standard, Ecomate Spray EC",40,50.0,"Small Panel for Appliance Door Core, Light Insulation"
MOLD-RECT-00257,Rectangular,Small Panel,"Refrigerator Panel, Medium Insulation",800,500,30,,,12.0,878000,1,2,"Ecofoam Standard, Ecomate Spray EC",40,54.0,"Small Panel for Refrigerator Panel, Medium Insulation"
MOLD-RECT-00258,Rectangular,Small Panel,"Refrigerator Panel, Medium Insulation",800,500,35,,,14.0,891000,1,2,"Ecofoam Standard, Ecomate Spray EC",40,58.0,"Small Panel for Refrigerator Panel, Medium Insulation"
MOLD-RECT-00259,Rectangular,Small Panel,"Refrigerator Panel, Medium Insulation",800,500,40,,,16.0,904000,1,2,"Ecofoam Standard, Ecomate Spray EC",40,62.0,"Small Panel for Refrigerator Panel, Medium Insulation"
MOLD-RECT-00260,Rectangular,Small Panel,"Refrigerator Panel, Medium Insulation",800,500,45,,,18.0,917000,1,2,"Ecofoam Standard, Ecomate Spray EC",40,66.0,"Small Panel for Refrigerator Panel, Medium Insulation"
MOLD-RECT-00261,Rectangular,Small Panel,"Refrigerator Panel, Medium Insulation",800,500,50,,,20.0,930000,1,2,"Ecofoam Standard, Ecomate Spray EC",40,70.0,"Small Panel for Refrigerator Panel, Medium Insulation"
MOLD-RECT-00262,Rectangular,Small Panel,"Appliance Door Core, Light Insulation",800,600,10,,,4.8,988000,1,1,"Ecofoam Standard, Ecomate Spray EC",40,40.0,"Small Panel for Appliance Door Core, Light Insulation"
MOLD-RECT-00263,Rectangular,Small Panel,"Appliance Door Core, Light Insulation",800,600,15,,,7.2,1002000,1,1,"Ecofoam Standard, Ecomate Spray EC",40,44.0,"Small Panel for Appliance Door Core, Light Insulation"
MOLD-RECT-00264,Rectangular,Small Panel,"Appliance Door Core, Light Insulation",800,600,20,,,9.6,1016000,1,1,"Ecofoam Standard, Ecomate Spray EC",40,49.0,"Small Panel for Appliance Door Core, Light Insulation"
MOLD-RECT-00265,Rectangular,Small Panel,"Appliance Door Core, Light Insulation",800,600,25,,,12.0,1030000,1,2,"Ecofoam Standard, Ecomate Spray EC",40,54.0,"Small Panel for Appliance Door Core, Light Insulation"
MOLD-RECT-00266,Rectangular,Small Panel,"Refrigerator Panel, Medium Insulation",800,600,30,,,14.4,1044000,1,2,"Ecofoam Standard, Ecomate Spray EC",40,59.0,"Small Panel for Refrigerator Panel, Medium Insulation"
MOLD-RECT-00267,Rectangular,Small Panel,"Refrigerator Panel, Medium Insulation",800,600,35,,,16.8,1058000,1,2,"Ecofoam Standard, Ecomate Spray EC",40,64.0,"Small Panel for Refrigerator Panel, Medium Insulation"
MOLD-RECT-00268,Rectangular,Small Panel,"Refrigerator Panel, Medium Insulation",800,600,40,,,19.2,1072000,1,2,"Ecofoam Standard, Ecomate Spray EC",40,68.0,"Small Panel for Refrigerator Panel, Medium Insulation"
MOLD-RECT-00269,Rectangular,Small Panel,"Refrigerator Panel, Medium Insulation",800,600,45,,,21.6,1086000,1,2,"Ecofoam Standard, Ecomate Spray EC",40,73.0,"Small Panel for Refrigerator Panel, Medium Insulation"
MOLD-RECT-00270,Rectangular,Small Panel,"Refrigerator Panel, Medium Insulation",800,600,50,,,24.0,1100000,1,2,"Ecofoam Standard, Ecomate Spray EC",40,78.0,"Small Panel for Refrigerator Panel, Medium Insulation"
MOLD-RECT-00271,Rectangular,Medium Panel,"Appliance Door Core, Light Insulation",800,400,20,,,6.4,688000,1,1,"Ecofoam Standard, Ecomate Spray EC",40,43.0,"Medium Panel for Appliance Door Core, Light Insulation"
MOLD-RECT-00272,Rectangular,Medium Panel,"Refrigerator Panel, Medium Insulation",800,400,30,,,9.6,712000,1,1,"Ecofoam Standard, Ecomate Spray EC",40,49.0,"Medium Panel for Refrigerator Panel, Medium Insulation"
MOLD-RECT-00273,Rectangular,Medium Panel,"Refrigerator Panel, Medium Insulation",800,400,40,,,12.8,736000,1,2,"Ecofoam Standard, Ecomate Spray EC",40,56.0,"Medium Panel for Refrigerator Panel, Medium Insulation"
MOLD-RECT-00274,Rectangular,Medium Panel,"Refrigerator Panel, Medium Insulation",800,400,50,,,16.0,760000,1,2,"Ecofoam Standard, Ecomate Spray EC",40,62.0,"Medium Panel for Refrigerator Panel, Medium Insulation"
MOLD-RECT-00275,Rectangular,Medium Panel,"Sandwich Panel, Structural Insulation",800,400,60,,,19.2,784000,1,2,"Ecofoam Standard, Ecomate Spray EC",40,68.0,"Medium Panel for Sandwich Panel, Structural Insulation"
MOLD-RECT-00276,Rectangular,Medium Panel,"Sandwich Panel, Structural Insulation",800,400,70,,,22.4,808000,1,2,"Ecofoam Standard, Ecomate Spray EC",40,75.0,"Medium Panel for Sandwich Panel, Structural Insulation"
MOLD-RECT-00277,Rectangular,Medium Panel,"Sandwich Panel, Structural Insulation",800,400,80,,,25.6,832000,1,2,"Ecofoam Standard, Ecomate Spray EC",40,81.0,"Medium Panel for Sandwich Panel, Structural Insulation"
MOLD-RECT-00278,Rectangular,Medium Panel,"Appliance Door Core, Light Insulation",800,600,20,,,9.6,1016000,1,1,"Ecofoam Standard, Ecomate Spray EC",40,49.0,"Medium Panel for Appliance Door Core, Light Insulation"
MOLD-RECT-00279,Rectangular,Medium Panel,"Refrigerator Panel, Medium Insulation",800,600,30,,,14.4,1044000,1,2,"Ecofoam Standard, Ecomate Spray EC",40,59.0,"Medium Panel for Refrigerator Panel, Medium Insulation"
MOLD-RECT-00280,Rectangular,Medium Panel,"Refrigerator Panel, Medium Insulation",800,600,40,,,19.2,1072000,1,2,"Ecofoam Standard, Ecomate Spray EC",40,68.0,"Medium Panel for Refrigerator Panel, Medium Insulation"
MOLD-RECT-00281,Rectangular,Medium Panel,"Refrigerator Panel, Medium Insulation",800,600,50,,,24.0,1100000,1,2,"Ecofoam Standard, Ecomate Spray EC",40,78.0,"Medium Panel for Refrigerator Panel, Medium Insulation"
MOLD-RECT-00282,Rectangular,Medium Panel,"Sandwich Panel, Structural Insulation",800,600,60,,,28.8,1128000,1,2,"Ecofoam Standard, Ecomate Spray EC",40,88.0,"Medium Panel for Sandwich Panel, Structural Insulation"
MOLD-RECT-00283,Rectangular,Medium Panel,"Sandwich Panel, Structural Insulation",800,600,70,,,33.6,1156000,1,2,"Ecofoam Standard, Ecomate Spray EC",40,97.0,"Medium Panel for Sandwich Panel, Structural Insulation"
MOLD-RECT-00284,Rectangular,Medium Panel,"Sandwich Panel, Structural Insulation",800,600,80,,,38.4,1184000,1,2,"Ecofoam Standard, Ecomate Spray EC",40,107.0,"Medium Panel for Sandwich Panel, Structural Insulation"
MOLD-RECT-00285,Rectangular,Medium Panel,"Appliance Door Core, Light Insulation",800,800,20,,,12.8,1344000,1,2,"Ecofoam Standard, Ecomate Spray EC",40,56.0,"Medium Panel for Appliance Door Core, Light Insulation"
MOLD-RECT-00286,Rectangular,Medium Panel,"Refrigerator Panel, Medium Insulation",800,800,30,,,19.2,1376000,1,2,"Ecofoam Standard, Ecomate Spray EC",40,68.0,"Medium Panel for Refrigerator Panel, Medium Insulation"
MOLD-RECT-00287,Rectangular,Medium Panel,"Refrigerator Panel, Medium Insulation",800,800,40,,,25.6,1408000,1,2,"Ecofoam Standard, Ecomate Spray EC",40,81.0,"Medium Panel for Refrigerator Panel, Medium Insulation"
MOLD-RECT-00288,Rectangular,Medium Panel,"Refrigerator Panel, Medium Insulation",800,800,50,,,32.0,1440000,1,2,"Ecofoam Standard, Ecomate Spray EC",40,94.0,"Medium Panel for Refrigerator Panel, Medium Insulation"
MOLD-RECT-00289,Rectangular,Medium Panel,"Sandwich Panel, Structural Insulation",800,800,60,,,38.4,1472000,1,2,"Ecofoam Standard, Ecomate Spray EC",40,107.0,"Medium Panel for Sandwich Panel, Structural Insulation"
MOLD-RECT-00290,Rectangular,Medium Panel,"Sandwich Panel, Structural Insulation",800,800,70,,,44.8,1504000,1,2,"Ecofoam Standard, Ecomate Spray EC",40,120.0,"Medium Panel for Sandwich Panel, Structural Insulation"
MOLD-RECT-00291,Rectangular,Medium Panel,"Sandwich Panel, Structural Insulation",800,800,80,,,51.2,1536000,1,4,"Ecofoam Standard, Ecomate Spray EC",40,132.0,"Medium Panel for Sandwich Panel, Structural Insulation"
MOLD-RECT-00292,Rectangular,Medium Panel,"Appliance Door Core, Light Insulation",800,1000,20,,,16.0,1672000,1,2,"Ecofoam Standard, Ecomate Spray EC",40,62.0,"Medium Panel for Appliance Door Core, Light Insulation"
MOLD-RECT-00293,Rectangular,Medium Panel,"Refrigerator Panel, Medium Insulation",800,1000,30,,,24.0,1708000,1,2,"Ecofoam Standard, Ecomate Spray EC",40,78.0,"Medium Panel for Refrigerator Panel, Medium Insulation"
MOLD-RECT-00294,Rectangular,Medium Panel,"Refrigerator Panel, Medium Insulation",800,1000,40,,,32.0,1744000,1,2,"Ecofoam Standard, Ecomate Spray EC",40,94.0,"Medium Panel for Refrigerator Panel, Medium Insulation"
MOLD-RECT-00295,Rectangular,Medium Panel,"Refrigerator Panel, Medium Insulation",800,1000,50,,,40.0,1780000,1,2,"Ecofoam Standard, Ecomate Spray EC",40,110.0,"Medium Panel for Refrigerator Panel, Medium Insulation"
MOLD-RECT-00296,Rectangular,Medium Panel,"Sandwich Panel, Structural Insulation",800,1000,60,,,48.0,1816000,1,2,"Ecofoam Standard, Ecomate Spray EC",40,126.0,"Medium Panel for Sandwich Panel, Structural Insulation"
MOLD-RECT-00297,Rectangular,Medium Panel,"Sandwich Panel, Structural Insulation",800,1000,70,,,56.0,1852000,1,4,"Ecofoam Standard, Ecomate Spray EC",40,142.0,"Medium Panel for Sandwich Panel, Structural Insulation"
MOLD-RECT-00298,Rectangular,Medium Panel,"Sandwich Panel, Structural Insulation",800,1000,80,,,64.0,1888000,1,4,"Ecofoam Standard, Ecomate Spray EC",40,158.0,"Medium Panel for Sandwich Panel, Structural Insulation"
MOLD-RECT-00299,Rectangular,Medium Panel,"Appliance Door Core, Light Insulation",1000,400,20,,,8.0,856000,1,1,"Ecofoam Standard, Ecomate Spray EC",40,46.0,"Medium Panel for Appliance Door Core, Light Insulation"
MOLD-RECT-00300,Rectangular,Medium Panel,"Refrigerator Panel, Medium Insulation",1000,400,30,,,12.0,884000,1,2,"Ecofoam Standard, Ecomate Spray EC",40,54.0,"Medium Panel for Refrigerator Panel, Medium Insulation"
MOLD-RECT-00301,Rectangular,Medium Panel,"Refrigerator Panel, Medium Insulation",1000,400,40,,,16.0,912000,1,2,"Ecofoam Standard, Ecomate Spray EC",40,62.0,"Medium Panel for Refrigerator Panel, Medium Insulation"
MOLD-RECT-00302,Rectangular,Medium Panel,"Refrigerator Panel, Medium Insulation",1000,400,50,,,20.0,940000,1,2,"Ecofoam Standard, Ecomate Spray EC",40,70.0,"Medium Panel for Refrigerator Panel, Medium Insulation"
MOLD-RECT-00303,Rectangular,Medium Panel,"Sandwich Panel, Structural Insulation",1000,400,60,,,24.0,968000,1,2,"Ecofoam Standard, Ecomate Spray EC",40,78.0,"Medium Panel for Sandwich Panel, Structural Insulation"
MOLD-RECT-00304,Rectangular,Medium Panel,"Sandwich Panel, Structural Insulation",1000,400,70,,,28.0,996000,1,2,"Ecofoam Standard, Ecomate Spray EC",40,86.0,"Medium Panel for Sandwich Panel, Structural Insulation"
MOLD-RECT-00305,Rectangular,Medium Panel,"Sandwich Panel, Structural Insulation",1000,400,80,,,32.0,1024000,1,2,"Ecofoam Standard, Ecomate Spray EC",40,94.0,"Medium Panel for Sandwich Panel, Structural Insulation"
MOLD-RECT-00306,Rectangular,Medium Panel,"Appliance Door Core, Light Insulation",1000,600,20,,,12.0,1264000,1,2,"Ecofoam Standard, Ecomate Spray EC",40,54.0,"Medium Panel for Appliance Door Core, Light Insulation"
MOLD-RECT-00307,Rectangular,Medium Panel,"Refrigerator Panel, Medium Insulation",1000,600,30,,,18.0,1296000,1,2,"Ecofoam Standard, Ecomate Spray EC",40,66.0,"Medium Panel for Refrigerator Panel, Medium Insulation"
MOLD-RECT-00308,Rectangular,Medium Panel,"Refrigerator Panel, Medium Insulation",1000,600,40,,,24.0,1328000,1,2,"Ecofoam Standard, Ecomate Spray EC",40,78.0,"Medium Panel for Refrigerator Panel, Medium Insulation"
MOLD-RECT-00309,Rectangular,Medium Panel,"Refrigerator Panel, Medium Insulation",1000,600,50,,,30.0,1360000,1,2,"Ecofoam Standard, Ecomate Spray EC",40,90.0,"Medium Panel for Refrigerator Panel, Medium Insulation"
MOLD-RECT-00310,Rectangular,Medium Panel,"Sandwich Panel, Structural Insulation",1000,600,60,,,36.0,1392000,1,2,"Ecofoam Standard, Ecomate Spray EC",40,102.0,"Medium Panel for Sandwich Panel, Structural Insulation"
MOLD-RECT-00311,Rectangular,Medium Panel,"Sandwich Panel, Structural Insulation",1000,600,70,,,42.0,1424000,1,2,"Ecofoam Standard, Ecomate Spray EC",40,114.0,"Medium Panel for Sandwich Panel, Structural Insulation"
MOLD-RECT-00312,Rectangular,Medium Panel,"Sandwich Panel, Structural Insulation",1000,600,80,,,48.0,1456000,1,2,"Ecofoam Standard, Ecomate Spray EC",40,126.0,"Medium Panel for Sandwich Panel, Structural Insulation"
MOLD-RECT-00313,Rectangular,Medium Panel,"Appliance Door Core, Light Insulation",1000,800,20,,,16.0,1672000,1,2,"Ecofoam Standard, Ecomate Spray EC",40,62.0,"Medium Panel for Appliance Door Core, Light Insulation"
MOLD-RECT-00314,Rectangular,Medium Panel,"Refrigerator Panel, Medium Insulation",1000,800,30,,,24.0,1708000,1,2,"Ecofoam Standard, Ecomate Spray EC",40,78.0,"Medium Panel for Refrigerator Panel, Medium Insulation"
MOLD-RECT-00315,Rectangular,Medium Panel,"Refrigerator Panel, Medium Insulation",1000,800,40,,,32.0,1744000,1,2,"Ecofoam Standard, Ecomate Spray EC",40,94.0,"Medium Panel for Refrigerator Panel, Medium Insulation"
MOLD-RECT-00316,Rectangular,Medium Panel,"Refrigerator Panel, Medium Insulation",1000,800,50,,,40.0,1780000,1,2,"Ecofoam Standard, Ecomate Spray EC",40,110.0,"Medium Panel for Refrigerator Panel, Medium Insulation"
MOLD-RECT-00317,Rectangular,Medium Panel,"Sandwich Panel, Structural Insulation",1000,800,60,,,48.0,1816000,1,2,"Ecofoam Standard, Ecomate Spray EC",40,126.0,"Medium Panel for Sandwich Panel, Structural Insulation"
MOLD-RECT-00318,Rectangular,Medium Panel,"Sandwich Panel, Structural Insulation",1000,800,70,,,56.0,1852000,1,4,"Ecofoam Standard, Ecomate Spray EC",40,142.0,"Medium Panel for Sandwich Panel, Structural Insulation"
MOLD-RECT-00319,Rectangular,Medium Panel,"Sandwich Panel, Structural Insulation",1000,800,80,,,64.0,1888000,1,4,"Ecofoam Standard, Ecomate Spray EC",40,158.0,"Medium Panel for Sandwich Panel, Structural Insulation"
MOLD-RECT-00320,Rectangular,Medium Panel,"Appliance Door Core, Light Insulation",1000,1000,20,,,20.0,2080000,1,2,"Ecofoam Standard, Ecomate Spray EC",40,70.0,"Medium Panel for Appliance Door Core, Light Insulation"
MOLD-RECT-00321,Rectangular,Medium Panel,"Refrigerator Panel, Medium Insulation",1000,1000,30,,,30.0,2120000,1,2,"Ecofoam Standard, Ecomate Spray EC",40,90.0,"Medium Panel for Refrigerator Panel, Medium Insulation"
MOLD-RECT-00322,Rectangular,Medium Panel,"Refrigerator Panel, Medium Insulation",1000,1000,40,,,40.0,2160000,1,2,"Ecofoam Standard, Ecomate Spray EC",40,110.0,"Medium Panel for Refrigerator Panel, Medium Insulation"
MOLD-RECT-00323,Rectangular,Medium Panel,"Refrigerator Panel, Medium Insulation",1000,1000,50,,,50.0,2200000,1,4,"Ecofoam Standard, Ecomate Spray EC",40,130.0,"Medium Panel for Refrigerator Panel, Medium Insulation"
MOLD-RECT-00324,Rectangular,Medium Panel,"Sandwich Panel, Structural Insulation",1000,1000,60,,,60.0,2240000,1,4,"Ecofoam Standard, Ecomate Spray EC",40,150.0,"Medium Panel for Sandwich Panel, Structural Insulation"
MOLD-RECT-00325,Rectangular,Medium Panel,"Sandwich Panel, Structural Insulation",1000,1000,70,,,70.0,2280000,1,4,"Ecofoam Standard, Ecomate Spray EC",40,170.0,"Medium Panel for Sandwich Panel, Structural Insulation"
MOLD-RECT-00326,Rectangular,Medium Panel,"Sandwich Panel, Structural Insulation",1000,1000,80,,,80.0,2320000,1,4,"Ecofoam Standard, Ecomate Spray EC",40,190.0,"Medium Panel for Sandwich Panel, Structural Insulation"
MOLD-RECT-00327,Rectangular,Medium Panel,"Appliance Door Core, Light Insulation",1200,400,20,,,9.6,1024000,1,1,"Ecofoam Standard, Ecomate Spray EC",40,49.0,"Medium Panel for Appliance Door Core, Light Insulation"
MOLD-RECT-00328,Rectangular,Medium Panel,"Refrigerator Panel, Medium Insulation",1200,400,30,,,14.4,1056000,1,2,"Ecofoam Standard, Ecomate Spray EC",40,59.0,"Medium Panel for Refrigerator Panel, Medium Insulation"
MOLD-RECT-00329,Rectangular,Medium Panel,"Refrigerator Panel, Medium Insulation",1200,400,40,,,19.2,1088000,1,2,"Ecofoam Standard, Ecomate Spray EC",40,68.0,"Medium Panel for Refrigerator Panel, Medium Insulation"
MOLD-RECT-00330,Rectangular,Medium Panel,"Refrigerator Panel, Medium Insulation",1200,400,50,,,24.0,1120000,1,2,"Ecofoam Standard, Ecomate Spray EC",40,78.0,"Medium Panel for Refrigerator Panel, Medium Insulation"
MOLD-RECT-00331,Rectangular,Medium Panel,"Sandwich Panel, Structural Insulation",1200,400,60,,,28.8,1152000,1,2,"Ecofoam Standard, Ecomate Spray EC",40,88.0,"Medium Panel for Sandwich Panel, Structural Insulation"
MOLD-RECT-00332,Rectangular,Medium Panel,"Sandwich Panel, Structural Insulation",1200,400,70,,,33.6,1184000,1,2,"Ecofoam Standard, Ecomate Spray EC",40,97.0,"Medium Panel for Sandwich Panel, Structural Insulation"
MOLD-RECT-00333,Rectangular,Medium Panel,"Sandwich Panel, Structural Insulation",1200,400,80,,,38.4,1216000,1,2,"Ecofoam Standard, Ecomate Spray EC",40,107.0,"Medium Panel for Sandwich Panel, Structural Insulation"
MOLD-RECT-00334,Rectangular,Medium Panel,"Appliance Door Core, Light Insulation",1200,600,20,,,14.4,1512000,1,2,"Ecofoam Standard, Ecomate Spray EC",40,59.0,"Medium Panel for Appliance Door Core, Light Insulation"
MOLD-RECT-00335,Rectangular,Medium Panel,"Refrigerator Panel, Medium Insulation",1200,600,30,,,21.6,1548000,1,2,"Ecofoam Standard, Ecomate Spray EC",40,73.0,"Medium Panel for Refrigerator Panel, Medium Insulation"
MOLD-RECT-00336,Rectangular,Medium Panel,"Refrigerator Panel, Medium Insulation",1200,600,40,,,28.8,1584000,1,2,"Ecofoam Standard, Ecomate Spray EC",40,88.0,"Medium Panel for Refrigerator Panel, Medium Insulation"
MOLD-RECT-00337,Rectangular,Medium Panel,"Refrigerator Panel, Medium Insulation",1200,600,50,,,36.0,1620000,1,2,"Ecofoam Standard, Ecomate Spray EC",40,102.0,"Medium Panel for Refrigerator Panel, Medium Insulation"
MOLD-RECT-00338,Rectangular,Medium Panel,"Sandwich Panel, Structural Insulation",1200,600,60,,,43.2,1656000,1,2,"Ecofoam Standard, Ecomate Spray EC",40,116.0,"Medium Panel for Sandwich Panel, Structural Insulation"
MOLD-RECT-00339,Rectangular,Medium Panel,"Sandwich Panel, Structural Insulation",1200,600,70,,,50.4,1692000,1,4,"Ecofoam Standard, Ecomate Spray EC",40,131.0,"Medium Panel for Sandwich Panel, Structural Insulation"
MOLD-RECT-00340,Rectangular,Medium Panel,"Sandwich Panel, Structural Insulation",1200,600,80,,,57.6,1728000,1,4,"Ecofoam Standard, Ecomate Spray EC",40,145.0,"Medium Panel for Sandwich Panel, Structural Insulation"
MOLD-RECT-00341,Rectangular,Medium Panel,"Appliance Door Core, Light Insulation",1200,800,20,,,19.2,2000000,1,2,"Ecofoam Standard, Ecomate Spray EC",40,68.0,"Medium Panel for Appliance Door Core, Light Insulation"
MOLD-RECT-00342,Rectangular,Medium Panel,"Refrigerator Panel, Medium Insulation",1200,800,30,,,28.8,2040000,1,2,"Ecofoam Standard, Ecomate Spray EC",40,88.0,"Medium Panel for Refrigerator Panel, Medium Insulation"
MOLD-RECT-00343,Rectangular,Medium Panel,"Refrigerator Panel, Medium Insulation",1200,800,40,,,38.4,2080000,1,2,"Ecofoam Standard, Ecomate Spray EC",40,107.0,"Medium Panel for Refrigerator Panel, Medium Insulation"
MOLD-RECT-00344,Rectangular,Medium Panel,"Refrigerator Panel, Medium Insulation",1200,800,50,,,48.0,2120000,1,2,"Ecofoam Standard, Ecomate Spray EC",40,126.0,"Medium Panel for Refrigerator Panel, Medium Insulation"
MOLD-RECT-00345,Rectangular,Medium Panel,"Sandwich Panel, Structural Insulation",1200,800,60,,,57.6,2160000,1,4,"Ecofoam Standard, Ecomate Spray EC",40,145.0,"Medium Panel for Sandwich Panel, Structural Insulation"
MOLD-RECT-00346,Rectangular,Medium Panel,"Sandwich Panel, Structural Insulation",1200,800,70,,,67.2,2200000,1,4,"Ecofoam Standard, Ecomate Spray EC",40,164.0,"Medium Panel for Sandwich Panel, Structural Insulation"
MOLD-RECT-00347,Rectangular,Medium Panel,"Sandwich Panel, Structural Insulation",1200,800,80,,,76.8,2240000,1,4,"Ecofoam Standard, Ecomate Spray EC",40,184.0,"Medium Panel for Sandwich Panel, Structural Insulation"
MOLD-RECT-00348,Rectangular,Medium Panel,"Appliance Door Core, Light Insulation",1200,1000,20,,,24.0,2488000,1,2,"Ecofoam Standard, Ecomate Spray EC",40,78.0,"Medium Panel for Appliance Door Core, Light Insulation"
MOLD-RECT-00349,Rectangular,Medium Panel,"Refrigerator Panel, Medium Insulation",1200,1000,30,,,36.0,2532000,1,2,"Ecofoam Standard, Ecomate Spray EC",40,102.0,"Medium Panel for Refrigerator Panel, Medium Insulation"
MOLD-RECT-00350,Rectangular,Medium Panel,"Refrigerator Panel, Medium Insulation",1200,1000,40,,,48.0,2576000,1,2,"Ecofoam Standard, Ecomate Spray EC",40,126.0,"Medium Panel for Refrigerator Panel, Medium Insulation"
MOLD-RECT-00351,Rectangular,Medium Panel,"Refrigerator Panel, Medium Insulation",1200,1000,50,,,60.0,2620000,1,4,"Ecofoam Standard, Ecomate Spray EC",40,150.0,"Medium Panel for Refrigerator Panel, Medium Insulation"
MOLD-RECT-00352,Rectangular,Medium Panel,"Sandwich Panel, Structural Insulation",1200,1000,60,,,72.0,2664000,1,4,"Ecofoam Standard, Ecomate Spray EC",40,174.0,"Medium Panel for Sandwich Panel, Structural Insulation"
MOLD-RECT-00353,Rectangular,Medium Panel,"Sandwich Panel, Structural Insulation",1200,1000,70,,,84.0,2708000,1,4,"Ecofoam Standard, Ecomate Spray EC",40,198.0,"Medium Panel for Sandwich Panel, Structural Insulation"
MOLD-RECT-00354,Rectangular,Medium Panel,"Sandwich Panel, Structural Insulation",1200,1000,80,,,96.0,2752000,1,4,"Ecofoam Standard, Ecomate Spray EC",40,222.0,"Medium Panel for Sandwich Panel, Structural Insulation"
MOLD-RECT-00355,Rectangular,Medium Panel,"Appliance Door Core, Light Insulation",1400,400,20,,,11.2,1192000,1,2,"Ecofoam Standard, Ecomate Spray EC",40,52.0,"Medium Panel for Appliance Door Core, Light Insulation"
MOLD-RECT-00356,Rectangular,Medium Panel,"Refrigerator Panel, Medium Insulation",1400,400,30,,,16.8,1228000,1,2,"Ecofoam Standard, Ecomate Spray EC",40,64.0,"Medium Panel for Refrigerator Panel, Medium Insulation"
MOLD-RECT-00357,Rectangular,Medium Panel,"Refrigerator Panel, Medium Insulation",1400,400,40,,,22.4,1264000,1,2,"Ecofoam Standard, Ecomate Spray EC",40,75.0,"Medium Panel for Refrigerator Panel, Medium Insulation"
MOLD-RECT-00358,Rectangular,Medium Panel,"Refrigerator Panel, Medium Insulation",1400,400,50,,,28.0,1300000,1,2,"Ecofoam Standard, Ecomate Spray EC",40,86.0,"Medium Panel for Refrigerator Panel, Medium Insulation"
MOLD-RECT-00359,Rectangular,Medium Panel,"Sandwich Panel, Structural Insulation",1400,400,60,,,33.6,1336000,1,2,"Ecofoam Standard, Ecomate Spray EC",40,97.0,"Medium Panel for Sandwich Panel, Structural Insulation"
MOLD-RECT-00360,Rectangular,Medium Panel,"Sandwich Panel, Structural Insulation",1400,400,70,,,39.2,1372000,1,2,"Ecofoam Standard, Ecomate Spray EC",40,108.0,"Medium Panel for Sandwich Panel, Structural Insulation"
MOLD-RECT-00361,Rectangular,Medium Panel,"Sandwich Panel, Structural Insulation",1400,400,80,,,44.8,1408000,1,2,"Ecofoam Standard, Ecomate Spray EC",40,120.0,"Medium Panel for Sandwich Panel, Structural Insulation"
MOLD-RECT-00362,Rectangular,Medium Panel,"Appliance Door Core, Light Insulation",1400,600,20,,,16.8,1760000,1,2,"Ecofoam Standard, Ecomate Spray EC",40,64.0,"Medium Panel for Appliance Door Core, Light Insulation"
MOLD-RECT-00363,Rectangular,Medium Panel,"Refrigerator Panel, Medium Insulation",1400,600,30,,,25.2,1800000,1,2,"Ecofoam Standard, Ecomate Spray EC",40,80.0,"Medium Panel for Refrigerator Panel, Medium Insulation"
MOLD-RECT-00364,Rectangular,Medium Panel,"Refrigerator Panel, Medium Insulation",1400,600,40,,,33.6,1840000,1,2,"Ecofoam Standard, Ecomate Spray EC",40,97.0,"Medium Panel for Refrigerator Panel, Medium Insulation"
MOLD-RECT-00365,Rectangular,Medium Panel,"Refrigerator Panel, Medium Insulation",1400,600,50,,,42.0,1880000,1,2,"Ecofoam Standard, Ecomate Spray EC",40,114.0,"Medium Panel for Refrigerator Panel, Medium Insulation"
MOLD-RECT-00366,Rectangular,Medium Panel,"Sandwich Panel, Structural Insulation",1400,600,60,,,50.4,1920000,1,4,"Ecofoam Standard, Ecomate Spray EC",40,131.0,"Medium Panel for Sandwich Panel, Structural Insulation"
MOLD-RECT-00367,Rectangular,Medium Panel,"Sandwich Panel, Structural Insulation",1400,600,70,,,58.8,1960000,1,4,"Ecofoam Standard, Ecomate Spray EC",40,148.0,"Medium Panel for Sandwich Panel, Structural Insulation"
MOLD-RECT-00368,Rectangular,Medium Panel,"Sandwich Panel, Structural Insulation",1400,600,80,,,67.2,2000000,1,4,"Ecofoam Standard, Ecomate Spray EC",40,164.0,"Medium Panel for Sandwich Panel, Structural Insulation"
MOLD-RECT-00369,Rectangular,Medium Panel,"Appliance Door Core, Light Insulation",1400,800,20,,,22.4,2328000,1,2,"Ecofoam Standard, Ecomate Spray EC",40,75.0,"Medium Panel for Appliance Door Core, Light Insulation"
MOLD-RECT-00370,Rectangular,Medium Panel,"Refrigerator Panel, Medium Insulation",1400,800,30,,,33.6,2372000,1,2,"Ecofoam Standard, Ecomate Spray EC",40,97.0,"Medium Panel for Refrigerator Panel, Medium Insulation"
MOLD-RECT-00371,Rectangular,Medium Panel,"Refrigerator Panel, Medium Insulation",1400,800,40,,,44.8,2416000,1,2,"Ecofoam Standard, Ecomate Spray EC",40,120.0,"Medium Panel for Refrigerator Panel, Medium Insulation"
MOLD-RECT-00372,Rectangular,Medium Panel,"Refrigerator Panel, Medium Insulation",1400,800,50,,,56.0,2460000,1,4,"Ecofoam Standard, Ecomate Spray EC",40,142.0,"Medium Panel for Refrigerator Panel, Medium Insulation"
MOLD-RECT-00373,Rectangular,Medium Panel,"Sandwich Panel, Structural Insulation",1400,800,60,,,67.2,2504000,1,4,"Ecofoam Standard, Ecomate Spray EC",40,164.0,"Medium Panel for Sandwich Panel, Structural Insulation"
MOLD-RECT-00374,Rectangular,Medium Panel,"Sandwich Panel, Structural Insulation",1400,800,70,,,78.4,2548000,1,4,"Ecofoam Standard, Ecomate Spray EC",40,187.0,"Medium Panel for Sandwich Panel, Structural Insulation"
MOLD-RECT-00375,Rectangular,Medium Panel,"Sandwich Panel, Structural Insulation",1400,800,80,,,89.6,2592000,1,4,"Ecofoam Standard, Ecomate Spray EC",40,209.0,"Medium Panel for Sandwich Panel, Structural Insulation"
MOLD-RECT-00376,Rectangular,Medium Panel,"Appliance Door Core, Light Insulation",1400,1000,20,,,28.0,2896000,1,2,"Ecofoam Standard, Ecomate Spray EC",40,86.0,"Medium Panel for Appliance Door Core, Light Insulation"
MOLD-RECT-00377,Rectangular,Medium Panel,"Refrigerator Panel, Medium Insulation",1400,1000,30,,,42.0,2944000,1,2,"Ecofoam Standard, Ecomate Spray EC",40,114.0,"Medium Panel for Refrigerator Panel, Medium Insulation"
MOLD-RECT-00378,Rectangular,Medium Panel,"Refrigerator Panel, Medium Insulation",1400,1000,40,,,56.0,2992000,1,4,"Ecofoam Standard, Ecomate Spray EC",40,142.0,"Medium Panel for Refrigerator Panel, Medium Insulation"
MOLD-RECT-00379,Rectangular,Medium Panel,"Refrigerator Panel, Medium Insulation",1400,1000,50,,,70.0,3040000,1,4,"Ecofoam Standard, Ecomate Spray EC",40,170.0,"Medium Panel for Refrigerator Panel, Medium Insulation"
MOLD-RECT-00380,Rectangular,Medium Panel,"Sandwich Panel, Structural Insulation",1400,1000,60,,,84.0,3088000,1,4,"Ecofoam Standard, Ecomate Spray EC",40,198.0,"Medium Panel for Sandwich Panel, Structural Insulation"
MOLD-RECT-00381,Rectangular,Medium Panel,"Sandwich Panel, Structural Insulation",1400,1000,70,,,98.0,3136000,1,4,"Ecofoam Standard, Ecomate Spray EC",40,226.0,"Medium Panel for Sandwich Panel, Structural Insulation"
MOLD-RECT-00382,Rectangular,Medium Panel,"Sandwich Panel, Structural Insulation",1400,1000,80,,,112.0,3184000,1,4,"Ecofoam Standard, Ecomate Spray EC",40,254.0,"Medium Panel for Sandwich Panel, Structural Insulation"
MOLD-RECT-00383,Rectangular,Large Panel,"Refrigerator Panel, Medium Insulation",1500,1000,30,,,45.0,3150000,1,2,"Ecofoam Standard, Ecomate Spray EC",40,120.0,"Large Panel for Refrigerator Panel, Medium Insulation"
MOLD-RECT-00384,Rectangular,Large Panel,"Refrigerator Panel, Medium Insulation",1500,1000,50,,,75.0,3250000,1,4,"Ecofoam Standard, Ecomate Spray EC",40,180.0,"Large Panel for Refrigerator Panel, Medium Insulation"
MOLD-RECT-00385,Rectangular,Large Panel,"Sandwich Panel, Structural Insulation",1500,1000,70,,,105.0,3350000,1,4,"Ecofoam Standard, Ecomate Spray EC",40,240.0,"Large Panel for Sandwich Panel, Structural Insulation"
MOLD-RECT-00386,Rectangular,Large Panel,"Sandwich Panel, Structural Insulation",1500,1000,90,,,135.0,3450000,1,4,"Ecofoam Standard, Ecomate Spray EC",40,300.0,"Large Panel for Sandwich Panel, Structural Insulation"
MOLD-RECT-00387,Rectangular,Large Panel,"Heavy Insulation, Cold Storage Panel",1500,1000,110,,,165.0,3550000,1,4,"Ecofoam Standard, Ecomate Spray EC",40,360.0,"Large Panel for Heavy Insulation, Cold Storage Panel"
MOLD-RECT-00388,Rectangular,Large Panel,"Heavy Insulation, Cold Storage Panel",1500,1000,130,,,195.0,3650000,1,4,"Ecofoam Standard, Ecomate Spray EC",40,420.0,"Large Panel for Heavy Insulation, Cold Storage Panel"
MOLD-RECT-00389,Rectangular,Large Panel,"Heavy Insulation, Cold Storage Panel",1500,1000,150,,,225.0,3750000,1,4,"Ecofoam Standard, Ecomate Spray EC",40,480.0,"Large Panel for Heavy Insulation, Cold Storage Panel"
MOLD-RECT-00390,Rectangular,Large Panel,"Refrigerator Panel, Medium Insulation",1500,1500,30,,,67.5,4680000,1,4,"Ecofoam Standard, Ecomate Spray EC",40,165.0,"Large Panel for Refrigerator Panel, Medium Insulation"
MOLD-RECT-00391,Rectangular,Large Panel,"Refrigerator Panel, Medium Insulation",1500,1500,50,,,112.5,4800000,1,4,"Ecofoam Standard, Ecomate Spray EC",40,255.0,"Large Panel for Refrigerator Panel, Medium Insulation"
MOLD-RECT-00392,Rectangular,Large Panel,"Sandwich Panel, Structural Insulation",1500,1500,70,,,157.5,4920000,1,4,"Ecofoam Standard, Ecomate Spray EC",40,345.0,"Large Panel for Sandwich Panel, Structural Insulation"
MOLD-RECT-00393,Rectangular,Large Panel,"Sandwich Panel, Structural Insulation",1500,1500,90,,,202.5,5040000,1,4,"Ecofoam Standard, Ecomate Spray EC",40,435.0,"Large Panel for Sandwich Panel, Structural Insulation"
MOLD-RECT-00394,Rectangular,Large Panel,"Heavy Insulation, Cold Storage Panel",1500,1500,110,,,247.5,5160000,1,4,"Ecofoam Standard, Ecomate Spray EC",40,525.0,"Large Panel for Heavy Insulation, Cold Storage Panel"
MOLD-RECT-00395,Rectangular,Large Panel,"Heavy Insulation, Cold Storage Panel",1500,1500,130,,,292.5,5280000,1,4,"Ecofoam Standard, Ecomate Spray EC",40,615.0,"Large Panel for Heavy Insulation, Cold Storage Panel"
MOLD-RECT-00396,Rectangular,Large Panel,"Heavy Insulation, Cold Storage Panel",1500,1500,150,,,337.5,5400000,1,4,"Ecofoam Standard, Ecomate Spray EC",40,705.0,"Large Panel for Heavy Insulation, Cold Storage Panel"
MOLD-RECT-00397,Rectangular,Large Panel,"Refrigerator Panel, Medium Insulation",2000,1000,30,,,60.0,4180000,1,4,"Ecofoam Standard, Ecomate Spray EC",40,150.0,"Large Panel for Refrigerator Panel, Medium Insulation"
MOLD-RECT-00398,Rectangular,Large Panel,"Refrigerator Panel, Medium Insulation",2000,1000,50,,,100.0,4300000,1,4,"Ecofoam Standard, Ecomate Spray EC",40,230.0,"Large Panel for Refrigerator Panel, Medium Insulation"
MOLD-RECT-00399,Rectangular,Large Panel,"Sandwich Panel, Structural Insulation",2000,1000,70,,,140.0,4420000,1,4,"Ecofoam Standard, Ecomate Spray EC",40,310.0,"Large Panel for Sandwich Panel, Structural Insulation"
MOLD-RECT-00400,Rectangular,Large Panel,"Sandwich Panel, Structural Insulation",2000,1000,90,,,180.0,4540000,1,4,"Ecofoam Standard, Ecomate Spray EC",40,390.0,"Large Panel for Sandwich Panel, Structural Insulation"
MOLD-RECT-00401,Rectangular,Large Panel,"Heavy Insulation, Cold Storage Panel",2000,1000,110,,,220.0,4660000,1,4,"Ecofoam Standard, Ecomate Spray EC",40,470.0,"Large Panel for Heavy Insulation, Cold Storage Panel"
MOLD-RECT-00402,Rectangular,Large Panel,"Heavy Insulation, Cold Storage Panel",2000,1000,130,,,260.0,4780000,1,4,"Ecofoam Standard, Ecomate Spray EC",40,550.0,"Large Panel for Heavy Insulation, Cold Storage Panel"
MOLD-RECT-00403,Rectangular,Large Panel,"Heavy Insulation, Cold Storage Panel",2000,1000,150,,,300.0,4900000,1,4,"Ecofoam Standard, Ecomate Spray EC",40,630.0,"Large Panel for Heavy Insulation, Cold Storage Panel"
MOLD-RECT-00404,Rectangular,Large Panel,"Refrigerator Panel, Medium Insulation",2000,1500,30,,,90.0,6210000,1,4,"Ecofoam Standard, Ecomate Spray EC",40,210.0,"Large Panel for Refrigerator Panel, Medium Insulation"
MOLD-RECT-00405,Rectangular,Large Panel,"Refrigerator Panel, Medium Insulation",2000,1500,50,,,150.0,6350000,1,4,"Ecofoam Standard, Ecomate Spray EC",40,330.0,"Large Panel for Refrigerator Panel, Medium Insulation"
MOLD-RECT-00406,Rectangular,Large Panel,"Sandwich Panel, Structural Insulation",2000,1500,70,,,210.0,6490000,1,4,"Ecofoam Standard, Ecomate Spray EC",40,450.0,"Large Panel for Sandwich Panel, Structural Insulation"
MOLD-RECT-00407,Rectangular,Large Panel,"Sandwich Panel, Structural Insulation",2000,1500,90,,,270.0,6630000,1,4,"Ecofoam Standard, Ecomate Spray EC",40,570.0,"Large Panel for Sandwich Panel, Structural Insulation"
MOLD-RECT-00408,Rectangular,Large Panel,"Heavy Insulation, Cold Storage Panel",2000,1500,110,,,330.0,6770000,1,4,"Ecofoam Standard, Ecomate Spray EC",40,690.0,"Large Panel for Heavy Insulation, Cold Storage Panel"
MOLD-RECT-00409,Rectangular,Large Panel,"Heavy Insulation, Cold Storage Panel",2000,1500,130,,,390.0,6910000,1,4,"Ecofoam Standard, Ecomate Spray EC",40,810.0,"Large Panel for Heavy Insulation, Cold Storage Panel"
MOLD-RECT-00410,Rectangular,Large Panel,"Heavy Insulation, Cold Storage Panel",2000,1500,150,,,450.0,7050000,1,4,"Ecofoam Standard, Ecomate Spray EC",40,930.0,"Large Panel for Heavy Insulation, Cold Storage Panel"
MOLD-RECT-00411,Rectangular,Large Panel,"Refrigerator Panel, Medium Insulation",2500,1000,30,,,75.0,5210000,1,4,"Ecofoam Standard, Ecomate Spray EC",40,180.0,"Large Panel for Refrigerator Panel, Medium Insulation"
MOLD-RECT-00412,Rectangular,Large Panel,"Refrigerator Panel, Medium Insulation",2500,1000,50,,,125.0,5350000,1,4,"Ecofoam Standard, Ecomate Spray EC",40,280.0,"Large Panel for Refrigerator Panel, Medium Insulation"
MOLD-RECT-00413,Rectangular,Large Panel,"Sandwich Panel, Structural Insulation",2500,1000,70,,,175.0,5490000,1,4,"Ecofoam Standard, Ecomate Spray EC",40,380.0,"Large Panel for Sandwich Panel, Structural Insulation"
MOLD-RECT-00414,Rectangular,Large Panel,"Sandwich Panel, Structural Insulation",2500,1000,90,,,225.0,5630000,1,4,"Ecofoam Standard, Ecomate Spray EC",40,480.0,"Large Panel for Sandwich Panel, Structural Insulation"
MOLD-RECT-00415,Rectangular,Large Panel,"Heavy Insulation, Cold Storage Panel",2500,1000,110,,,275.0,5770000,1,4,"Ecofoam Standard, Ecomate Spray EC",40,580.0,"Large Panel for Heavy Insulation, Cold Storage Panel"
MOLD-RECT-00416,Rectangular,Large Panel,"Heavy Insulation, Cold Storage Panel",2500,1000,130,,,325.0,5910000,1,4,"Ecofoam Standard, Ecomate Spray EC",40,680.0,"Large Panel for Heavy Insulation, Cold Storage Panel"
MOLD-RECT-00417,Rectangular,Large Panel,"Heavy Insulation, Cold Storage Panel",2500,1000,150,,,375.0,6050000,1,4,"Ecofoam Standard, Ecomate Spray EC",40,780.0,"Large Panel for Heavy Insulation, Cold Storage Panel"
MOLD-RECT-00418,Rectangular,Large Panel,"Refrigerator Panel, Medium Insulation",2500,1500,30,,,112.5,7740000,1,4,"Ecofoam Standard, Ecomate Spray EC",40,255.0,"Large Panel for Refrigerator Panel, Medium Insulation"
MOLD-RECT-00419,Rectangular,Large Panel,"Refrigerator Panel, Medium Insulation",2500,1500,50,,,187.5,7900000,1,4,"Ecofoam Standard, Ecomate Spray EC",40,405.0,"Large Panel for Refrigerator Panel, Medium Insulation"
MOLD-RECT-00420,Rectangular,Large Panel,"Sandwich Panel, Structural Insulation",2500,1500,70,,,262.5,8060000,1,4,"Ecofoam Standard, Ecomate Spray EC",40,555.0,"Large Panel for Sandwich Panel, Structural Insulation"
MOLD-RECT-00421,Rectangular,Large Panel,"Sandwich Panel, Structural Insulation",2500,1500,90,,,337.5,8220000,1,4,"Ecofoam Standard, Ecomate Spray EC",40,705.0,"Large Panel for Sandwich Panel, Structural Insulation"
MOLD-RECT-00422,Rectangular,Large Panel,"Heavy Insulation, Cold Storage Panel",2500,1500,110,,,412.5,8380000,1,4,"Ecofoam Standard, Ecomate Spray EC",40,855.0,"Large Panel for Heavy Insulation, Cold Storage Panel"
MOLD-RECT-00423,Rectangular,Large Panel,"Heavy Insulation, Cold Storage Panel",2500,1500,130,,,487.5,8540000,1,4,"Ecofoam Standard, Ecomate Spray EC",40,1005.0,"Large Panel for Heavy Insulation, Cold Storage Panel"
MOLD-RECT-00424,Rectangular,Large Panel,"Heavy Insulation, Cold Storage Panel",2500,1500,150,,,562.5,8700000,1,4,"Ecofoam Standard, Ecomate Spray EC",40,1155.0,"Large Panel for Heavy Insulation, Cold Storage Panel"
MOLD-RECT-00425,Rectangular,Large Panel,"Refrigerator Panel, Medium Insulation",3000,1000,30,,,90.0,6240000,1,4,"Ecofoam Standard, Ecomate Spray EC",40,210.0,"Large Panel for Refrigerator Panel, Medium Insulation"
MOLD-RECT-00426,Rectangular,Large Panel,"Refrigerator Panel, Medium Insulation",3000,1000,50,,,150.0,6400000,1,4,"Ecofoam Standard, Ecomate Spray EC",40,330.0,"Large Panel for Refrigerator Panel, Medium Insulation"
MOLD-RECT-00427,Rectangular,Large Panel,"Sandwich Panel, Structural Insulation",3000,1000,70,,,210.0,6560000,1,4,"Ecofoam Standard, Ecomate Spray EC",40,450.0,"Large Panel for Sandwich Panel, Structural Insulation"
MOLD-RECT-00428,Rectangular,Large Panel,"Sandwich Panel, Structural Insulation",3000,1000,90,,,270.0,6720000,1,4,"Ecofoam Standard, Ecomate Spray EC",40,570.0,"Large Panel for Sandwich Panel, Structural Insulation"
MOLD-RECT-00429,Rectangular,Large Panel,"Heavy Insulation, Cold Storage Panel",3000,1000,110,,,330.0,6880000,1,4,"Ecofoam Standard, Ecomate Spray EC",40,690.0,"Large Panel for Heavy Insulation, Cold Storage Panel"
MOLD-RECT-00430,Rectangular,Large Panel,"Heavy Insulation, Cold Storage Panel",3000,1000,130,,,390.0,7040000,1,4,"Ecofoam Standard, Ecomate Spray EC",40,810.0,"Large Panel for Heavy Insulation, Cold Storage Panel"
MOLD-RECT-00431,Rectangular,Large Panel,"Heavy Insulation, Cold Storage Panel",3000,1000,150,,,450.0,7200000,1,4,"Ecofoam Standard, Ecomate Spray EC",40,930.0,"Large Panel for Heavy Insulation, Cold Storage Panel"
MOLD-RECT-00432,Rectangular,Large Panel,"Refrigerator Panel, Medium Insulation",3000,1500,30,,,135.0,9270000,1,4,"Ecofoam Standard, Ecomate Spray EC",40,300.0,"Large Panel for Refrigerator Panel, Medium Insulation"
MOLD-RECT-00433,Rectangular,Large Panel,"Refrigerator Panel, Medium Insulation",3000,1500,50,,,225.0,9450000,1,4,"Ecofoam Standard, Ecomate Spray EC",40,480.0,"Large Panel for Refrigerator Panel, Medium Insulation"
MOLD-RECT-00434,Rectangular,Large Panel,"Sandwich Panel, Structural Insulation",3000,1500,70,,,315.0,9630000,1,4,"Ecofoam Standard, Ecomate Spray EC",40,660.0,"Large Panel for Sandwich Panel, Structural Insulation"
MOLD-RECT-00435,Rectangular,Large Panel,"Sandwich Panel, Structural Insulation",3000,1500,90,,,405.0,9810000,1,4,"Ecofoam Standard, Ecomate Spray EC",40,840.0,"Large Panel for Sandwich Panel, Structural Insulation"
MOLD-RECT-00436,Rectangular,Large Panel,"Heavy Insulation, Cold Storage Panel",3000,1500,110,,,495.0,9990000,1,4,"Ecofoam Standard, Ecomate Spray EC",40,1020.0,"Large Panel for Heavy Insulation, Cold Storage Panel"
MOLD-RECT-00437,Rectangular,Large Panel,"Heavy Insulation, Cold Storage Panel",3000,1500,130,,,585.0,10170000,1,4,"Ecofoam Standard, Ecomate Spray EC",40,1200.0,"Large Panel for Heavy Insulation, Cold Storage Panel"
MOLD-RECT-00438,Rectangular,Large Panel,"Heavy Insulation, Cold Storage Panel",3000,1500,150,,,675.0,10350000,1,4,"Ecofoam Standard, Ecomate Spray EC",40,1380.0,"Large Panel for Heavy Insulation, Cold Storage Panel"
MOLD-CYL-00439,Cylindrical,Small Cylinder,"Pipe Insulation, Small Tank",,,200,100,20,1.005,78540.0,1,1,Ecofoam XHD RC,40,48.0,"Small Cylinder for Pipe Insulation, Small Tank"
MOLD-CYL-00440,Cylindrical,Small Cylinder,"Pipe Insulation, Small Tank",,,200,100,30,1.319,78540.0,1,1,Ecofoam XHD RC,40,48.0,"Small Cylinder for Pipe Insulation, Small Tank"
MOLD-CYL-00441,Cylindrical,Small Cylinder,"Pipe Insulation, Small Tank",,,200,100,40,1.508,78540.0,1,1,Ecofoam XHD RC,40,49.0,"Small Cylinder for Pipe Insulation, Small Tank"
MOLD-CYL-00442,Cylindrical,Small Cylinder,"Pipe Insulation, Small Tank",,,200,100,50,1.571,78540.0,1,1,Ecofoam XHD RC,40,49.0,"Small Cylinder for Pipe Insulation, Small Tank"
MOLD-CYL-00443,Cylindrical,Small Cylinder,"Pipe Insulation, Small Tank",,,400,100,20,2.011,141372.0,1,1,Ecofoam XHD RC,40,50.0,"Small Cylinder for Pipe Insulation, Small Tank"
MOLD-CYL-00444,Cylindrical,Small Cylinder,"Pipe Insulation, Small Tank",,,400,100,30,2.639,141372.0,1,1,Ecofoam XHD RC,40,52.0,"Small Cylinder for Pipe Insulation, Small Tank"
MOLD-CYL-00445,Cylindrical,Small Cylinder,"Pipe Insulation, Small Tank",,,400,100,40,3.016,141372.0,1,1,Ecofoam XHD RC,40,53.0,"Small Cylinder for Pipe Insulation, Small Tank"
MOLD-CYL-00446,Cylindrical,Small Cylinder,"Pipe Insulation, Small Tank",,,400,100,50,3.142,141372.0,1,1,Ecofoam XHD RC,40,53.0,"Small Cylinder for Pipe Insulation, Small Tank"
MOLD-CYL-00447,Cylindrical,Small Cylinder,"Pipe Insulation, Small Tank",,,600,100,20,3.016,204204.0,1,1,Ecofoam XHD RC,40,53.0,"Small Cylinder for Pipe Insulation, Small Tank"
MOLD-CYL-00448,Cylindrical,Small Cylinder,"Pipe Insulation, Small Tank",,,600,100,30,3.958,204204.0,1,1,Ecofoam XHD RC,40,55.0,"Small Cylinder for Pipe Insulation, Small Tank"
MOLD-CYL-00449,Cylindrical,Small Cylinder,"Pipe Insulation, Small Tank",,,600,100,40,4.524,204204.0,1,1,Ecofoam XHD RC,40,56.0,"Small Cylinder for Pipe Insulation, Small Tank"
MOLD-CYL-00450,Cylindrical,Small Cylinder,"Pipe Insulation, Small Tank",,,600,100,50,4.712,204204.0,1,1,Ecofoam XHD RC,40,57.0,"Small Cylinder for Pipe Insulation, Small Tank"
MOLD-CYL-00451,Cylindrical,Small Cylinder,"Pipe Insulation, Small Tank",,,800,100,20,4.021,267035.0,1,1,Ecofoam XHD RC,40,55.0,"Small Cylinder for Pipe Insulation, Small Tank"
MOLD-CYL-00452,Cylindrical,Small Cylinder,"Pipe Insulation, Small Tank",,,800,100,30,5.278,267035.0,1,1,Ecofoam XHD RC,40,58.0,"Small Cylinder for Pipe Insulation, Small Tank"
MOLD-CYL-00453,Cylindrical,Small Cylinder,"Pipe Insulation, Small Tank",,,800,100,40,6.032,267035.0,1,1,Ecofoam XHD RC,40,60.0,"Small Cylinder for Pipe Insulation, Small Tank"
MOLD-CYL-00454,Cylindrical,Small Cylinder,"Pipe Insulation, Small Tank",,,800,100,50,6.283,267035.0,1,1,Ecofoam XHD RC,40,61.0,"Small Cylinder for Pipe Insulation, Small Tank"
MOLD-CYL-00455,Cylindrical,Small Cylinder,"Pipe Insulation, Small Tank",,,200,150,20,1.634,129591.0,1,1,Ecofoam XHD RC,40,49.0,"Small Cylinder for Pipe Insulation, Small Tank"
MOLD-CYL-00456,Cylindrical,Small Cylinder,"Pipe Insulation, Small Tank",,,200,150,30,2.262,129591.0,1,1,Ecofoam XHD RC,40,51.0,"Small Cylinder for Pipe Insulation, Small Tank"
MOLD-CYL-00457,Cylindrical,Small Cylinder,"Pipe Insulation, Small Tank",,,200,150,40,2.765,129591.0,1,1,Ecofoam XHD RC,40,52.0,"Small Cylinder for Pipe Insulation, Small Tank"
MOLD-CYL-00458,Cylindrical,Small Cylinder,"Pipe Insulation, Small Tank",,,200,150,50,3.142,129591.0,1,1,Ecofoam XHD RC,40,53.0,"Small Cylinder for Pipe Insulation, Small Tank"
MOLD-CYL-00459,Cylindrical,Small Cylinder,"Pipe Insulation, Small Tank",,,400,150,20,3.267,223838.0,1,1,Ecofoam XHD RC,40,53.0,"Small Cylinder for Pipe Insulation, Small Tank"
MOLD-CYL-00460,Cylindrical,Small Cylinder,"Pipe Insulation, Small Tank",,,400,150,30,4.524,223838.0,1,1,Ecofoam XHD RC,40,56.0,"Small Cylinder for Pipe Insulation, Small Tank"
MOLD-CYL-00461,Cylindrical,Small Cylinder,"Pipe Insulation, Small Tank",,,400,150,40,5.529,223838.0,1,1,Ecofoam XHD RC,40,59.0,"Small Cylinder for Pipe Insulation, Small Tank"
MOLD-CYL-00462,Cylindrical,Small Cylinder,"Pipe Insulation, Small Tank",,,400,150,50,6.283,223838.0,1,1,Ecofoam XHD RC,40,61.0,"Small Cylinder for Pipe Insulation, Small Tank"
MOLD-CYL-00463,Cylindrical,Small Cylinder,"Pipe Insulation, Small Tank",,,600,150,20,4.901,318086.0,1,1,Ecofoam XHD RC,40,57.0,"Small Cylinder for Pipe Insulation, Small Tank"
MOLD-CYL-00464,Cylindrical,Small Cylinder,"Pipe Insulation, Small Tank",,,600,150,30,6.786,318086.0,1,1,Ecofoam XHD RC,40,62.0,"Small Cylinder for Pipe Insulation, Small Tank"
MOLD-CYL-00465,Cylindrical,Small Cylinder,"Pipe Insulation, Small Tank",,,600,150,40,8.294,318086.0,1,1,Ecofoam XHD RC,40,66.0,"Small Cylinder for Pipe Insulation, Small Tank"
MOLD-CYL-00466,Cylindrical,Small Cylinder,"Pipe Insulation, Small Tank",,,600,150,50,9.425,318086.0,1,1,Ecofoam XHD RC,40,69.0,"Small Cylinder for Pipe Insulation, Small Tank"
MOLD-CYL-00467,Cylindrical,Small Cylinder,"Pipe Insulation, Small Tank",,,800,150,20,6.535,412334.0,1,1,Ecofoam XHD RC,40,61.0,"Small Cylinder for Pipe Insulation, Small Tank"
MOLD-CYL-00468,Cylindrical,Small Cylinder,"Pipe Insulation, Small Tank",,,800,150,30,9.048,412334.0,1,1,Ecofoam XHD RC,40,68.0,"Small Cylinder for Pipe Insulation, Small Tank"
MOLD-CYL-00469,Cylindrical,Small Cylinder,"Pipe Insulation, Small Tank",,,800,150,40,11.058,412334.0,1,1,Ecofoam XHD RC,40,73.0,"Small Cylinder for Pipe Insulation, Small Tank"
MOLD-CYL-00470,Cylindrical,Small Cylinder,"Pipe Insulation, Small Tank",,,800,150,50,12.566,412334.0,1,1,Ecofoam XHD RC,40,76.0,"Small Cylinder for Pipe Insulation, Small Tank"
MOLD-CYL-00471,Cylindrical,Small Cylinder,"Pipe Insulation, Small Tank",,,200,200,20,2.262,188496.0,1,1,Ecofoam XHD RC,40,51.0,"Small Cylinder for Pipe Insulation, Small Tank"
MOLD-CYL-00472,Cylindrical,Small Cylinder,"Pipe Insulation, Small Tank",,,200,200,30,3.204,188496.0,1,1,Ecofoam XHD RC,40,53.0,"Small Cylinder for Pipe Insulation, Small Tank"
MOLD-CYL-00473,Cylindrical,Small Cylinder,"Pipe Insulation, Small Tank",,,200,200,40,4.021,188496.0,1,1,Ecofoam XHD RC,40,55.0,"Small Cylinder for Pipe Insulation, Small Tank"
MOLD-CYL-00474,Cylindrical,Small Cylinder,"Pipe Insulation, Small Tank",,,200,200,50,4.712,188496.0,1,1,Ecofoam XHD RC,40,57.0,"Small Cylinder for Pipe Insulation, Small Tank"
MOLD-CYL-00475,Cylindrical,Small Cylinder,"Pipe Insulation, Small Tank",,,400,200,20,4.524,314159.0,1,1,Ecofoam XHD RC,40,56.0,"Small Cylinder for Pipe Insulation, Small Tank"
MOLD-CYL-00476,Cylindrical,Small Cylinder,"Pipe Insulation, Small Tank",,,400,200,30,6.409,314159.0,1,1,Ecofoam XHD RC,40,61.0,"Small Cylinder for Pipe Insulation, Small Tank"
MOLD-CYL-00477,Cylindrical,Small Cylinder,"Pipe Insulation, Small Tank",,,400,200,40,8.042,314159.0,1,1,Ecofoam XHD RC,40,65.0,"Small Cylinder for Pipe Insulation, Small Tank"
MOLD-CYL-00478,Cylindrical,Small Cylinder,"Pipe Insulation, Small Tank",,,400,200,50,9.425,314159.0,1,1,Ecofoam XHD RC,40,69.0,"Small Cylinder for Pipe Insulation, Small Tank"
MOLD-CYL-00479,Cylindrical,Small Cylinder,"Pipe Insulation, Small Tank",,,600,200,20,6.786,439823.0,1,1,Ecofoam XHD RC,40,62.0,"Small Cylinder for Pipe Insulation, Small Tank"
MOLD-CYL-00480,Cylindrical,Small Cylinder,"Pipe Insulation, Small Tank",,,600,200,30,9.613,439823.0,1,1,Ecofoam XHD RC,40,69.0,"Small Cylinder for Pipe Insulation, Small Tank"
MOLD-CYL-00481,Cylindrical,Small Cylinder,"Pipe Insulation, Small Tank",,,600,200,40,12.064,439823.0,1,1,Ecofoam XHD RC,40,75.0,"Small Cylinder for Pipe Insulation, Small Tank"
MOLD-CYL-00482,Cylindrical,Small Cylinder,"Pipe Insulation, Small Tank",,,600,200,50,14.137,439823.0,1,1,Ecofoam XHD RC,40,80.0,"Small Cylinder for Pipe Insulation, Small Tank"
MOLD-CYL-00483,Cylindrical,Small Cylinder,"Pipe Insulation, Small Tank",,,800,200,20,9.048,565487.0,1,1,Ecofoam XHD RC,40,68.0,"Small Cylinder for Pipe Insulation, Small Tank"
MOLD-CYL-00484,Cylindrical,Small Cylinder,"Pipe Insulation, Small Tank",,,800,200,30,12.818,565487.0,1,1,Ecofoam XHD RC,40,77.0,"Small Cylinder for Pipe Insulation, Small Tank"
MOLD-CYL-00485,Cylindrical,Small Cylinder,"Pipe Insulation, Small Tank",,,800,200,40,16.085,565487.0,1,1,Ecofoam XHD RC,40,85.0,"Small Cylinder for Pipe Insulation, Small Tank"
MOLD-CYL-00486,Cylindrical,Small Cylinder,"Pipe Insulation, Small Tank",,,800,200,50,18.85,565487.0,1,1,Ecofoam XHD RC,40,92.0,"Small Cylinder for Pipe Insulation, Small Tank"
MOLD-CYL-00487,Cylindrical,Small Cylinder,"Pipe Insulation, Small Tank",,,200,250,20,2.89,255254.0,1,1,Ecofoam XHD RC,40,52.0,"Small Cylinder for Pipe Insulation, Small Tank"
MOLD-CYL-00488,Cylindrical,Small Cylinder,"Pipe Insulation, Small Tank",,,200,250,30,4.147,255254.0,1,1,Ecofoam XHD RC,40,55.0,"Small Cylinder for Pipe Insulation, Small Tank"
MOLD-CYL-00489,Cylindrical,Small Cylinder,"Pipe Insulation, Small Tank",,,200,250,40,5.278,255254.0,1,1,Ecofoam XHD RC,40,58.0,"Small Cylinder for Pipe Insulation, Small Tank"
MOLD-CYL-00490,Cylindrical,Small Cylinder,"Pipe Insulation, Small Tank",,,200,250,50,6.283,255254.0,1,1,Ecofoam XHD RC,40,61.0,"Small Cylinder for Pipe Insulation, Small Tank"
MOLD-CYL-00491,Cylindrical,Small Cylinder,"Pipe Insulation, Small Tank",,,400,250,20,5.781,412334.0,1,1,Ecofoam XHD RC,40,59.0,"Small Cylinder for Pipe Insulation, Small Tank"
MOLD-CYL-00492,Cylindrical,Small Cylinder,"Pipe Insulation, Small Tank",,,400,250,30,8.294,412334.0,1,1,Ecofoam XHD RC,40,66.0,"Small Cylinder for Pipe Insulation, Small Tank"
MOLD-CYL-00493,Cylindrical,Small Cylinder,"Pipe Insulation, Small Tank",,,400,250,40,10.556,412334.0,1,1,Ecofoam XHD RC,40,71.0,"Small Cylinder for Pipe Insulation, Small Tank"
MOLD-CYL-00494,Cylindrical,Small Cylinder,"Pipe Insulation, Small Tank",,,400,250,50,12.566,412334.0,1,1,Ecofoam XHD RC,40,76.0,"Small Cylinder for Pipe Insulation, Small Tank"
MOLD-CYL-00495,Cylindrical,Small Cylinder,"Pipe Insulation, Small Tank",,,600,250,20,8.671,569414.0,1,1,Ecofoam XHD RC,40,67.0,"Small Cylinder for Pipe Insulation, Small Tank"
MOLD-CYL-00496,Cylindrical,Small Cylinder,"Pipe Insulation, Small Tank",,,600,250,30,12.441,569414.0,1,1,Ecofoam XHD RC,40,76.0,"Small Cylinder for Pipe Insulation, Small Tank"
MOLD-CYL-00497,Cylindrical,Small Cylinder,"Pipe Insulation, Small Tank",,,600,250,40,15.834,569414.0,1,1,Ecofoam XHD RC,40,85.0,"Small Cylinder for Pipe Insulation, Small Tank"
MOLD-CYL-00498,Cylindrical,Small Cylinder,"Pipe Insulation, Small Tank",,,600,250,50,18.85,569414.0,1,1,Ecofoam XHD RC,40,92.0,"Small Cylinder for Pipe Insulation, Small Tank"
MOLD-CYL-00499,Cylindrical,Small Cylinder,"Pipe Insulation, Small Tank",,,800,250,20,11.561,726493.0,1,1,Ecofoam XHD RC,40,74.0,"Small Cylinder for Pipe Insulation, Small Tank"
MOLD-CYL-00500,Cylindrical,Small Cylinder,"Pipe Insulation, Small Tank",,,800,250,30,16.588,726493.0,1,1,Ecofoam XHD RC,40,86.0,"Small Cylinder for Pipe Insulation, Small Tank"
MOLD-CYL-00501,Cylindrical,Small Cylinder,"Pipe Insulation, Small Tank",,,800,250,40,21.112,726493.0,1,2,Ecofoam XHD RC,40,98.0,"Small Cylinder for Pipe Insulation, Small Tank"
MOLD-CYL-00502,Cylindrical,Small Cylinder,"Pipe Insulation, Small Tank",,,800,250,50,25.133,726493.0,1,2,Ecofoam XHD RC,40,108.0,"Small Cylinder for Pipe Insulation, Small Tank"
MOLD-CYL-00503,Cylindrical,Small Cylinder,"Water Heater, Small Boiler",,,200,300,20,3.519,329867.0,1,1,Ecofoam XHD RC,40,54.0,"Small Cylinder for Water Heater, Small Boiler"
MOLD-CYL-00504,Cylindrical,Small Cylinder,"Water Heater, Small Boiler",,,200,300,30,5.089,329867.0,1,1,Ecofoam XHD RC,40,58.0,"Small Cylinder for Water Heater, Small Boiler"
MOLD-CYL-00505,Cylindrical,Small Cylinder,"Water Heater, Small Boiler",,,200,300,40,6.535,329867.0,1,1,Ecofoam XHD RC,40,61.0,"Small Cylinder for Water Heater, Small Boiler"
MOLD-CYL-00506,Cylindrical,Small Cylinder,"Water Heater, Small Boiler",,,200,300,50,7.854,329867.0,1,1,Ecofoam XHD RC,40,65.0,"Small Cylinder for Water Heater, Small Boiler"
MOLD-CYL-00507,Cylindrical,Small Cylinder,"Water Heater, Small Boiler",,,400,300,20,7.037,518363.0,1,1,Ecofoam XHD RC,40,63.0,"Small Cylinder for Water Heater, Small Boiler"
MOLD-CYL-00508,Cylindrical,Small Cylinder,"Water Heater, Small Boiler",,,400,300,30,10.179,518363.0,1,1,Ecofoam XHD RC,40,70.0,"Small Cylinder for Water Heater, Small Boiler"
MOLD-CYL-00509,Cylindrical,Small Cylinder,"Water Heater, Small Boiler",,,400,300,40,13.069,518363.0,1,1,Ecofoam XHD RC,40,78.0,"Small Cylinder for Water Heater, Small Boiler"
MOLD-CYL-00510,Cylindrical,Small Cylinder,"Water Heater, Small Boiler",,,400,300,50,15.708,518363.0,1,1,Ecofoam XHD RC,40,84.0,"Small Cylinder for Water Heater, Small Boiler"
MOLD-CYL-00511,Cylindrical,Small Cylinder,"Water Heater, Small Boiler",,,600,300,20,10.556,706858.0,1,1,Ecofoam XHD RC,40,71.0,"Small Cylinder for Water Heater, Small Boiler"
MOLD-CYL-00512,Cylindrical,Small Cylinder,"Water Heater, Small Boiler",,,600,300,30,15.268,706858.0,1,1,Ecofoam XHD RC,40,83.0,"Small Cylinder for Water Heater, Small Boiler"
MOLD-CYL-00513,Cylindrical,Small Cylinder,"Water Heater, Small Boiler",,,600,300,40,19.604,706858.0,1,1,Ecofoam XHD RC,40,94.0,"Small Cylinder for Water Heater, Small Boiler"
MOLD-CYL-00514,Cylindrical,Small Cylinder,"Water Heater, Small Boiler",,,600,300,50,23.562,706858.0,1,2,Ecofoam XHD RC,40,104.0,"Small Cylinder for Water Heater, Small Boiler"
MOLD-CYL-00515,Cylindrical,Small Cylinder,"Water Heater, Small Boiler",,,800,300,20,14.074,895354.0,1,1,Ecofoam XHD RC,40,80.0,"Small Cylinder for Water Heater, Small Boiler"
MOLD-CYL-00516,Cylindrical,Small Cylinder,"Water Heater, Small Boiler",,,800,300,30,20.358,895354.0,1,2,Ecofoam XHD RC,40,96.0,"Small Cylinder for Water Heater, Small Boiler"
MOLD-CYL-00517,Cylindrical,Small Cylinder,"Water Heater, Small Boiler",,,800,300,40,26.138,895354.0,1,2,Ecofoam XHD RC,40,110.0,"Small Cylinder for Water Heater, Small Boiler"
MOLD-CYL-00518,Cylindrical,Small Cylinder,"Water Heater, Small Boiler",,,800,300,50,31.416,895354.0,1,2,Ecofoam XHD RC,40,124.0,"Small Cylinder for Water Heater, Small Boiler"
MOLD-CYL-00519,Cylindrical,Small Cylinder,"Water Heater, Small Boiler",,,200,350,20,4.147,412334.0,1,1,Ecofoam XHD RC,40,55.0,"Small Cylinder for Water Heater, Small Boiler"
MOLD-CYL-00520,Cylindrical,Small Cylinder,"Water Heater, Small Boiler",,,200,350,30,6.032,412334.0,1,1,Ecofoam XHD RC,40,60.0,"Small Cylinder for Water Heater, Small Boiler"
MOLD-CYL-00521,Cylindrical,Small Cylinder,"Water Heater, Small Boiler",,,200,350,40,7.791,412334.0,1,1,Ecofoam XHD RC,40,64.0,"Small Cylinder for Water Heater, Small Boiler"
MOLD-CYL-00522,Cylindrical,Small Cylinder,"Water Heater, Small Boiler",,,200,350,50,9.425,412334.0,1,1,Ecofoam XHD RC,40,69.0,"Small Cylinder for Water Heater, Small Boiler"
MOLD-CYL-00523,Cylindrical,Small Cylinder,"Water Heater, Small Boiler",,,400,350,20,8.294,632246.0,1,1,Ecofoam XHD RC,40,66.0,"Small Cylinder for Water Heater, Small Boiler"
MOLD-CYL-00524,Cylindrical,Small Cylinder,"Water Heater, Small Boiler",,,400,350,30,12.064,632246.0,1,1,Ecofoam XHD RC,40,75.0,"Small Cylinder for Water Heater, Small Boiler"
MOLD-CYL-00525,Cylindrical,Small Cylinder,"Water Heater, Small Boiler",,,400,350,40,15.582,632246.0,1,1,Ecofoam XHD RC,40,84.0,"Small Cylinder for Water Heater, Small Boiler"
MOLD-CYL-00526,Cylindrical,Small Cylinder,"Water Heater, Small Boiler",,,400,350,50,18.85,632246.0,1,1,Ecofoam XHD RC,40,92.0,"Small Cylinder for Water Heater, Small Boiler"
MOLD-CYL-00527,Cylindrical,Small Cylinder,"Water Heater, Small Boiler",,,600,350,20,12.441,852157.0,1,1,Ecofoam XHD RC,40,76.0,"Small Cylinder for Water Heater, Small Boiler"
MOLD-CYL-00528,Cylindrical,Small Cylinder,"Water Heater, Small Boiler",,,600,350,30,18.096,852157.0,1,1,Ecofoam XHD RC,40,90.0,"Small Cylinder for Water Heater, Small Boiler"
MOLD-CYL-00529,Cylindrical,Small Cylinder,"Water Heater, Small Boiler",,,600,350,40,23.373,852157.0,1,2,Ecofoam XHD RC,40,103.0,"Small Cylinder for Water Heater, Small Boiler"
MOLD-CYL-00530,Cylindrical,Small Cylinder,"Water Heater, Small Boiler",,,600,350,50,28.274,852157.0,1,2,Ecofoam XHD RC,40,116.0,"Small Cylinder for Water Heater, Small Boiler"
MOLD-CYL-00531,Cylindrical,Small Cylinder,"Water Heater, Small Boiler",,,800,350,20,16.588,1072068.0,1,1,Ecofoam XHD RC,40,86.0,"Small Cylinder for Water Heater, Small Boiler"
MOLD-CYL-00532,Cylindrical,Small Cylinder,"Water Heater, Small Boiler",,,800,350,30,24.127,1072068.0,1,2,Ecofoam XHD RC,40,105.0,"Small Cylinder for Water Heater, Small Boiler"
MOLD-CYL-00533,Cylindrical,Small Cylinder,"Water Heater, Small Boiler",,,800,350,40,31.165,1072068.0,1,2,Ecofoam XHD RC,40,123.0,"Small Cylinder for Water Heater, Small Boiler"
MOLD-CYL-00534,Cylindrical,Small Cylinder,"Water Heater, Small Boiler",,,800,350,50,37.699,1072068.0,1,2,Ecofoam XHD RC,40,139.0,"Small Cylinder for Water Heater, Small Boiler"
MOLD-CYL-00535,Cylindrical,Small Cylinder,"Water Heater, Small Boiler",,,200,400,20,4.775,502655.0,1,1,Ecofoam XHD RC,40,57.0,"Small Cylinder for Water Heater, Small Boiler"
MOLD-CYL-00536,Cylindrical,Small Cylinder,"Water Heater, Small Boiler",,,200,400,30,6.974,502655.0,1,1,Ecofoam XHD RC,40,62.0,"Small Cylinder for Water Heater, Small Boiler"
MOLD-CYL-00537,Cylindrical,Small Cylinder,"Water Heater, Small Boiler",,,200,400,40,9.048,502655.0,1,1,Ecofoam XHD RC,40,68.0,"Small Cylinder for Water Heater, Small Boiler"
MOLD-CYL-00538,Cylindrical,Small Cylinder,"Water Heater, Small Boiler",,,200,400,50,10.996,502655.0,1,1,Ecofoam XHD RC,40,72.0,"Small Cylinder for Water Heater, Small Boiler"
MOLD-CYL-00539,Cylindrical,Small Cylinder,"Water Heater, Small Boiler",,,400,400,20,9.55,753982.0,1,1,Ecofoam XHD RC,40,69.0,"Small Cylinder for Water Heater, Small Boiler"
MOLD-CYL-00540,Cylindrical,Small Cylinder,"Water Heater, Small Boiler",,,400,400,30,13.949,753982.0,1,1,Ecofoam XHD RC,40,80.0,"Small Cylinder for Water Heater, Small Boiler"
MOLD-CYL-00541,Cylindrical,Small Cylinder,"Water Heater, Small Boiler",,,400,400,40,18.096,753982.0,1,1,Ecofoam XHD RC,40,90.0,"Small Cylinder for Water Heater, Small Boiler"
MOLD-CYL-00542,Cylindrical,Small Cylinder,"Water Heater, Small Boiler",,,400,400,50,21.991,753982.0,1,2,Ecofoam XHD RC,40,100.0,"Small Cylinder for Water Heater, Small Boiler"
MOLD-CYL-00543,Cylindrical,Small Cylinder,"Water Heater, Small Boiler",,,600,400,20,14.326,1005310.0,1,1,Ecofoam XHD RC,40,81.0,"Small Cylinder for Water Heater, Small Boiler"
MOLD-CYL-00544,Cylindrical,Small Cylinder,"Water Heater, Small Boiler",,,600,400,30,20.923,1005310.0,1,2,Ecofoam XHD RC,40,97.0,"Small Cylinder for Water Heater, Small Boiler"
MOLD-CYL-00545,Cylindrical,Small Cylinder,"Water Heater, Small Boiler",,,600,400,40,27.143,1005310.0,1,2,Ecofoam XHD RC,40,113.0,"Small Cylinder for Water Heater, Small Boiler"
MOLD-CYL-00546,Cylindrical,Small Cylinder,"Water Heater, Small Boiler",,,600,400,50,32.987,1005310.0,1,2,Ecofoam XHD RC,40,127.0,"Small Cylinder for Water Heater, Small Boiler"
MOLD-CYL-00547,Cylindrical,Small Cylinder,"Water Heater, Small Boiler",,,800,400,20,19.101,1256637.0,1,1,Ecofoam XHD RC,40,93.0,"Small Cylinder for Water Heater, Small Boiler"
MOLD-CYL-00548,Cylindrical,Small Cylinder,"Water Heater, Small Boiler",,,800,400,30,27.897,1256637.0,1,2,Ecofoam XHD RC,40,115.0,"Small Cylinder for Water Heater, Small Boiler"
MOLD-CYL-00549,Cylindrical,Small Cylinder,"Water Heater, Small Boiler",,,800,400,40,36.191,1256637.0,1,2,Ecofoam XHD RC,40,135.0,"Small Cylinder for Water Heater, Small Boiler"
MOLD-CYL-00550,Cylindrical,Small Cylinder,"Water Heater, Small Boiler",,,800,400,50,43.982,1256637.0,1,2,Ecofoam XHD RC,40,155.0,"Small Cylinder for Water Heater, Small Boiler"
MOLD-CYL-00551,Cylindrical,Medium Cylinder,"Water Heater, Small Boiler",,,800,400,30,27.897,1256637.0,1,2,Ecofoam XHD RC,40,115.0,"Medium Cylinder for Water Heater, Small Boiler"
MOLD-CYL-00552,Cylindrical,Medium Cylinder,"Water Heater, Small Boiler",,,800,400,40,36.191,1256637.0,1,2,Ecofoam XHD RC,40,135.0,"Medium Cylinder for Water Heater, Small Boiler"
MOLD-CYL-00553,Cylindrical,Medium Cylinder,"Water Heater, Small Boiler",,,800,400,50,43.982,1256637.0,1,2,Ecofoam XHD RC,40,155.0,"Medium Cylinder for Water Heater, Small Boiler"
MOLD-CYL-00554,Cylindrical,Medium Cylinder,"Water Heater, Small Boiler",,,800,400,60,51.271,1256637.0,1,2,Ecofoam XHD RC,40,173.0,"Medium Cylinder for Water Heater, Small Boiler"
MOLD-CYL-00555,Cylindrical,Medium Cylinder,"Water Heater, Small Boiler",,,800,400,80,64.34,1256637.0,1,2,Ecofoam XHD RC,40,206.0,"Medium Cylinder for Water Heater, Small Boiler"
MOLD-CYL-00556,Cylindrical,Medium Cylinder,"Water Heater, Small Boiler",,,1200,400,30,41.846,1759292.0,1,2,Ecofoam XHD RC,40,150.0,"Medium Cylinder for Water Heater, Small Boiler"
MOLD-CYL-00557,Cylindrical,Medium Cylinder,"Water Heater, Small Boiler",,,1200,400,40,54.287,1759292.0,1,2,Ecofoam XHD RC,40,181.0,"Medium Cylinder for Water Heater, Small Boiler"
MOLD-CYL-00558,Cylindrical,Medium Cylinder,"Water Heater, Small Boiler",,,1200,400,50,65.973,1759292.0,1,2,Ecofoam XHD RC,40,210.0,"Medium Cylinder for Water Heater, Small Boiler"
MOLD-CYL-00559,Cylindrical,Medium Cylinder,"Water Heater, Small Boiler",,,1200,400,60,76.906,1759292.0,1,2,Ecofoam XHD RC,40,237.0,"Medium Cylinder for Water Heater, Small Boiler"
MOLD-CYL-00560,Cylindrical,Medium Cylinder,"Water Heater, Small Boiler",,,1200,400,80,96.51,1759292.0,1,2,Ecofoam XHD RC,40,286.0,"Medium Cylinder for Water Heater, Small Boiler"
MOLD-CYL-00561,Cylindrical,Medium Cylinder,"Water Heater, Small Boiler",,,1600,400,30,55.795,2261947.0,1,2,Ecofoam XHD RC,40,184.0,"Medium Cylinder for Water Heater, Small Boiler"
MOLD-CYL-00562,Cylindrical,Medium Cylinder,"Water Heater, Small Boiler",,,1600,400,40,72.382,2261947.0,1,2,Ecofoam XHD RC,40,226.0,"Medium Cylinder for Water Heater, Small Boiler"
MOLD-CYL-00563,Cylindrical,Medium Cylinder,"Water Heater, Small Boiler",,,1600,400,50,87.965,2261947.0,1,2,Ecofoam XHD RC,40,265.0,"Medium Cylinder for Water Heater, Small Boiler"
MOLD-CYL-00564,Cylindrical,Medium Cylinder,"Water Heater, Small Boiler",,,1600,400,60,102.542,2261947.0,1,4,Ecofoam XHD RC,40,301.0,"Medium Cylinder for Water Heater, Small Boiler"
MOLD-CYL-00565,Cylindrical,Medium Cylinder,"Water Heater, Small Boiler",,,1600,400,80,128.68,2261947.0,1,4,Ecofoam XHD RC,40,367.0,"Medium Cylinder for Water Heater, Small Boiler"
MOLD-CYL-00566,Cylindrical,Medium Cylinder,"Water Heater, Small Boiler",,,800,500,30,35.437,1649336.0,1,2,Ecofoam XHD RC,40,134.0,"Medium Cylinder for Water Heater, Small Boiler"
MOLD-CYL-00567,Cylindrical,Medium Cylinder,"Water Heater, Small Boiler",,,800,500,40,46.244,1649336.0,1,2,Ecofoam XHD RC,40,161.0,"Medium Cylinder for Water Heater, Small Boiler"
MOLD-CYL-00568,Cylindrical,Medium Cylinder,"Water Heater, Small Boiler",,,800,500,50,56.549,1649336.0,1,2,Ecofoam XHD RC,40,186.0,"Medium Cylinder for Water Heater, Small Boiler"
MOLD-CYL-00569,Cylindrical,Medium Cylinder,"Water Heater, Small Boiler",,,800,500,60,66.35,1649336.0,1,2,Ecofoam XHD RC,40,211.0,"Medium Cylinder for Water Heater, Small Boiler"
MOLD-CYL-00570,Cylindrical,Medium Cylinder,"Water Heater, Small Boiler",,,800,500,80,84.446,1649336.0,1,2,Ecofoam XHD RC,40,256.0,"Medium Cylinder for Water Heater, Small Boiler"
MOLD-CYL-00571,Cylindrical,Medium Cylinder,"Water Heater, Small Boiler",,,1200,500,30,53.156,2277655.0,1,2,Ecofoam XHD RC,40,178.0,"Medium Cylinder for Water Heater, Small Boiler"
MOLD-CYL-00572,Cylindrical,Medium Cylinder,"Water Heater, Small Boiler",,,1200,500,40,69.366,2277655.0,1,2,Ecofoam XHD RC,40,218.0,"Medium Cylinder for Water Heater, Small Boiler"
MOLD-CYL-00573,Cylindrical,Medium Cylinder,"Water Heater, Small Boiler",,,1200,500,50,84.823,2277655.0,1,2,Ecofoam XHD RC,40,257.0,"Medium Cylinder for Water Heater, Small Boiler"
MOLD-CYL-00574,Cylindrical,Medium Cylinder,"Water Heater, Small Boiler",,,1200,500,60,99.526,2277655.0,1,2,Ecofoam XHD RC,40,294.0,"Medium Cylinder for Water Heater, Small Boiler"
MOLD-CYL-00575,Cylindrical,Medium Cylinder,"Water Heater, Small Boiler",,,1200,500,80,126.669,2277655.0,1,4,Ecofoam XHD RC,40,362.0,"Medium Cylinder for Water Heater, Small Boiler"
MOLD-CYL-00576,Cylindrical,Medium Cylinder,"Water Heater, Small Boiler",,,1600,500,30,70.874,2905973.0,1,2,Ecofoam XHD RC,40,222.0,"Medium Cylinder for Water Heater, Small Boiler"
MOLD-CYL-00577,Cylindrical,Medium Cylinder,"Water Heater, Small Boiler",,,1600,500,40,92.488,2905973.0,1,2,Ecofoam XHD RC,40,276.0,"Medium Cylinder for Water Heater, Small Boiler"
MOLD-CYL-00578,Cylindrical,Medium Cylinder,"Water Heater, Small Boiler",,,1600,500,50,113.097,2905973.0,1,4,Ecofoam XHD RC,40,328.0,"Medium Cylinder for Water Heater, Small Boiler"
MOLD-CYL-00579,Cylindrical,Medium Cylinder,"Water Heater, Small Boiler",,,1600,500,60,132.701,2905973.0,1,4,Ecofoam XHD RC,40,377.0,"Medium Cylinder for Water Heater, Small Boiler"
MOLD-CYL-00580,Cylindrical,Medium Cylinder,"Water Heater, Small Boiler",,,1600,500,80,168.892,2905973.0,1,4,Ecofoam XHD RC,40,467.0,"Medium Cylinder for Water Heater, Small Boiler"
MOLD-CYL-00581,Cylindrical,Medium Cylinder,"Large Boiler, Storage Tank",,,800,600,30,42.977,2073451.0,1,2,Ecofoam XHD RC,40,152.0,"Medium Cylinder for Large Boiler, Storage Tank"
MOLD-CYL-00582,Cylindrical,Medium Cylinder,"Large Boiler, Storage Tank",,,800,600,40,56.297,2073451.0,1,2,Ecofoam XHD RC,40,186.0,"Medium Cylinder for Large Boiler, Storage Tank"
MOLD-CYL-00583,Cylindrical,Medium Cylinder,"Large Boiler, Storage Tank",,,800,600,50,69.115,2073451.0,1,2,Ecofoam XHD RC,40,218.0,"Medium Cylinder for Large Boiler, Storage Tank"
MOLD-CYL-00584,Cylindrical,Medium Cylinder,"Large Boiler, Storage Tank",,,800,600,60,81.43,2073451.0,1,2,Ecofoam XHD RC,40,249.0,"Medium Cylinder for Large Boiler, Storage Tank"
MOLD-CYL-00585,Cylindrical,Medium Cylinder,"Large Boiler, Storage Tank",,,800,600,80,104.552,2073451.0,1,4,Ecofoam XHD RC,40,306.0,"Medium Cylinder for Large Boiler, Storage Tank"
MOLD-CYL-00586,Cylindrical,Medium Cylinder,"Large Boiler, Storage Tank",,,1200,600,30,64.465,2827433.0,1,2,Ecofoam XHD RC,40,206.0,"Medium Cylinder for Large Boiler, Storage Tank"
MOLD-CYL-00587,Cylindrical,Medium Cylinder,"Large Boiler, Storage Tank",,,1200,600,40,84.446,2827433.0,1,2,Ecofoam XHD RC,40,256.0,"Medium Cylinder for Large Boiler, Storage Tank"
MOLD-CYL-00588,Cylindrical,Medium Cylinder,"Large Boiler, Storage Tank",,,1200,600,50,103.673,2827433.0,1,4,Ecofoam XHD RC,40,304.0,"Medium Cylinder for Large Boiler, Storage Tank"
MOLD-CYL-00589,Cylindrical,Medium Cylinder,"Large Boiler, Storage Tank",,,1200,600,60,122.145,2827433.0,1,4,Ecofoam XHD RC,40,350.0,"Medium Cylinder for Large Boiler, Storage Tank"
MOLD-CYL-00590,Cylindrical,Medium Cylinder,"Large Boiler, Storage Tank",,,1200,600,80,156.828,2827433.0,1,4,Ecofoam XHD RC,40,437.0,"Medium Cylinder for Large Boiler, Storage Tank"
MOLD-CYL-00591,Cylindrical,Medium Cylinder,"Large Boiler, Storage Tank",,,1600,600,30,85.954,3581416.0,1,2,Ecofoam XHD RC,40,260.0,"Medium Cylinder for Large Boiler, Storage Tank"
MOLD-CYL-00592,Cylindrical,Medium Cylinder,"Large Boiler, Storage Tank",,,1600,600,40,112.595,3581416.0,1,4,Ecofoam XHD RC,40,326.0,"Medium Cylinder for Large Boiler, Storage Tank"
MOLD-CYL-00593,Cylindrical,Medium Cylinder,"Large Boiler, Storage Tank",,,1600,600,50,138.23,3581416.0,1,4,Ecofoam XHD RC,40,391.0,"Medium Cylinder for Large Boiler, Storage Tank"
MOLD-CYL-00594,Cylindrical,Medium Cylinder,"Large Boiler, Storage Tank",,,1600,600,60,162.86,3581416.0,1,4,Ecofoam XHD RC,40,452.0,"Medium Cylinder for Large Boiler, Storage Tank"
MOLD-CYL-00595,Cylindrical,Medium Cylinder,"Large Boiler, Storage Tank",,,1600,600,80,209.104,3581416.0,1,4,Ecofoam XHD RC,40,568.0,"Medium Cylinder for Large Boiler, Storage Tank"
MOLD-CYL-00596,Cylindrical,Medium Cylinder,"Large Boiler, Storage Tank",,,800,700,30,50.517,2528982.0,1,2,Ecofoam XHD RC,40,171.0,"Medium Cylinder for Large Boiler, Storage Tank"
MOLD-CYL-00597,Cylindrical,Medium Cylinder,"Large Boiler, Storage Tank",,,800,700,40,66.35,2528982.0,1,2,Ecofoam XHD RC,40,211.0,"Medium Cylinder for Large Boiler, Storage Tank"
MOLD-CYL-00598,Cylindrical,Medium Cylinder,"Large Boiler, Storage Tank",,,800,700,50,81.681,2528982.0,1,2,Ecofoam XHD RC,40,249.0,"Medium Cylinder for Large Boiler, Storage Tank"
MOLD-CYL-00599,Cylindrical,Medium Cylinder,"Large Boiler, Storage Tank",,,800,700,60,96.51,2528982.0,1,2,Ecofoam XHD RC,40,286.0,"Medium Cylinder for Large Boiler, Storage Tank"
MOLD-CYL-00600,Cylindrical,Medium Cylinder,"Large Boiler, Storage Tank",,,800,700,80,124.658,2528982.0,1,4,Ecofoam XHD RC,40,357.0,"Medium Cylinder for Large Boiler, Storage Tank"
MOLD-CYL-00601,Cylindrical,Medium Cylinder,"Large Boiler, Storage Tank",,,1200,700,30,75.775,3408628.0,1,2,Ecofoam XHD RC,40,234.0,"Medium Cylinder for Large Boiler, Storage Tank"
MOLD-CYL-00602,Cylindrical,Medium Cylinder,"Large Boiler, Storage Tank",,,1200,700,40,99.526,3408628.0,1,2,Ecofoam XHD RC,40,294.0,"Medium Cylinder for Large Boiler, Storage Tank"
MOLD-CYL-00603,Cylindrical,Medium Cylinder,"Large Boiler, Storage Tank",,,1200,700,50,122.522,3408628.0,1,4,Ecofoam XHD RC,40,351.0,"Medium Cylinder for Large Boiler, Storage Tank"
MOLD-CYL-00604,Cylindrical,Medium Cylinder,"Large Boiler, Storage Tank",,,1200,700,60,144.765,3408628.0,1,4,Ecofoam XHD RC,40,407.0,"Medium Cylinder for Large Boiler, Storage Tank"
MOLD-CYL-00605,Cylindrical,Medium Cylinder,"Large Boiler, Storage Tank",,,1200,700,80,186.988,3408628.0,1,4,Ecofoam XHD RC,40,512.0,"Medium Cylinder for Large Boiler, Storage Tank"
MOLD-CYL-00606,Cylindrical,Medium Cylinder,"Large Boiler, Storage Tank",,,1600,700,30,101.034,4288274.0,1,4,Ecofoam XHD RC,40,298.0,"Medium Cylinder for Large Boiler, Storage Tank"
MOLD-CYL-00607,Cylindrical,Medium Cylinder,"Large Boiler, Storage Tank",,,1600,700,40,132.701,4288274.0,1,4,Ecofoam XHD RC,40,377.0,"Medium Cylinder for Large Boiler, Storage Tank"
MOLD-CYL-00608,Cylindrical,Medium Cylinder,"Large Boiler, Storage Tank",,,1600,700,50,163.363,4288274.0,1,4,Ecofoam XHD RC,40,453.0,"Medium Cylinder for Large Boiler, Storage Tank"
MOLD-CYL-00609,Cylindrical,Medium Cylinder,"Large Boiler, Storage Tank",,,1600,700,60,193.019,4288274.0,1,4,Ecofoam XHD RC,40,528.0,"Medium Cylinder for Large Boiler, Storage Tank"
MOLD-CYL-00610,Cylindrical,Medium Cylinder,"Large Boiler, Storage Tank",,,1600,700,80,249.317,4288274.0,1,4,Ecofoam XHD RC,40,668.0,"Medium Cylinder for Large Boiler, Storage Tank"
MOLD-CYL-00611,Cylindrical,Medium Cylinder,"Large Boiler, Storage Tank",,,800,800,30,58.057,3015929.0,1,2,Ecofoam XHD RC,40,190.0,"Medium Cylinder for Large Boiler, Storage Tank"
MOLD-CYL-00612,Cylindrical,Medium Cylinder,"Large Boiler, Storage Tank",,,800,800,40,76.404,3015929.0,1,2,Ecofoam XHD RC,40,236.0,"Medium Cylinder for Large Boiler, Storage Tank"
MOLD-CYL-00613,Cylindrical,Medium Cylinder,"Large Boiler, Storage Tank",,,800,800,50,94.248,3015929.0,1,2,Ecofoam XHD RC,40,281.0,"Medium Cylinder for Large Boiler, Storage Tank"
MOLD-CYL-00614,Cylindrical,Medium Cylinder,"Large Boiler, Storage Tank",,,800,800,60,111.589,3015929.0,1,4,Ecofoam XHD RC,40,324.0,"Medium Cylinder for Large Boiler, Storage Tank"
MOLD-CYL-00615,Cylindrical,Medium Cylinder,"Large Boiler, Storage Tank",,,800,800,80,144.765,3015929.0,1,4,Ecofoam XHD RC,40,407.0,"Medium Cylinder for Large Boiler, Storage Tank"
MOLD-CYL-00616,Cylindrical,Medium Cylinder,"Large Boiler, Storage Tank",,,1200,800,30,87.085,4021239.0,1,2,Ecofoam XHD RC,40,263.0,"Medium Cylinder for Large Boiler, Storage Tank"
MOLD-CYL-00617,Cylindrical,Medium Cylinder,"Large Boiler, Storage Tank",,,1200,800,40,114.605,4021239.0,1,4,Ecofoam XHD RC,40,332.0,"Medium Cylinder for Large Boiler, Storage Tank"
MOLD-CYL-00618,Cylindrical,Medium Cylinder,"Large Boiler, Storage Tank",,,1200,800,50,141.372,4021239.0,1,4,Ecofoam XHD RC,40,398.0,"Medium Cylinder for Large Boiler, Storage Tank"
MOLD-CYL-00619,Cylindrical,Medium Cylinder,"Large Boiler, Storage Tank",,,1200,800,60,167.384,4021239.0,1,4,Ecofoam XHD RC,40,463.0,"Medium Cylinder for Large Boiler, Storage Tank"
MOLD-CYL-00620,Cylindrical,Medium Cylinder,"Large Boiler, Storage Tank",,,1200,800,80,217.147,4021239.0,1,4,Ecofoam XHD RC,40,588.0,"Medium Cylinder for Large Boiler, Storage Tank"
MOLD-CYL-00621,Cylindrical,Medium Cylinder,"Large Boiler, Storage Tank",,,1600,800,30,116.113,5026548.0,1,4,Ecofoam XHD RC,40,335.0,"Medium Cylinder for Large Boiler, Storage Tank"
MOLD-CYL-00622,Cylindrical,Medium Cylinder,"Large Boiler, Storage Tank",,,1600,800,40,152.807,5026548.0,1,4,Ecofoam XHD RC,40,427.0,"Medium Cylinder for Large Boiler, Storage Tank"
MOLD-CYL-00623,Cylindrical,Medium Cylinder,"Large Boiler, Storage Tank",,,1600,800,50,188.496,5026548.0,1,4,Ecofoam XHD RC,40,516.0,"Medium Cylinder for Large Boiler, Storage Tank"
MOLD-CYL-00624,Cylindrical,Medium Cylinder,"Large Boiler, Storage Tank",,,1600,800,60,223.179,5026548.0,1,4,Ecofoam XHD RC,40,603.0,"Medium Cylinder for Large Boiler, Storage Tank"
MOLD-CYL-00625,Cylindrical,Medium Cylinder,"Large Boiler, Storage Tank",,,1600,800,80,289.529,5026548.0,1,4,Ecofoam XHD RC,40,769.0,"Medium Cylinder for Large Boiler, Storage Tank"
MOLD-CYL-00626,Cylindrical,Large Cylinder,"Large Boiler, Storage Tank",,,1000,800,40,95.504,3518584.0,1,2,Ecofoam XHD RC,40,284.0,"Large Cylinder for Large Boiler, Storage Tank"
MOLD-CYL-00627,Cylindrical,Large Cylinder,"Large Boiler, Storage Tank",,,1000,800,60,139.487,3518584.0,1,4,Ecofoam XHD RC,40,394.0,"Large Cylinder for Large Boiler, Storage Tank"
MOLD-CYL-00628,Cylindrical,Large Cylinder,"Large Boiler, Storage Tank",,,1000,800,80,180.956,3518584.0,1,4,Ecofoam XHD RC,40,497.0,"Large Cylinder for Large Boiler, Storage Tank"
MOLD-CYL-00629,Cylindrical,Large Cylinder,"Large Boiler, Storage Tank",,,1000,800,100,219.911,3518584.0,1,4,Ecofoam XHD RC,40,595.0,"Large Cylinder for Large Boiler, Storage Tank"
MOLD-CYL-00630,Cylindrical,Large Cylinder,"Large Boiler, Storage Tank",,,2000,800,40,191.009,6031858.0,1,4,Ecofoam XHD RC,40,523.0,"Large Cylinder for Large Boiler, Storage Tank"
MOLD-CYL-00631,Cylindrical,Large Cylinder,"Large Boiler, Storage Tank",,,2000,800,60,278.973,6031858.0,1,4,Ecofoam XHD RC,40,742.0,"Large Cylinder for Large Boiler, Storage Tank"
MOLD-CYL-00632,Cylindrical,Large Cylinder,"Large Boiler, Storage Tank",,,2000,800,80,361.911,6031858.0,1,4,Ecofoam XHD RC,40,950.0,"Large Cylinder for Large Boiler, Storage Tank"
MOLD-CYL-00633,Cylindrical,Large Cylinder,"Large Boiler, Storage Tank",,,2000,800,100,439.823,6031858.0,1,4,Ecofoam XHD RC,40,1145.0,"Large Cylinder for Large Boiler, Storage Tank"
MOLD-CYL-00634,Cylindrical,Large Cylinder,"Industrial Tank, Large Storage",,,1000,1000,40,120.637,4712389.0,1,4,Ecofoam XHD RC,40,347.0,"Large Cylinder for Industrial Tank, Large Storage"
MOLD-CYL-00635,Cylindrical,Large Cylinder,"Industrial Tank, Large Storage",,,1000,1000,60,177.186,4712389.0,1,4,Ecofoam XHD RC,40,488.0,"Large Cylinder for Industrial Tank, Large Storage"
MOLD-CYL-00636,Cylindrical,Large Cylinder,"Industrial Tank, Large Storage",,,1000,1000,80,231.221,4712389.0,1,4,Ecofoam XHD RC,40,623.0,"Large Cylinder for Industrial Tank, Large Storage"
MOLD-CYL-00637,Cylindrical,Large Cylinder,"Industrial Tank, Large Storage",,,1000,1000,100,282.743,4712389.0,1,4,Ecofoam XHD RC,40,752.0,"Large Cylinder for Industrial Tank, Large Storage"
MOLD-CYL-00638,Cylindrical,Large Cylinder,"Industrial Tank, Large Storage",,,2000,1000,40,241.274,7853982.0,1,4,Ecofoam XHD RC,40,648.0,"Large Cylinder for Industrial Tank, Large Storage"
MOLD-CYL-00639,Cylindrical,Large Cylinder,"Industrial Tank, Large Storage",,,2000,1000,60,354.372,7853982.0,1,4,Ecofoam XHD RC,40,931.0,"Large Cylinder for Industrial Tank, Large Storage"
MOLD-CYL-00640,Cylindrical,Large Cylinder,"Industrial Tank, Large Storage",,,2000,1000,80,462.442,7853982.0,1,4,Ecofoam XHD RC,40,1201.0,"Large Cylinder for Industrial Tank, Large Storage"
MOLD-CYL-00641,Cylindrical,Large Cylinder,"Industrial Tank, Large Storage",,,2000,1000,100,565.487,7853982.0,1,4,Ecofoam XHD RC,40,1459.0,"Large Cylinder for Industrial Tank, Large Storage"
MOLD-CYL-00642,Cylindrical,Large Cylinder,"Industrial Tank, Large Storage",,,1000,1200,40,145.77,6031858.0,1,4,Ecofoam XHD RC,40,409.0,"Large Cylinder for Industrial Tank, Large Storage"
MOLD-CYL-00643,Cylindrical,Large Cylinder,"Industrial Tank, Large Storage",,,1000,1200,60,214.885,6031858.0,1,4,Ecofoam XHD RC,40,582.0,"Large Cylinder for Industrial Tank, Large Storage"
MOLD-CYL-00644,Cylindrical,Large Cylinder,"Industrial Tank, Large Storage",,,1000,1200,80,281.487,6031858.0,1,4,Ecofoam XHD RC,40,749.0,"Large Cylinder for Industrial Tank, Large Storage"
MOLD-CYL-00645,Cylindrical,Large Cylinder,"Industrial Tank, Large Storage",,,1000,1200,100,345.575,6031858.0,1,4,Ecofoam XHD RC,40,909.0,"Large Cylinder for Industrial Tank, Large Storage"
MOLD-CYL-00646,Cylindrical,Large Cylinder,"Industrial Tank, Large Storage",,,2000,1200,40,291.54,9801769.0,1,4,Ecofoam XHD RC,40,774.0,"Large Cylinder for Industrial Tank, Large Storage"
MOLD-CYL-00647,Cylindrical,Large Cylinder,"Industrial Tank, Large Storage",,,2000,1200,60,429.77,9801769.0,1,4,Ecofoam XHD RC,40,1119.0,"Large Cylinder for Industrial Tank, Large Storage"
MOLD-CYL-00648,Cylindrical,Large Cylinder,"Industrial Tank, Large Storage",,,2000,1200,80,562.973,9801769.0,1,4,Ecofoam XHD RC,40,1452.0,"Large Cylinder for Industrial Tank, Large Storage"
MOLD-CYL-00649,Cylindrical,Large Cylinder,"Industrial Tank, Large Storage",,,2000,1200,100,691.15,9801769.0,1,4,Ecofoam XHD RC,40,1773.0,"Large Cylinder for Industrial Tank, Large Storage"
MOLD-CYL-00650,Cylindrical,Large Cylinder,"Industrial Tank, Large Storage",,,1000,1400,40,170.903,7476991.0,1,4,Ecofoam XHD RC,40,472.0,"Large Cylinder for Industrial Tank, Large Storage"
MOLD-CYL-00651,Cylindrical,Large Cylinder,"Industrial Tank, Large Storage",,,1000,1400,60,252.584,7476991.0,1,4,Ecofoam XHD RC,40,676.0,"Large Cylinder for Industrial Tank, Large Storage"
MOLD-CYL-00652,Cylindrical,Large Cylinder,"Industrial Tank, Large Storage",,,1000,1400,80,331.752,7476991.0,1,4,Ecofoam XHD RC,40,874.0,"Large Cylinder for Industrial Tank, Large Storage"
MOLD-CYL-00653,Cylindrical,Large Cylinder,"Industrial Tank, Large Storage",,,1000,1400,100,408.407,7476991.0,1,4,Ecofoam XHD RC,40,1066.0,"Large Cylinder for Industrial Tank, Large Storage"
MOLD-CYL-00654,Cylindrical,Large Cylinder,"Industrial Tank, Large Storage",,,2000,1400,40,341.805,11875220.0,1,4,Ecofoam XHD RC,40,900.0,"Large Cylinder for Industrial Tank, Large Storage"
MOLD-CYL-00655,Cylindrical,Large Cylinder,"Industrial Tank, Large Storage",,,2000,1400,60,505.168,11875220.0,1,4,Ecofoam XHD RC,40,1308.0,"Large Cylinder for Industrial Tank, Large Storage"
MOLD-CYL-00656,Cylindrical,Large Cylinder,"Industrial Tank, Large Storage",,,2000,1400,80,663.504,11875220.0,1,4,Ecofoam XHD RC,40,1704.0,"Large Cylinder for Industrial Tank, Large Storage"
MOLD-CYL-00657,Cylindrical,Large Cylinder,"Industrial Tank, Large Storage",,,2000,1400,100,816.814,11875220.0,1,4,Ecofoam XHD RC,40,2087.0,"Large Cylinder for Industrial Tank, Large Storage"
MOLD-SPH-00658,Spherical,Small Sphere,"Small Pressure Vessel, Buoy",,,,200,20,2.044,125664.0,1,2,Ecofoam XHD RC,45,66.0,"Small Sphere for Small Pressure Vessel, Buoy"
MOLD-SPH-00659,Spherical,Small Sphere,"Small Pressure Vessel, Buoy",,,,200,30,2.752,125664.0,1,2,Ecofoam XHD RC,45,68.0,"Small Sphere for Small Pressure Vessel, Buoy"
MOLD-SPH-00660,Spherical,Small Sphere,"Small Pressure Vessel, Buoy",,,,200,40,3.284,125664.0,1,2,Ecofoam XHD RC,45,70.0,"Small Sphere for Small Pressure Vessel, Buoy"
MOLD-SPH-00661,Spherical,Small Sphere,"Small Pressure Vessel, Buoy",,,,200,50,3.665,125664.0,1,2,Ecofoam XHD RC,45,71.0,"Small Sphere for Small Pressure Vessel, Buoy"
MOLD-SPH-00662,Spherical,Small Sphere,"Small Pressure Vessel, Buoy",,,,250,20,3.332,196350.0,1,2,Ecofoam XHD RC,45,70.0,"Small Sphere for Small Pressure Vessel, Buoy"
MOLD-SPH-00663,Spherical,Small Sphere,"Small Pressure Vessel, Buoy",,,,250,30,4.59,196350.0,1,2,Ecofoam XHD RC,45,74.0,"Small Sphere for Small Pressure Vessel, Buoy"
MOLD-SPH-00664,Spherical,Small Sphere,"Small Pressure Vessel, Buoy",,,,250,40,5.609,196350.0,1,2,Ecofoam XHD RC,45,77.0,"Small Sphere for Small Pressure Vessel, Buoy"
MOLD-SPH-00665,Spherical,Small Sphere,"Small Pressure Vessel, Buoy",,,,250,50,6.414,196350.0,1,2,Ecofoam XHD RC,45,79.0,"Small Sphere for Small Pressure Vessel, Buoy"
MOLD-SPH-00666,Spherical,Small Sphere,"Small Pressure Vessel, Buoy",,,,300,20,4.934,282743.0,1,2,Ecofoam XHD RC,45,75.0,"Small Sphere for Small Pressure Vessel, Buoy"
MOLD-SPH-00667,Spherical,Small Sphere,"Small Pressure Vessel, Buoy",,,,300,30,6.899,282743.0,1,2,Ecofoam XHD RC,45,81.0,"Small Sphere for Small Pressure Vessel, Buoy"
MOLD-SPH-00668,Spherical,Small Sphere,"Small Pressure Vessel, Buoy",,,,300,40,8.562,282743.0,1,2,Ecofoam XHD RC,45,86.0,"Small Sphere for Small Pressure Vessel, Buoy"
MOLD-SPH-00669,Spherical,Small Sphere,"Small Pressure Vessel, Buoy",,,,300,50,9.948,282743.0,1,2,Ecofoam XHD RC,45,90.0,"Small Sphere for Small Pressure Vessel, Buoy"
MOLD-SPH-00670,Spherical,Small Sphere,"Small Pressure Vessel, Buoy",,,,350,20,6.851,384845.0,1,2,Ecofoam XHD RC,45,81.0,"Small Sphere for Small Pressure Vessel, Buoy"
MOLD-SPH-00671,Spherical,Small Sphere,"Small Pressure Vessel, Buoy",,,,350,30,9.679,384845.0,1,2,Ecofoam XHD RC,45,89.0,"Small Sphere for Small Pressure Vessel, Buoy"
MOLD-SPH-00672,Spherical,Small Sphere,"Small Pressure Vessel, Buoy",,,,350,40,12.143,384845.0,1,2,Ecofoam XHD RC,45,96.0,"Small Sphere for Small Pressure Vessel, Buoy"
MOLD-SPH-00673,Spherical,Small Sphere,"Small Pressure Vessel, Buoy",,,,350,50,14.268,384845.0,1,2,Ecofoam XHD RC,45,103.0,"Small Sphere for Small Pressure Vessel, Buoy"
MOLD-SPH-00674,Spherical,Small Sphere,"Medium Tank, Pressure Vessel",,,,400,20,9.081,502655.0,1,2,Ecofoam XHD RC,45,87.0,"Small Sphere for Medium Tank, Pressure Vessel"
MOLD-SPH-00675,Spherical,Small Sphere,"Medium Tank, Pressure Vessel",,,,400,30,12.931,502655.0,1,2,Ecofoam XHD RC,45,99.0,"Small Sphere for Medium Tank, Pressure Vessel"
MOLD-SPH-00676,Spherical,Small Sphere,"Medium Tank, Pressure Vessel",,,,400,40,16.353,502655.0,1,2,Ecofoam XHD RC,45,109.0,"Small Sphere for Medium Tank, Pressure Vessel"
MOLD-SPH-00677,Spherical,Small Sphere,"Medium Tank, Pressure Vessel",,,,400,50,19.373,502655.0,1,2,Ecofoam XHD RC,45,118.0,"Small Sphere for Medium Tank, Pressure Vessel"
MOLD-SPH-00678,Spherical,Small Sphere,"Medium Tank, Pressure Vessel",,,,450,20,11.626,636173.0,1,2,Ecofoam XHD RC,45,95.0,"Small Sphere for Medium Tank, Pressure Vessel"
MOLD-SPH-00679,Spherical,Small Sphere,"Medium Tank, Pressure Vessel",,,,450,30,16.654,636173.0,1,2,Ecofoam XHD RC,45,110.0,"Small Sphere for Medium Tank, Pressure Vessel"
MOLD-SPH-00680,Spherical,Small Sphere,"Medium Tank, Pressure Vessel",,,,450,40,21.191,636173.0,1,2,Ecofoam XHD RC,45,124.0,"Small Sphere for Medium Tank, Pressure Vessel"
MOLD-SPH-00681,Spherical,Small Sphere,"Medium Tank, Pressure Vessel",,,,450,50,25.264,636173.0,1,2,Ecofoam XHD RC,45,136.0,"Small Sphere for Medium Tank, Pressure Vessel"
MOLD-SPH-00682,Spherical,Small Sphere,"Medium Tank, Pressure Vessel",,,,500,20,14.485,785398.0,1,2,Ecofoam XHD RC,45,103.0,"Small Sphere for Medium Tank, Pressure Vessel"
MOLD-SPH-00683,Spherical,Small Sphere,"Medium Tank, Pressure Vessel",,,,500,30,20.848,785398.0,1,2,Ecofoam XHD RC,45,123.0,"Small Sphere for Medium Tank, Pressure Vessel"
MOLD-SPH-00684,Spherical,Small Sphere,"Medium Tank, Pressure Vessel",,,,500,40,26.657,785398.0,1,2,Ecofoam XHD RC,45,140.0,"Small Sphere for Medium Tank, Pressure Vessel"
MOLD-SPH-00685,Spherical,Small Sphere,"Medium Tank, Pressure Vessel",,,,500,50,31.94,785398.0,1,2,Ecofoam XHD RC,45,156.0,"Small Sphere for Medium Tank, Pressure Vessel"
MOLD-SPH-00686,Spherical,Medium Sphere,"Medium Tank, Pressure Vessel",,,,500,30,20.848,785398.0,1,2,Ecofoam XHD RC,45,123.0,"Medium Sphere for Medium Tank, Pressure Vessel"
MOLD-SPH-00687,Spherical,Medium Sphere,"Medium Tank, Pressure Vessel",,,,500,40,26.657,785398.0,1,2,Ecofoam XHD RC,45,140.0,"Medium Sphere for Medium Tank, Pressure Vessel"
MOLD-SPH-00688,Spherical,Medium Sphere,"Medium Tank, Pressure Vessel",,,,500,50,31.94,785398.0,1,2,Ecofoam XHD RC,45,156.0,"Medium Sphere for Medium Tank, Pressure Vessel"
MOLD-SPH-00689,Spherical,Medium Sphere,"Medium Tank, Pressure Vessel",,,,500,60,36.719,785398.0,1,2,Ecofoam XHD RC,45,170.0,"Medium Sphere for Medium Tank, Pressure Vessel"
MOLD-SPH-00690,Spherical,Medium Sphere,"Medium Tank, Pressure Vessel",,,,500,80,44.87,785398.0,1,2,Ecofoam XHD RC,45,195.0,"Medium Sphere for Medium Tank, Pressure Vessel"
MOLD-SPH-00691,Spherical,Medium Sphere,"Medium Tank, Pressure Vessel",,,,600,30,30.649,1130973.0,1,2,Ecofoam XHD RC,45,152.0,"Medium Sphere for Medium Tank, Pressure Vessel"
MOLD-SPH-00692,Spherical,Medium Sphere,"Medium Tank, Pressure Vessel",,,,600,40,39.475,1130973.0,1,2,Ecofoam XHD RC,45,178.0,"Medium Sphere for Medium Tank, Pressure Vessel"
MOLD-SPH-00693,Spherical,Medium Sphere,"Medium Tank, Pressure Vessel",,,,600,50,47.647,1130973.0,1,2,Ecofoam XHD RC,45,203.0,"Medium Sphere for Medium Tank, Pressure Vessel"
MOLD-SPH-00694,Spherical,Medium Sphere,"Medium Tank, Pressure Vessel",,,,600,60,55.191,1130973.0,1,4,Ecofoam XHD RC,45,226.0,"Medium Sphere for Medium Tank, Pressure Vessel"
MOLD-SPH-00695,Spherical,Medium Sphere,"Medium Tank, Pressure Vessel",,,,600,80,68.495,1130973.0,1,4,Ecofoam XHD RC,45,265.0,"Medium Sphere for Medium Tank, Pressure Vessel"
MOLD-SPH-00696,Spherical,Medium Sphere,"Medium Tank, Pressure Vessel",,,,700,30,42.336,1539380.0,1,2,Ecofoam XHD RC,45,187.0,"Medium Sphere for Medium Tank, Pressure Vessel"
MOLD-SPH-00697,Spherical,Medium Sphere,"Medium Tank, Pressure Vessel",,,,700,40,54.806,1539380.0,1,4,Ecofoam XHD RC,45,224.0,"Medium Sphere for Medium Tank, Pressure Vessel"
MOLD-SPH-00698,Spherical,Medium Sphere,"Medium Tank, Pressure Vessel",,,,700,50,66.497,1539380.0,1,4,Ecofoam XHD RC,45,259.0,"Medium Sphere for Medium Tank, Pressure Vessel"
MOLD-SPH-00699,Spherical,Medium Sphere,"Medium Tank, Pressure Vessel",,,,700,60,77.434,1539380.0,1,4,Ecofoam XHD RC,45,292.0,"Medium Sphere for Medium Tank, Pressure Vessel"
MOLD-SPH-00700,Spherical,Medium Sphere,"Medium Tank, Pressure Vessel",,,,700,80,97.146,1539380.0,1,4,Ecofoam XHD RC,45,351.0,"Medium Sphere for Medium Tank, Pressure Vessel"
MOLD-SPH-00701,Spherical,Medium Sphere,"Large Storage Tank, Industrial Vessel",,,,800,30,55.908,2010619.0,1,4,Ecofoam XHD RC,45,228.0,"Medium Sphere for Large Storage Tank, Industrial Vessel"
MOLD-SPH-00702,Spherical,Medium Sphere,"Large Storage Tank, Industrial Vessel",,,,800,40,72.65,2010619.0,1,4,Ecofoam XHD RC,45,278.0,"Medium Sphere for Large Storage Tank, Industrial Vessel"
MOLD-SPH-00703,Spherical,Medium Sphere,"Large Storage Tank, Industrial Vessel",,,,800,50,88.488,2010619.0,1,4,Ecofoam XHD RC,45,325.0,"Medium Sphere for Large Storage Tank, Industrial Vessel"
MOLD-SPH-00704,Spherical,Medium Sphere,"Large Storage Tank, Industrial Vessel",,,,800,60,103.446,2010619.0,1,4,Ecofoam XHD RC,45,370.0,"Medium Sphere for Large Storage Tank, Industrial Vessel"
MOLD-SPH-00705,Spherical,Medium Sphere,"Large Storage Tank, Industrial Vessel",,,,800,80,130.824,2010619.0,1,4,Ecofoam XHD RC,45,452.0,"Medium Sphere for Large Storage Tank, Industrial Vessel"
MOLD-SPH-00706,Spherical,Medium Sphere,"Large Storage Tank, Industrial Vessel",,,,900,30,71.364,2544690.0,1,4,Ecofoam XHD RC,45,274.0,"Medium Sphere for Large Storage Tank, Industrial Vessel"
MOLD-SPH-00707,Spherical,Medium Sphere,"Large Storage Tank, Industrial Vessel",,,,900,40,93.008,2544690.0,1,4,Ecofoam XHD RC,45,339.0,"Medium Sphere for Large Storage Tank, Industrial Vessel"
MOLD-SPH-00708,Spherical,Medium Sphere,"Large Storage Tank, Industrial Vessel",,,,900,50,113.621,2544690.0,1,4,Ecofoam XHD RC,45,401.0,"Medium Sphere for Large Storage Tank, Industrial Vessel"
MOLD-SPH-00709,Spherical,Medium Sphere,"Large Storage Tank, Industrial Vessel",,,,900,60,133.229,2544690.0,1,4,Ecofoam XHD RC,45,460.0,"Medium Sphere for Large Storage Tank, Industrial Vessel"
MOLD-SPH-00710,Spherical,Medium Sphere,"Large Storage Tank, Industrial Vessel",,,,900,80,169.529,2544690.0,1,4,Ecofoam XHD RC,45,569.0,"Medium Sphere for Large Storage Tank, Industrial Vessel"
MOLD-SPH-00711,Spherical,Medium Sphere,"Large Storage Tank, Industrial Vessel",,,,1000,30,88.706,3141593.0,1,4,Ecofoam XHD RC,45,326.0,"Medium Sphere for Large Storage Tank, Industrial Vessel"
MOLD-SPH-00712,Spherical,Medium Sphere,"Large Storage Tank, Industrial Vessel",,,,1000,40,115.879,3141593.0,1,4,Ecofoam XHD RC,45,408.0,"Medium Sphere for Large Storage Tank, Industrial Vessel"
MOLD-SPH-00713,Spherical,Medium Sphere,"Large Storage Tank, Industrial Vessel",,,,1000,50,141.895,3141593.0,1,4,Ecofoam XHD RC,45,486.0,"Medium Sphere for Large Storage Tank, Industrial Vessel"
MOLD-SPH-00714,Spherical,Medium Sphere,"Large Storage Tank, Industrial Vessel",,,,1000,60,166.781,3141593.0,1,4,Ecofoam XHD RC,45,560.0,"Medium Sphere for Large Storage Tank, Industrial Vessel"
MOLD-SPH-00715,Spherical,Medium Sphere,"Large Storage Tank, Industrial Vessel",,,,1000,80,213.26,3141593.0,1,6,Ecofoam XHD RC,45,700.0,"Medium Sphere for Large Storage Tank, Industrial Vessel"
MOLD-SPH-00716,Spherical,Large Sphere,"Large Storage Tank, Industrial Vessel",,,,1000,40,115.879,3141593.0,1,4,Ecofoam XHD RC,45,408.0,"Large Sphere for Large Storage Tank, Industrial Vessel"
MOLD-SPH-00717,Spherical,Large Sphere,"Large Storage Tank, Industrial Vessel",,,,1000,60,166.781,3141593.0,1,4,Ecofoam XHD RC,45,560.0,"Large Sphere for Large Storage Tank, Industrial Vessel"
MOLD-SPH-00718,Spherical,Large Sphere,"Large Storage Tank, Industrial Vessel",,,,1000,80,213.26,3141593.0,1,6,Ecofoam XHD RC,45,700.0,"Large Sphere for Large Storage Tank, Industrial Vessel"
MOLD-SPH-00719,Spherical,Large Sphere,"Large Storage Tank, Industrial Vessel",,,,1000,100,255.516,3141593.0,1,6,Ecofoam XHD RC,45,827.0,"Large Sphere for Large Storage Tank, Industrial Vessel"
MOLD-SPH-00720,Spherical,Large Sphere,"Large Storage Tank, Industrial Vessel",,,,1200,40,169.16,4523893.0,1,4,Ecofoam XHD RC,45,567.0,"Large Sphere for Large Storage Tank, Industrial Vessel"
MOLD-SPH-00721,Spherical,Large Sphere,"Large Storage Tank, Industrial Vessel",,,,1200,60,245.195,4523893.0,1,6,Ecofoam XHD RC,45,796.0,"Large Sphere for Large Storage Tank, Industrial Vessel"
MOLD-SPH-00722,Spherical,Large Sphere,"Large Storage Tank, Industrial Vessel",,,,1200,80,315.801,4523893.0,1,6,Ecofoam XHD RC,45,1007.0,"Large Sphere for Large Storage Tank, Industrial Vessel"
MOLD-SPH-00723,Spherical,Large Sphere,"Large Storage Tank, Industrial Vessel",,,,1200,100,381.18,4523893.0,1,6,Ecofoam XHD RC,45,1204.0,"Large Sphere for Large Storage Tank, Industrial Vessel"
MOLD-SPH-00724,Spherical,Large Sphere,"Large Storage Tank, Industrial Vessel",,,,1400,40,232.495,6157522.0,1,6,Ecofoam XHD RC,45,757.0,"Large Sphere for Large Storage Tank, Industrial Vessel"
MOLD-SPH-00725,Spherical,Large Sphere,"Large Storage Tank, Industrial Vessel",,,,1400,60,338.689,6157522.0,1,6,Ecofoam XHD RC,45,1076.0,"Large Sphere for Large Storage Tank, Industrial Vessel"
MOLD-SPH-00726,Spherical,Large Sphere,"Large Storage Tank, Industrial Vessel",,,,1400,80,438.449,6157522.0,1,6,Ecofoam XHD RC,45,1375.0,"Large Sphere for Large Storage Tank, Industrial Vessel"
MOLD-SPH-00727,Spherical,Large Sphere,"Large Storage Tank, Industrial Vessel",,,,1400,100,531.976,6157522.0,1,6,Ecofoam XHD RC,45,1656.0,"Large Sphere for Large Storage Tank, Industrial Vessel"
MOLD-SPH-00728,Spherical,Large Sphere,"Large Storage Tank, Industrial Vessel",,,,1600,40,305.882,8042477.0,1,6,Ecofoam XHD RC,45,978.0,"Large Sphere for Large Storage Tank, Industrial Vessel"
MOLD-SPH-00729,Spherical,Large Sphere,"Large Storage Tank, Industrial Vessel",,,,1600,60,447.262,8042477.0,1,6,Ecofoam XHD RC,45,1402.0,"Large Sphere for Large Storage Tank, Industrial Vessel"
MOLD-SPH-00730,Spherical,Large Sphere,"Large Storage Tank, Industrial Vessel",,,,1600,80,581.203,8042477.0,1,6,Ecofoam XHD RC,45,1804.0,"Large Sphere for Large Storage Tank, Industrial Vessel"
MOLD-SPH-00731,Spherical,Large Sphere,"Large Storage Tank, Industrial Vessel",,,,1600,100,707.906,8042477.0,1,6,Ecofoam XHD RC,45,2184.0,"Large Sphere for Large Storage Tank, Industrial Vessel"
MOLD-SPH-00732,Spherical,Large Sphere,"Large Storage Tank, Industrial Vessel",,,,1800,40,389.323,10178760.0,1,6,Ecofoam XHD RC,45,1228.0,"Large Sphere for Large Storage Tank, Industrial Vessel"
MOLD-SPH-00733,Spherical,Large Sphere,"Large Storage Tank, Industrial Vessel",,,,1800,60,570.915,10178760.0,1,6,Ecofoam XHD RC,45,1773.0,"Large Sphere for Large Storage Tank, Industrial Vessel"
MOLD-SPH-00734,Spherical,Large Sphere,"Large Storage Tank, Industrial Vessel",,,,1800,80,744.063,10178760.0,1,6,Ecofoam XHD RC,45,2292.0,"Large Sphere for Large Storage Tank, Industrial Vessel"
MOLD-SPH-00735,Spherical,Large Sphere,"Large Storage Tank, Industrial Vessel",,,,1800,100,908.967,10178760.0,1,6,Ecofoam XHD RC,45,2787.0,"Large Sphere for Large Storage Tank, Industrial Vessel"
MOLD-SPH-00736,Spherical,Large Sphere,"Large Storage Tank, Industrial Vessel",,,,2000,40,482.817,12566371.0,1,6,Ecofoam XHD RC,45,1508.0,"Large Sphere for Large Storage Tank, Industrial Vessel"
MOLD-SPH-00737,Spherical,Large Sphere,"Large Storage Tank, Industrial Vessel",,,,2000,60,709.648,12566371.0,1,6,Ecofoam XHD RC,45,2189.0,"Large Sphere for Large Storage Tank, Industrial Vessel"
MOLD-SPH-00738,Spherical,Large Sphere,"Large Storage Tank, Industrial Vessel",,,,2000,80,927.03,12566371.0,1,6,Ecofoam XHD RC,45,2841.0,"Large Sphere for Large Storage Tank, Industrial Vessel"
MOLD-SPH-00739,Spherical,Large Sphere,"Large Storage Tank, Industrial Vessel",,,,2000,100,1135.162,12566371.0,1,6,Ecofoam XHD RC,45,3465.0,"Large Sphere for Large Storage Tank, Industrial Vessel"
